{
  "symbol": "AAA",
  "data_source": "VCI",
  "data_period": "year",
  "last_updated": "2025-11-17T15:26:44.004813",
  "name": "Công ty Cổ phần Nhựa An Phát Xanh",
  "exchange": "HSX",
  "sector": "Hóa chất",
  "shares_outstanding": 393742730.0,
  "charter_capital": 3937427300000.0,
  "revenue": 12787713250229.0,
  "revenue_ttm": 12787713250229.0,
  "net_income": 319781840731.0,
  "net_income_ttm": 319781840731.0,
  "total_assets": 13768215584455.0,
  "total_equity": 6236273953200.0,
  "total_liabilities": 7531941631255.0,
  "total_debt": 7531941631255.0,
  "current_assets": 6426369244563.0,
  "current_liabilities": 4132594319010.0,
  "cash": 2419517905105.0,
  "accounts_receivable": 1801012289922.0,
  "fixed_assets": 3037270806863.0,
  "ppe": 3037270806863.0,
  "depreciation": 400443116222.0,
  "roe": 6.90355966,
  "roa": 2.90774244,
  "roic": 3.81948774,
  "net_profit_margin": 2.883538223869907,
  "net_margin": 2.883538223869907,
  "gross_profit_margin": 11.610692664921856,
  "gross_margin": 11.610692664921856,
  "ebit_margin": 3.0271927301182635,
  "pe_ratio": 9.0689797883,
  "pb_ratio": 0.5661925763,
  "ps_ratio": 0.2362630297,
  "ev_ebitda": 5.7086707286,
  "ebitda": 787385870513.0,
  "dividend_per_share": 0.0,
  "eps": 964.1775947590288,
  "eps_ttm": 964.1775947590288,
  "earnings_per_share": 964.1775947590288,
  "bvps": 13952.849845319,
  "book_value_per_share": 13952.849845319,
  "market_cap": 3019968518400.0,
  "debt_to_equity": 1.2077631111,
  "current_ratio": 1.5550447851,
  "quick_ratio": 1.0212786132,
  "cash_ratio": 0.5854719138,
  "interest_coverage": -2.4255875081504477,
  "asset_turnover": 1.0083939285,
  "inventory_turnover": 10.9079831098,
  "fixed_asset_turnover": 5.0620170634,
  "current_price": 8050.0,
  "working_capital": 2293774925553.0
}