{
  "symbol": "AAM",
  "data_source": "VCI",
  "data_period": "year",
  "last_updated": "2025-11-17T15:26:53.817447",
  "name": "Công ty Cổ Phần Thủy Sản MeKong",
  "exchange": "HSX",
  "sector": "Thực phẩm và đồ uống",
  "shares_outstanding": 12346411.0,
  "charter_capital": 123464110000.0,
  "revenue": 153483344374.0,
  "revenue_ttm": 153483344374.0,
  "net_income": -6295683732.0,
  "net_income_ttm": -6295683732.0,
  "total_assets": 202353239327.0,
  "total_equity": 196340095186.0,
  "total_liabilities": 6013144141.0,
  "total_debt": 6013144141.0,
  "current_assets": 165582776376.0,
  "current_liabilities": 4931214445.0,
  "cash": 62696698955.0,
  "accounts_receivable": 9037864729.0,
  "fixed_assets": 21723875683.0,
  "ppe": 21723875683.0,
  "depreciation": 1942401752.0,
  "roe": -3.15592202,
  "roa": -3.0325258,
  "roic": -3.31906491,
  "net_profit_margin": -4.101867702764552,
  "net_margin": -4.101867702764552,
  "gross_profit_margin": 2.8404805047618735,
  "gross_margin": 2.8404805047618735,
  "ebit_margin": -4.245838676228323,
  "pe_ratio": -13.5315304146,
  "pb_ratio": 0.4338911816,
  "ps_ratio": 0.5550454758,
  "ev_ebitda": -4.9174225293,
  "ebitda": -4574253445.0,
  "dividend_per_share": 0.0,
  "eps": -509.9201486164684,
  "eps_ttm": -509.9201486164684,
  "earnings_per_share": -509.9201486164684,
  "bvps": 15902.6048287231,
  "book_value_per_share": 15902.6048287231,
  "market_cap": 85190235900.0,
  "debt_to_equity": 0.0306261649,
  "current_ratio": 33.578498405,
  "quick_ratio": 14.547046048,
  "cash_ratio": 12.7142592508,
  "interest_coverage": 0.0,
  "asset_turnover": 0.7393036596,
  "inventory_turnover": 1.3790377762,
  "fixed_asset_turnover": 6.7659891213,
  "current_price": 6900.0,
  "working_capital": 160651561931.0
}