{
  "symbol": "AAT",
  "data_source": "VCI",
  "data_period": "year",
  "last_updated": "2025-11-17T15:28:13.818772",
  "name": "Công ty Cổ phần Tập đoàn Tiên Sơn Thanh Hóa",
  "exchange": "HSX",
  "sector": "Hàng cá nhân & Gia dụng",
  "shares_outstanding": 70819103.0,
  "charter_capital": 708191030000.0,
  "revenue": 583009927395.0,
  "revenue_ttm": 583009927395.0,
  "net_income": -8311081313.0,
  "net_income_ttm": -8311081313.0,
  "total_assets": 1334267673045.0,
  "total_equity": 725391981586.0,
  "total_liabilities": 608875691459.0,
  "total_debt": 608875691459.0,
  "current_assets": 338201142715.0,
  "current_liabilities": 200201307045.0,
  "cash": 11510430120.0,
  "accounts_receivable": 278576713658.0,
  "fixed_assets": 78822927681.0,
  "ppe": 78822927681.0,
  "depreciation": 57882333736.0,
  "roe": -1.1848854500000001,
  "roa": -0.71162438,
  "roic": 0.64736908,
  "net_profit_margin": -1.431529961469328,
  "net_margin": -1.431529961469328,
  "gross_profit_margin": 9.052370819964295,
  "gross_margin": 9.052370819964295,
  "ebit_margin": 1.2138835579733036,
  "pe_ratio": -29.5293082656,
  "pb_ratio": 0.3515116028,
  "ps_ratio": 0.4227208952,
  "ev_ebitda": 9.2788979194,
  "ebitda": 64959395386.0,
  "dividend_per_share": 0.0,
  "eps": -117.84901863272682,
  "eps_ttm": -117.84901863272682,
  "earnings_per_share": -117.84901863272682,
  "bvps": 9900.0999463803,
  "book_value_per_share": 9900.0999463803,
  "market_cap": 246450478440.0,
  "debt_to_equity": 0.83937472,
  "current_ratio": 1.6893053682,
  "quick_ratio": 1.4489772722,
  "cash_ratio": 0.0574942806,
  "interest_coverage": -0.342400196235976,
  "asset_turnover": 0.4971075682,
  "inventory_turnover": 22.5361657003,
  "fixed_asset_turnover": 5.4230566632,
  "current_price": 3480.0,
  "working_capital": 137999835670.0
}