{
  "symbol": "AAV",
  "data_source": "VCI",
  "data_period": "year",
  "last_updated": "2025-11-17T13:12:32.084696",
  "name": "Công ty Cổ phần AAV Group",
  "exchange": "HNX",
  "sector": "Bất động sản",
  "shares_outstanding": 68987661.0,
  "charter_capital": 689876610000.0,
  "revenue": 38485998242.0,
  "revenue_ttm": 38485998242.0,
  "net_income": -15755563834.0,
  "net_income_ttm": -15755563834.0,
  "total_assets": 933947489471.0,
  "total_equity": 766217641706.0,
  "total_liabilities": 167729847765.0,
  "total_debt": 167729847765.0,
  "current_assets": 569300354576.0,
  "current_liabilities": 114556400205.0,
  "cash": 7794104640.0,
  "accounts_receivable": 410234573288.0,
  "fixed_assets": 26260792346.0,
  "ppe": 26260792346.0,
  "depreciation": 10732399651.0,
  "roe": -2.1319421000000003,
  "roa": -1.6932674,
  "roic": -1.9583416,
  "net_profit_margin": -40.74227371836297,
  "net_margin": -40.74227371836297,
  "gross_profit_margin": -0.2401302921100934,
  "gross_margin": -0.2401302921100934,
  "ebit_margin": -44.09919458832781,
  "pe_ratio": -29.0380426177,
  "pb_ratio": 0.6257445115,
  "ps_ratio": 11.8307588058,
  "ev_ebitda": -87.8193934121,
  "ebitda": -6239615603.0,
  "dividend_per_share": 0.0,
  "eps": -227.28804716252085,
  "eps_ttm": -227.28804716252085,
  "earnings_per_share": -227.28804716252085,
  "bvps": 10547.4357012046,
  "book_value_per_share": 10547.4357012046,
  "market_cap": 455318562600.0,
  "debt_to_equity": 0.2189062724,
  "current_ratio": 4.9696075781,
  "quick_ratio": 3.649108013,
  "cash_ratio": 0.0680372692,
  "interest_coverage": 54.33195696554334,
  "asset_turnover": 0.0415604541,
  "inventory_turnover": 5.2786611286,
  "fixed_asset_turnover": 1.6816006953,
  "current_price": 6500.0,
  "working_capital": 454743954371.0
}