{
  "symbol": "ABR",
  "data_source": "VCI",
  "data_period": "year",
  "last_updated": "2025-11-17T15:28:22.058512",
  "name": "Công ty Cổ phần Đầu tư Nhãn Hiệu Việt",
  "exchange": "HSX",
  "sector": "Hàng & Dịch vụ Công nghiệp",
  "shares_outstanding": 20000000.0,
  "charter_capital": 200000000000.0,
  "revenue": 24896355359.0,
  "revenue_ttm": 24896355359.0,
  "net_income": 19737903181.0,
  "net_income_ttm": 19737903181.0,
  "total_assets": 354781425043.0,
  "total_equity": 295876219437.0,
  "total_liabilities": 58905205606.0,
  "total_debt": 58905205606.0,
  "current_assets": 196917439315.0,
  "current_liabilities": 46888600505.0,
  "cash": 46274090598.0,
  "accounts_receivable": 39273843916.0,
  "fixed_assets": 35630872.0,
  "ppe": 35630872.0,
  "depreciation": 6904472481.0,
  "roe": 6.45014196,
  "roa": 5.34277789,
  "roic": 3.65842231,
  "net_profit_margin": 79.28029181935972,
  "net_margin": 79.28029181935972,
  "gross_profit_margin": 86.21533483309885,
  "gross_margin": 86.21533483309885,
  "ebit_margin": 43.47785632440772,
  "pe_ratio": 13.9832482442,
  "pb_ratio": 0.9328225179,
  "ps_ratio": 11.0859600138,
  "ev_ebitda": 12.9577269365,
  "ebitda": 17728874094.0,
  "dividend_per_share": 0.0,
  "eps": 986.89515905,
  "eps_ttm": 986.89515905,
  "earnings_per_share": 986.89515905,
  "bvps": 14793.81097185,
  "book_value_per_share": 14793.81097185,
  "market_cap": 276000000000.0,
  "debt_to_equity": 0.1990873268,
  "current_ratio": 4.1996868577,
  "quick_ratio": 1.824493237,
  "cash_ratio": 0.9868942579,
  "interest_coverage": 0.0,
  "asset_turnover": 0.0673909968,
  "inventory_turnover": 0.0,
  "fixed_asset_turnover": 459.8343343567,
  "current_price": 13400.0,
  "working_capital": 150028838810.0
}