{
  "symbol": "ABS",
  "data_source": "VCI",
  "data_period": "year",
  "last_updated": "2025-11-17T15:28:30.206631",
  "name": "Công ty Cổ phần Dịch vụ Nông nghiệp Bình Thuận",
  "exchange": "HSX",
  "sector": "Hóa chất",
  "shares_outstanding": 80000000.0,
  "charter_capital": 800000000000.0,
  "revenue": 396140857414.0,
  "revenue_ttm": 396140857414.0,
  "net_income": 2435388079.0,
  "net_income_ttm": 2435388079.0,
  "total_assets": 1001585159558.0,
  "total_equity": 916398614358.0,
  "total_liabilities": 85186545200.0,
  "total_debt": 85186545200.0,
  "current_assets": 946361155745.0,
  "current_liabilities": 84489045200.0,
  "cash": 118574547.0,
  "accounts_receivable": 944124675556.0,
  "fixed_assets": 9757154050.0,
  "ppe": 9757154050.0,
  "depreciation": 831486263.0,
  "roe": 0.26611001,
  "roa": 0.18873195,
  "roic": 1.9347094200000001,
  "net_profit_margin": 0.6147783126684199,
  "net_margin": 0.6147783126684199,
  "gross_profit_margin": 1.5230857082975475,
  "gross_margin": 1.5230857082975475,
  "ebit_margin": 4.76685913472066,
  "pe_ratio": 96.9044736792,
  "pb_ratio": 0.2575298525,
  "ps_ratio": 0.5957476882,
  "ev_ebitda": 14.9896122585,
  "ebitda": 19714962911.0,
  "dividend_per_share": 0.0,
  "eps": 30.4423509875,
  "eps_ttm": 30.4423509875,
  "earnings_per_share": 30.4423509875,
  "bvps": 11454.982679475,
  "book_value_per_share": 11454.982679475,
  "market_cap": 236000000000.0,
  "debt_to_equity": 0.0929579594,
  "current_ratio": 11.2009924305,
  "quick_ratio": 11.1759252086,
  "cash_ratio": 0.001403431,
  "interest_coverage": -0.5250856844505094,
  "asset_turnover": 0.3069918746,
  "inventory_turnover": 136.4682634982,
  "fixed_asset_turnover": 33.5791204417,
  "current_price": 3150.0,
  "working_capital": 861872110545.0
}