{
  "symbol": "ABT",
  "data_source": "VCI",
  "data_period": "year",
  "last_updated": "2025-11-17T15:28:38.167957",
  "name": "Công ty Cổ phần Xuất nhập khẩu Thủy sản Bến Tre",
  "exchange": "HSX",
  "sector": "Thực phẩm và đồ uống",
  "shares_outstanding": 14387207.0,
  "charter_capital": 143872070000.0,
  "revenue": 583584443422.0,
  "revenue_ttm": 583584443422.0,
  "net_income": 101488892957.0,
  "net_income_ttm": 101488892957.0,
  "total_assets": 773847842386.0,
  "total_equity": 562594771986.0,
  "total_liabilities": 211253070400.0,
  "total_debt": 211253070400.0,
  "current_assets": 443285868166.0,
  "current_liabilities": 195928791955.0,
  "cash": 57640310341.0,
  "accounts_receivable": 48003420725.0,
  "fixed_assets": 116981393057.0,
  "ppe": 116981393057.0,
  "depreciation": 12685225788.0,
  "roe": 19.26856396,
  "roa": 14.241734010000002,
  "roic": 12.481626010000001,
  "net_profit_margin": 17.39339405117118,
  "net_margin": 17.39339405117118,
  "gross_profit_margin": 22.220647206980058,
  "gross_margin": 22.220647206980058,
  "ebit_margin": 14.839780354834375,
  "pe_ratio": 10.3709651825,
  "pb_ratio": 1.7773199046,
  "ps_ratio": 1.713669699,
  "ev_ebitda": 10.8125560699,
  "ebitda": 99274012054.0,
  "dividend_per_share": 0.0,
  "eps": 7054.106676646829,
  "eps_ttm": 7054.106676646829,
  "earnings_per_share": 7054.106676646829,
  "bvps": 39103.8213314092,
  "book_value_per_share": 39103.8213314092,
  "market_cap": 999910886500.0,
  "debt_to_equity": 0.3754977489,
  "current_ratio": 2.2624845677,
  "quick_ratio": 0.5393448552,
  "cash_ratio": 0.2943404316,
  "interest_coverage": -22.96744803610742,
  "asset_turnover": 0.8188013203,
  "inventory_turnover": 3.1959954207,
  "fixed_asset_turnover": 5.6305931547,
  "current_price": 70200.0,
  "working_capital": 247357076211.0
}