{
  "symbol": "ACC",
  "data_source": "VCI",
  "data_period": "year",
  "last_updated": "2025-11-17T15:30:13.540574",
  "name": "Công ty Cổ phần Đầu tư và Xây dựng Bình Dương ACC",
  "exchange": "HSX",
  "sector": "Xây dựng và Vật liệu",
  "shares_outstanding": 104999993.0,
  "charter_capital": 1049999930000.0,
  "revenue": 700045965474.0,
  "revenue_ttm": 700045965474.0,
  "net_income": 52511515029.0,
  "net_income_ttm": 52511515029.0,
  "total_assets": 2987376803268.0,
  "total_equity": 1336516247251.0,
  "total_liabilities": 1650860556017.0,
  "total_debt": 1650860556017.0,
  "current_assets": 1752675652452.0,
  "current_liabilities": 1489577024476.0,
  "cash": 50837918834.0,
  "accounts_receivable": 604298123461.0,
  "fixed_assets": 6544837212.0,
  "ppe": 6544837212.0,
  "depreciation": 3018660803.0,
  "roe": 4.01776217,
  "roa": 1.9586470200000001,
  "roic": 4.37825612,
  "net_profit_margin": 7.4697721371766805,
  "net_margin": 7.4697721371766805,
  "gross_profit_margin": 15.678603320953071,
  "gross_margin": 15.678603320953071,
  "ebit_margin": 12.841353697083328,
  "pe_ratio": 27.0761718746,
  "pb_ratio": 1.0562483526,
  "ps_ratio": 2.0024314677,
  "ev_ebitda": 22.2530145052,
  "ebitda": 92911207116.0,
  "dividend_per_share": 0.0,
  "eps": 498.0018524477425,
  "eps_ttm": 498.0018524477425,
  "earnings_per_share": 498.0018524477425,
  "bvps": 12639.0729671858,
  "book_value_per_share": 12639.0729671858,
  "market_cap": 1401749906550.0,
  "debt_to_equity": 1.2351967733,
  "current_ratio": 1.1766264004,
  "quick_ratio": 0.4398134716,
  "cash_ratio": 0.0341290971,
  "interest_coverage": -2.2019759063401536,
  "asset_turnover": 0.2622097419,
  "inventory_turnover": 0.5878634,
  "fixed_asset_turnover": 86.8521614474,
  "current_price": 13350.0,
  "working_capital": 263098627976.0
}