{
  "symbol": "ACG",
  "data_source": "VCI",
  "data_period": "year",
  "last_updated": "2025-11-17T15:30:22.039096",
  "name": "Công ty Cổ phần Gỗ An Cường",
  "exchange": "HSX",
  "sector": "Tài nguyên Cơ bản",
  "shares_outstanding": 150787946.0,
  "charter_capital": 1507879460000.0,
  "revenue": 4025384086235.0,
  "revenue_ttm": 4025384086235.0,
  "net_income": 419971985880.0,
  "net_income_ttm": 419971985880.0,
  "total_assets": 5639637217365.0,
  "total_equity": 4176030790173.0,
  "total_liabilities": 1463606427192.0,
  "total_debt": 1463606427192.0,
  "current_assets": 4119782891159.0,
  "current_liabilities": 1450796352855.0,
  "cash": 155329618175.0,
  "accounts_receivable": 931789767539.0,
  "fixed_assets": 374277696923.0,
  "ppe": 374277696923.0,
  "depreciation": 101060784385.0,
  "roe": 10.17800668,
  "roa": 7.52521903,
  "roic": 9.11841383,
  "net_profit_margin": 10.549769688118982,
  "net_margin": 10.549769688118982,
  "gross_profit_margin": 31.43437962927719,
  "gross_margin": 31.43437962927719,
  "ebit_margin": 11.23300458712989,
  "pe_ratio": 13.4546590278,
  "pb_ratio": 1.2854433186,
  "ps_ratio": 1.3484637627,
  "ev_ebitda": 10.8361724052,
  "ebitda": 548231422543.0,
  "dividend_per_share": 0.0,
  "eps": 2785.1827484937025,
  "eps_ttm": 2785.1827484937025,
  "earnings_per_share": 2785.1827484937025,
  "bvps": 27694.7256127025,
  "book_value_per_share": 27694.7256127025,
  "market_cap": 5368050877600.0,
  "debt_to_equity": 0.3504778822,
  "current_ratio": 2.8396700082,
  "quick_ratio": 0.7493259709,
  "cash_ratio": 0.1070650735,
  "interest_coverage": -16.224687414415403,
  "asset_turnover": 0.7133064751,
  "inventory_turnover": 2.5123118736,
  "fixed_asset_turnover": 10.2171004657,
  "current_price": 35850.0,
  "working_capital": 2668986538304.0
}