{
  "symbol": "ACL",
  "data_source": "VCI",
  "data_period": "year",
  "last_updated": "2025-11-17T15:30:29.990532",
  "name": "Công ty Cổ phần Xuất nhập khẩu Thủy sản Cửu Long An Giang",
  "exchange": "HSX",
  "sector": "Thực phẩm và đồ uống",
  "shares_outstanding": 50159019.0,
  "charter_capital": 501590190000.0,
  "revenue": 1758180595645.0,
  "revenue_ttm": 1758180595645.0,
  "net_income": 10765243181.0,
  "net_income_ttm": 10765243181.0,
  "total_assets": 1663984592012.0,
  "total_equity": 809907143865.0,
  "total_liabilities": 854077448147.0,
  "total_debt": 854077448147.0,
  "current_assets": 1403582064798.0,
  "current_liabilities": 854077448147.0,
  "cash": 66101069152.0,
  "accounts_receivable": 277579906643.0,
  "fixed_assets": 235269264122.0,
  "ppe": 235269264122.0,
  "depreciation": 32212220957.0,
  "roe": 1.33808764,
  "roa": 0.63080712,
  "roic": 1.81225091,
  "net_profit_margin": 0.6156017234680986,
  "net_margin": 0.6156017234680986,
  "gross_profit_margin": 10.82655566154098,
  "gross_margin": 10.82655566154098,
  "ebit_margin": 1.6028333447380714,
  "pe_ratio": 61.5033993815,
  "pb_ratio": 0.8174999515,
  "ps_ratio": 0.3786159866,
  "ev_ebitda": 22.1234091383,
  "ebitda": 60241529643.0,
  "dividend_per_share": 0.0,
  "eps": 214.62228320294702,
  "eps_ttm": 214.62228320294702,
  "earnings_per_share": 214.62228320294702,
  "bvps": 16146.7899494805,
  "book_value_per_share": 16146.7899494805,
  "market_cap": 662099050800.0,
  "debt_to_equity": 1.0545374919,
  "current_ratio": 1.6433896807,
  "quick_ratio": 0.4024002467,
  "cash_ratio": 0.0773947015,
  "interest_coverage": -0.931214518517886,
  "asset_turnover": 1.0247000551,
  "inventory_turnover": 1.5241126748,
  "fixed_asset_turnover": 7.1999162317,
  "current_price": 13250.0,
  "working_capital": 549504616651.0
}