{
  "symbol": "ADC",
  "data_source": "VCI",
  "data_period": "year",
  "last_updated": "2025-11-17T13:12:40.535419",
  "name": "Công ty Cổ phần Mĩ thuật và Truyền thông",
  "exchange": "HNX",
  "sector": "Truyền thông",
  "shares_outstanding": 3977936.0,
  "charter_capital": 39779360000.0,
  "revenue": 412293682419.0,
  "revenue_ttm": 412293682419.0,
  "net_income": 13961942478.0,
  "net_income_ttm": 13961942478.0,
  "total_assets": 174870723461.0,
  "total_equity": 83181898715.0,
  "total_liabilities": 91688824746.0,
  "total_debt": 91688824746.0,
  "current_assets": 148343991233.0,
  "current_liabilities": 91688824746.0,
  "cash": 20033609652.0,
  "accounts_receivable": 36567617874.0,
  "fixed_assets": 17233791751.0,
  "ppe": 17233791751.0,
  "depreciation": 1882317493.0,
  "roe": 17.32088453,
  "roa": 8.283101760000001,
  "roic": 19.26521211,
  "net_profit_margin": 3.386407086347482,
  "net_margin": 3.386407086347482,
  "gross_profit_margin": 34.084530865594445,
  "gross_margin": 34.084530865594445,
  "ebit_margin": 3.8868335633904203,
  "pe_ratio": 6.7708686818,
  "pb_ratio": 0.9660071295,
  "ps_ratio": 0.1948958003,
  "ev_ebitda": 3.3684625033,
  "ebitda": 17907486721.0,
  "dividend_per_share": 0.0,
  "eps": 3509.845929647938,
  "eps_ttm": 3509.845929647938,
  "earnings_per_share": 3509.845929647938,
  "bvps": 20910.8187550026,
  "book_value_per_share": 20910.8187550026,
  "market_cap": 80354307200.0,
  "debt_to_equity": 1.1022689571,
  "current_ratio": 1.6179069984,
  "quick_ratio": 0.6254985565,
  "cash_ratio": 0.2266754941,
  "interest_coverage": 0.0,
  "asset_turnover": 2.4459852425,
  "inventory_turnover": 7.1721960389,
  "fixed_asset_turnover": 23.30200539,
  "current_price": 20200.0,
  "working_capital": 56655166487.0
}