{
  "symbol": "ADG",
  "data_source": "VCI",
  "data_period": "year",
  "last_updated": "2025-11-17T15:30:37.968071",
  "name": "Công ty Cổ phần Clever Group",
  "exchange": "HSX",
  "sector": "Truyền thông",
  "shares_outstanding": 21380521.0,
  "charter_capital": 213805210000.0,
  "revenue": 464186251921.0,
  "revenue_ttm": 464186251921.0,
  "net_income": 21030368084.0,
  "net_income_ttm": 21030368084.0,
  "total_assets": 496459575382.0,
  "total_equity": 387072743427.0,
  "total_liabilities": 109386831955.0,
  "total_debt": 109386831955.0,
  "current_assets": 208919031383.0,
  "current_liabilities": 106491278791.0,
  "cash": 48628268676.0,
  "accounts_receivable": 62109528633.0,
  "fixed_assets": 23270308898.0,
  "ppe": 23270308898.0,
  "depreciation": 2182801290.0,
  "roe": 5.446697889999999,
  "roa": 3.7603793500000005,
  "roic": 3.95130068,
  "net_profit_margin": 3.833214190207928,
  "net_margin": 3.833214190207928,
  "gross_profit_margin": 15.6309761706116,
  "gross_margin": 15.6309761706116,
  "ebit_margin": 3.6950993297244294,
  "pe_ratio": 10.8385120823,
  "pb_ratio": 0.575805266,
  "ps_ratio": 0.4154633831,
  "ev_ebitda": 9.8908841002,
  "ebitda": 19334936261.0,
  "dividend_per_share": 0.0,
  "eps": 832.2175526966812,
  "eps_ttm": 832.2175526966812,
  "earnings_per_share": 832.2175526966812,
  "bvps": 15665.0182485731,
  "book_value_per_share": 15665.0182485731,
  "market_cap": 192852299420.0,
  "debt_to_equity": 0.2826001929,
  "current_ratio": 1.9618416997,
  "quick_ratio": 1.0680421997,
  "cash_ratio": 0.4848063766,
  "interest_coverage": -10.44759521296538,
  "asset_turnover": 0.9809990156,
  "inventory_turnover": 83.9017009666,
  "fixed_asset_turnover": 29.3235637565,
  "current_price": 9300.0,
  "working_capital": 102427752592.0
}