{
  "symbol": "ADP",
  "data_source": "VCI",
  "data_period": "year",
  "last_updated": "2025-11-17T15:30:46.030048",
  "name": "Công ty Cổ phần Sơn Á Đông",
  "exchange": "HSX",
  "sector": "Xây dựng và Vật liệu",
  "shares_outstanding": 23039850.0,
  "charter_capital": 230398500000.0,
  "revenue": 821151104229.0,
  "revenue_ttm": 821151104229.0,
  "net_income": 85313983000.0,
  "net_income_ttm": 85313983000.0,
  "total_assets": 355389113643.0,
  "total_equity": 272364832388.0,
  "total_liabilities": 83024281255.0,
  "total_debt": 83024281255.0,
  "current_assets": 318232759297.0,
  "current_liabilities": 83024281255.0,
  "cash": 9757936691.0,
  "accounts_receivable": 68594229322.0,
  "fixed_assets": 37156354346.0,
  "ppe": 37156354346.0,
  "depreciation": 7243407296.0,
  "roe": 30.493508679999998,
  "roa": 23.16056211,
  "roic": 37.36707964,
  "net_profit_margin": 10.431435212748791,
  "net_margin": 10.431435212748791,
  "gross_profit_margin": 19.504971543646274,
  "gross_margin": 19.504971543646274,
  "ebit_margin": 12.44411556475025,
  "pe_ratio": 6.2248710449,
  "pb_ratio": 1.9498425617,
  "ps_ratio": 0.6493433901,
  "ev_ebitda": 4.7818680576,
  "ebitda": 109018191119.0,
  "dividend_per_share": 0.0,
  "eps": 3702.887952829554,
  "eps_ttm": 3702.887952829554,
  "earnings_per_share": 3702.887952829554,
  "bvps": 11821.4672572955,
  "book_value_per_share": 11821.4672572955,
  "market_cap": 531068542500.0,
  "debt_to_equity": 0.3048274644,
  "current_ratio": 3.8330083017,
  "quick_ratio": 0.9437259176,
  "cash_ratio": 0.1175311191,
  "interest_coverage": -12215.981144678573,
  "asset_turnover": 2.2202661129,
  "inventory_turnover": 5.0364779304,
  "fixed_asset_turnover": 20.5112351207,
  "current_price": 23450.0,
  "working_capital": 235208478042.0
}