{
  "symbol": "ADS",
  "data_source": "VCI",
  "data_period": "year",
  "last_updated": "2025-11-17T15:32:13.124552",
  "name": "Công ty Cổ phần DAMSAN",
  "exchange": "HSX",
  "sector": "Hàng cá nhân & Gia dụng",
  "shares_outstanding": 76394727.0,
  "charter_capital": 763947270000.0,
  "revenue": 1628994904330.0,
  "revenue_ttm": 1628994904330.0,
  "net_income": 55125782661.0,
  "net_income_ttm": 55125782661.0,
  "total_assets": 2603845823236.0,
  "total_equity": 957321292334.0,
  "total_liabilities": 1646524530902.0,
  "total_debt": 1646524530902.0,
  "current_assets": 1986840906194.0,
  "current_liabilities": 1613250512659.0,
  "cash": 271992099803.0,
  "accounts_receivable": 783539133181.0,
  "fixed_assets": 140228276048.0,
  "ppe": 140228276048.0,
  "depreciation": 79083596981.0,
  "roe": 6.08811663,
  "roa": 1.96025346,
  "roic": 4.40145085,
  "net_profit_margin": 3.0732055545935824,
  "net_margin": 3.0732055545935824,
  "gross_profit_margin": 8.201320263391903,
  "gross_margin": 8.201320263391903,
  "ebit_margin": 5.271990577699807,
  "pe_ratio": 12.5591679977,
  "pb_ratio": 0.6938125309,
  "ps_ratio": 0.3859690485,
  "ev_ebitda": 8.1870841165,
  "ebitda": 164962277792.0,
  "dividend_per_share": 0.0,
  "eps": 655.2981854755499,
  "eps_ttm": 655.2981854755499,
  "earnings_per_share": 655.2981854755499,
  "bvps": 11861.9938862273,
  "book_value_per_share": 11861.9938862273,
  "market_cap": 628728603210.0,
  "debt_to_equity": 1.7199288725,
  "current_ratio": 1.2315761815,
  "quick_ratio": 0.6976791417,
  "cash_ratio": 0.2119894568,
  "interest_coverage": -2.030255551489153,
  "asset_turnover": 0.6378530238,
  "inventory_turnover": 2.838691869,
  "fixed_asset_turnover": 10.9749426698,
  "current_price": 8270.0,
  "working_capital": 373590393535.0
}