{
  "symbol": "AGG",
  "data_source": "VCI",
  "data_period": "year",
  "last_updated": "2025-11-17T15:32:22.227166",
  "name": "Công ty Cổ phần Đầu tư và Phát triển Bất động sản An Gia",
  "exchange": "HSX",
  "sector": "Bất động sản",
  "shares_outstanding": 162528081.0,
  "charter_capital": 1625280810000.0,
  "revenue": 1913398478509.0,
  "revenue_ttm": 1913398478509.0,
  "net_income": 261003901664.0,
  "net_income_ttm": 261003901664.0,
  "total_assets": 7035483967227.0,
  "total_equity": 3137088581476.0,
  "total_liabilities": 3898395385751.0,
  "total_debt": 3898395385751.0,
  "current_assets": 5819046786567.0,
  "current_liabilities": 3210829019083.0,
  "cash": 167279797712.0,
  "accounts_receivable": 4717488994753.0,
  "fixed_assets": 20150732378.0,
  "ppe": 20150732378.0,
  "depreciation": 9834507910.0,
  "roe": 10.093879040000001,
  "roa": 3.6438569,
  "roic": 5.62430043,
  "net_profit_margin": 15.54827973683897,
  "net_margin": 15.54827973683897,
  "gross_profit_margin": 31.016726257954346,
  "gross_margin": 31.016726257954346,
  "ebit_margin": 13.386851437166293,
  "pe_ratio": 8.7409899383,
  "pb_ratio": 0.8399149514,
  "ps_ratio": 1.3590735674,
  "ev_ebitda": 14.4760485914,
  "ebitda": 265978319629.0,
  "dividend_per_share": 0.0,
  "eps": 1830.4562884674679,
  "eps_ttm": 1830.4562884674679,
  "earnings_per_share": 1830.4562884674679,
  "bvps": 19049.5477822076,
  "book_value_per_share": 19049.5477822076,
  "market_cap": 2600449296000.0,
  "debt_to_equity": 1.2426794094,
  "current_ratio": 1.8123191089,
  "quick_ratio": 1.5213419224,
  "cash_ratio": 0.0520986314,
  "interest_coverage": -1.9968903642139382,
  "asset_turnover": 0.2343575602,
  "inventory_turnover": 0.9460397252,
  "fixed_asset_turnover": 76.4651069701,
  "current_price": 16400.0,
  "working_capital": 2608217767484.0
}