{
  "symbol": "AGR",
  "data_source": "VCI",
  "data_period": "year",
  "last_updated": "2025-11-17T15:32:31.435141",
  "name": "Công ty Cổ phần Chứng khoán AGRIBANK",
  "exchange": "HSX",
  "sector": "Dịch vụ tài chính",
  "shares_outstanding": 228311823.0,
  "charter_capital": 2283118230000.0,
  "revenue": 412896892995.0,
  "revenue_ttm": 412896892995.0,
  "net_income": 135152065932.0,
  "net_income_ttm": 135152065932.0,
  "total_assets": 3472227107539.0,
  "total_equity": 2442687708384.0,
  "total_liabilities": 1029539399155.0,
  "total_debt": 1029539399155.0,
  "current_assets": 3244798533495.0,
  "current_liabilities": 1026137287601.0,
  "cash": 453905187634.0,
  "accounts_receivable": 40703371274.0,
  "fixed_assets": 193133468854.0,
  "ppe": 193133468854.0,
  "depreciation": 16180339088.0,
  "roe": 5.472463889999999,
  "roa": 4.136363569999999,
  "roic": 6.06995282,
  "net_profit_margin": 32.73264299754288,
  "net_margin": 32.73264299754288,
  "gross_profit_margin": 72.88197629320598,
  "gross_margin": 72.88197629320598,
  "ebit_margin": 48.884696951799114,
  "pe_ratio": 27.8808359871,
  "pb_ratio": 1.3932123499,
  "ps_ratio": 8.2422094715,
  "ev_ebitda": 17.5755062309,
  "ebitda": 218023733952.0,
  "dividend_per_share": 0.0,
  "eps": 627.4722344159206,
  "eps_ttm": 627.4722344159206,
  "earnings_per_share": 627.4722344159206,
  "bvps": 11340.6976341093,
  "book_value_per_share": 11340.6976341093,
  "market_cap": 3403182682200.0,
  "debt_to_equity": 0.4214781102,
  "current_ratio": 3.1621485475,
  "quick_ratio": 0.8884634112,
  "cash_ratio": 0.8487968171,
  "interest_coverage": -5.908999110933492,
  "asset_turnover": 0.1263681508,
  "inventory_turnover": 0.0,
  "fixed_asset_turnover": 3.4236378989,
  "current_price": 15950.0,
  "working_capital": 2218661245894.0
}