{
  "symbol": "ALT",
  "data_source": "VCI",
  "data_period": "year",
  "last_updated": "2025-11-17T13:12:48.577353",
  "name": "Công ty Cổ phần Văn hóa Tân Bình",
  "exchange": "HNX",
  "sector": "Truyền thông",
  "shares_outstanding": 6172523.0,
  "charter_capital": 61725230000.0,
  "revenue": 415008580982.0,
  "revenue_ttm": 415008580982.0,
  "net_income": 3164682460.0,
  "net_income_ttm": 3164682460.0,
  "total_assets": 358177591771.0,
  "total_equity": 214882715765.0,
  "total_liabilities": 143294876006.0,
  "total_debt": 143294876006.0,
  "current_assets": 227274462809.0,
  "current_liabilities": 139918144393.0,
  "cash": 14026780968.0,
  "accounts_receivable": 99522986806.0,
  "fixed_assets": 65249319295.0,
  "ppe": 65249319295.0,
  "depreciation": 17337510166.0,
  "roe": 1.45359868,
  "roa": 0.92410441,
  "roic": 1.61575384,
  "net_profit_margin": 0.7629126498431891,
  "net_margin": 0.7629126498431891,
  "gross_profit_margin": 11.986229258789322,
  "gross_margin": 11.986229258789322,
  "ebit_margin": 0.9618184452049026,
  "pe_ratio": 25.550762935,
  "pb_ratio": 0.3762985357,
  "ps_ratio": 0.1949300026,
  "ev_ebitda": 4.6363236756,
  "ebitda": 21327285357.0,
  "dividend_per_share": 0.0,
  "eps": 512.7048469483225,
  "eps_ttm": 512.7048469483225,
  "earnings_per_share": 512.7048469483225,
  "bvps": 34812.7849446653,
  "book_value_per_share": 34812.7849446653,
  "market_cap": 80860051300.0,
  "debt_to_equity": 0.6668515683,
  "current_ratio": 1.6243387432,
  "quick_ratio": 0.8167297926,
  "cash_ratio": 0.1054354338,
  "interest_coverage": -1.649588424054002,
  "asset_turnover": 1.2112846929,
  "inventory_turnover": 7.8452916931,
  "fixed_asset_turnover": 6.5647708,
  "current_price": 13100.0,
  "working_capital": 87356318416.0
}