{
  "symbol": "AMC",
  "data_source": "VCI",
  "data_period": "year",
  "last_updated": "2025-11-17T13:12:56.561178",
  "name": "Công ty Cổ phần Khoáng sản Á Châu",
  "exchange": "HNX",
  "sector": "Tài nguyên Cơ bản",
  "shares_outstanding": 2850000.0,
  "charter_capital": 28500000000.0,
  "revenue": 159789927069.0,
  "revenue_ttm": 159789927069.0,
  "net_income": 6186953400.0,
  "net_income_ttm": 6186953400.0,
  "total_assets": 102075915653.0,
  "total_equity": 52881314110.0,
  "total_liabilities": 49194601543.0,
  "total_debt": 49194601543.0,
  "current_assets": 58317156241.0,
  "current_liabilities": 38663625147.0,
  "cash": 4081563486.0,
  "accounts_receivable": 28757141671.0,
  "fixed_assets": 19385337668.0,
  "ppe": 19385337668.0,
  "depreciation": 0.0,
  "roe": 11.88949073,
  "roa": 6.85771228,
  "roic": 11.45939317,
  "net_profit_margin": 3.871929547429087,
  "net_margin": 3.871929547429087,
  "gross_profit_margin": 40.119755427585474,
  "gross_margin": 40.119755427585474,
  "ebit_margin": 4.815221288434218,
  "pe_ratio": 10.7484242568,
  "pb_ratio": 1.1317797412,
  "ps_ratio": 0.3745542732,
  "ev_ebitda": 5.6152904505,
  "ebitda": 12471417313.0,
  "dividend_per_share": 0.0,
  "eps": 2170.860842105263,
  "eps_ttm": 2170.860842105263,
  "earnings_per_share": 2170.860842105263,
  "bvps": 18554.8470561404,
  "book_value_per_share": 18554.8470561404,
  "market_cap": 59850000000.0,
  "debt_to_equity": 0.9302832649,
  "current_ratio": 1.5083209611,
  "quick_ratio": 0.8493436669,
  "cash_ratio": 0.1055659802,
  "interest_coverage": -55.08859050359857,
  "asset_turnover": 1.7711356044,
  "inventory_turnover": 6.3265783807,
  "fixed_asset_turnover": 7.6989916704,
  "current_price": 21000.0,
  "working_capital": 19653531094.0
}