{
  "symbol": "AME",
  "data_source": "VCI",
  "data_period": "year",
  "last_updated": "2025-11-17T13:13:03.795718",
  "name": "Công ty cổ phần Alphanam E&C",
  "exchange": "HNX",
  "sector": "Hàng & Dịch vụ Công nghiệp",
  "shares_outstanding": 65200000.0,
  "charter_capital": 652000000000.0,
  "revenue": 3371164038356.0,
  "revenue_ttm": 3371164038356.0,
  "net_income": 22705683635.0,
  "net_income_ttm": 22705683635.0,
  "total_assets": 3174679677683.0,
  "total_equity": 870909381020.0,
  "total_liabilities": 2303770296663.0,
  "total_debt": 2303770296663.0,
  "current_assets": 3065073209916.0,
  "current_liabilities": 2303362206663.0,
  "cash": 22946226838.0,
  "accounts_receivable": 1921739195394.0,
  "fixed_assets": 46400061153.0,
  "ppe": 46400061153.0,
  "depreciation": 4020676652.0,
  "roe": 2.8438755,
  "roa": 0.7978313000000001,
  "roic": 5.53756886,
  "net_profit_margin": 0.6733928913192424,
  "net_margin": 0.6733928913192424,
  "gross_profit_margin": 4.429294848636841,
  "gross_margin": 4.429294848636841,
  "ebit_margin": 3.496258655881916,
  "pe_ratio": 24.4128289667,
  "pb_ratio": 0.6845367752,
  "ps_ratio": 0.1643942548,
  "ev_ebitda": 14.6760821661,
  "ebitda": 121885291147.0,
  "dividend_per_share": 0.0,
  "eps": 348.1775918558282,
  "eps_ttm": 348.1775918558282,
  "earnings_per_share": 348.1775918558282,
  "bvps": 12417.1561096779,
  "book_value_per_share": 12417.1561096779,
  "market_cap": 554200000000.0,
  "debt_to_equity": 2.6452468499,
  "current_ratio": 1.3306952771,
  "quick_ratio": 0.95639125,
  "cash_ratio": 0.1220721013,
  "interest_coverage": -1.200324132572385,
  "asset_turnover": 1.1847931714,
  "inventory_turnover": 4.3690800555,
  "fixed_asset_turnover": 108.4388536357,
  "current_price": 8600.0,
  "working_capital": 761711003253.0
}