{
  "symbol": "AMV",
  "data_source": "VCI",
  "data_period": "year",
  "last_updated": "2025-11-17T13:27:30.804935",
  "name": "Công ty Cổ phần Sản xuất Kinh doanh Dược và Trang thiết bị Y tế Việt Mỹ",
  "exchange": "HNX",
  "sector": "Y tế",
  "shares_outstanding": 131105650.0,
  "charter_capital": 1311056500000.0,
  "revenue": 310354603848.0,
  "revenue_ttm": 310354603848.0,
  "net_income": -13065198309.0,
  "net_income_ttm": -13065198309.0,
  "total_assets": 1955640634757.0,
  "total_equity": 1672709810324.0,
  "total_liabilities": 282930824433.0,
  "total_debt": 282930824433.0,
  "current_assets": 951892884765.0,
  "current_liabilities": 156093026150.0,
  "cash": 16194180757.0,
  "accounts_receivable": 882737142898.0,
  "fixed_assets": 289495044522.0,
  "ppe": 289495044522.0,
  "depreciation": 23944831142.0,
  "roe": -0.69502569,
  "roa": -0.56973366,
  "roic": -0.23600813,
  "net_profit_margin": -3.605927305812099,
  "net_margin": -3.605927305812099,
  "gross_profit_margin": 10.072807054059577,
  "gross_margin": 10.072807054059577,
  "ebit_margin": -1.389590763123391,
  "pe_ratio": -23.4302134078,
  "pb_ratio": 0.1636273792,
  "ps_ratio": 0.8448764631,
  "ev_ebitda": 20.4074317551,
  "ebitda": 19632172234.0,
  "dividend_per_share": 0.0,
  "eps": -85.35987125650192,
  "eps_ttm": -85.35987125650192,
  "earnings_per_share": -85.35987125650192,
  "bvps": 12222.8933212718,
  "book_value_per_share": 12222.8933212718,
  "market_cap": 262211300000.0,
  "debt_to_equity": 0.1691451934,
  "current_ratio": 6.0982409544,
  "quick_ratio": 5.7589460966,
  "cash_ratio": 0.1037469845,
  "interest_coverage": 0.2196447202261431,
  "asset_turnover": 0.1579992097,
  "inventory_turnover": 1.5433330104,
  "fixed_asset_turnover": 1.3372689354,
  "current_price": 2000.0,
  "working_capital": 795799858615.0
}