{
  "symbol": "APG",
  "data_source": "VCI",
  "data_period": "year",
  "last_updated": "2025-11-17T15:32:43.286846",
  "name": "Công ty Cổ phần Chứng khoán APG",
  "exchange": "HSX",
  "sector": "Dịch vụ tài chính",
  "shares_outstanding": 223621942.0,
  "charter_capital": 2236219420000.0,
  "revenue": 116021798780.0,
  "revenue_ttm": 116021798780.0,
  "net_income": -130485614318.0,
  "net_income_ttm": -130485614318.0,
  "total_assets": 2671960482053.0,
  "total_equity": 2402347329307.0,
  "total_liabilities": 269613152746.0,
  "total_debt": 269613152746.0,
  "current_assets": 2161224570881.0,
  "current_liabilities": 269613152746.0,
  "cash": 17554429520.0,
  "accounts_receivable": 1373706388546.0,
  "fixed_assets": 6900698669.0,
  "ppe": 6900698669.0,
  "depreciation": 1477123332.0,
  "roe": -6.265544620000001,
  "roa": -5.80043352,
  "roic": -4.807746219999999,
  "net_profit_margin": -1.1246646379395153,
  "net_margin": -1.1246646379395153,
  "gross_profit_margin": -87.05876009518632,
  "gross_margin": -87.05876009518632,
  "ebit_margin": -1.0990876704109656,
  "pe_ratio": -18.9371255369,
  "pb_ratio": 1.0285866781,
  "ps_ratio": 21.2979154356,
  "ev_ebitda": -21.4491151127,
  "ebitda": -126041005206.0,
  "dividend_per_share": 0.0,
  "eps": -583.5098879429282,
  "eps_ttm": -583.5098879429282,
  "earnings_per_share": -583.5098879429282,
  "bvps": 10742.8962820965,
  "book_value_per_share": 10742.8962820965,
  "market_cap": 2471022459100.0,
  "debt_to_equity": 0.1122290476,
  "current_ratio": 8.0160205423,
  "quick_ratio": 6.8127283115,
  "cash_ratio": 1.717626776,
  "interest_coverage": 6.8946238519444965,
  "asset_turnover": 0.0515747835,
  "fixed_asset_turnover": 19.019957143,
  "current_price": 11000.0,
  "working_capital": 1891611418135.0
}