{
  "symbol": "API",
  "data_source": "VCI",
  "data_period": "year",
  "last_updated": "2025-11-17T13:27:39.303418",
  "name": "Công ty Cổ phần Đầu tư Châu Á - Thái Bình Dương",
  "exchange": "HNX",
  "sector": "Bất động sản",
  "shares_outstanding": 84083976.0,
  "charter_capital": 840839760000.0,
  "revenue": 209580465103.0,
  "revenue_ttm": 209580465103.0,
  "net_income": -22157609635.0,
  "net_income_ttm": -22157609635.0,
  "total_assets": 2169582660887.0,
  "total_equity": 909334044431.0,
  "total_liabilities": 1260248616456.0,
  "total_debt": 1260248616456.0,
  "current_assets": 1650383881691.0,
  "current_liabilities": 1077970454432.0,
  "cash": 119293475919.0,
  "accounts_receivable": 432911250520.0,
  "fixed_assets": 16936410272.0,
  "ppe": 16936410272.0,
  "depreciation": 8208019101.0,
  "roe": -2.48750836,
  "roa": -0.99990997,
  "roic": 1.14448639,
  "net_profit_margin": -10.628728663738965,
  "net_margin": -10.628728663738965,
  "gross_profit_margin": 36.068618290759744,
  "gross_margin": 36.068618290759744,
  "ebit_margin": 8.713118224079466,
  "pe_ratio": -27.1777572932,
  "pb_ratio": 0.6845632683,
  "ps_ratio": 2.8886500796,
  "ev_ebitda": 44.2910149491,
  "ebitda": 26469012800.0,
  "dividend_per_share": 0.0,
  "eps": -264.9225218369788,
  "eps_ttm": -264.9225218369788,
  "earnings_per_share": -264.9225218369788,
  "bvps": 10517.6545888839,
  "book_value_per_share": 10517.6545888839,
  "market_cap": 605404627200.0,
  "debt_to_equity": 1.38590282,
  "current_ratio": 1.5310103119,
  "quick_ratio": 0.5185381836,
  "cash_ratio": 0.1169397458,
  "interest_coverage": -0.35290401760533974,
  "asset_turnover": 0.094076159,
  "inventory_turnover": 0.1564691927,
  "fixed_asset_turnover": 2.0129665955,
  "current_price": 7400.0,
  "working_capital": 572413427259.0
}