{
  "symbol": "APS",
  "data_source": "VCI",
  "data_period": "year",
  "last_updated": "2025-11-17T13:27:47.489117",
  "name": "Công ty Cổ phần Chứng khoán Châu Á - Thái Bình Dương",
  "exchange": "HNX",
  "sector": "Dịch vụ tài chính",
  "shares_outstanding": 83000000.0,
  "charter_capital": 830000000000.0,
  "revenue": 238090038677.0,
  "revenue_ttm": 238090038677.0,
  "net_income": 21782841516.0,
  "net_income_ttm": 21782841516.0,
  "total_assets": 815139709201.0,
  "total_equity": 803046540437.0,
  "total_liabilities": 12093168764.0,
  "total_debt": 12093168764.0,
  "current_assets": 740144552517.0,
  "current_liabilities": 7462168764.0,
  "cash": 85504471899.0,
  "accounts_receivable": -125754234231.0,
  "fixed_assets": 8744722925.0,
  "ppe": 8744722925.0,
  "depreciation": 1796633386.0,
  "roe": 2.7498202,
  "roa": 2.69281602,
  "roic": 2.5498113,
  "net_profit_margin": 9.148993228377458,
  "net_margin": 9.148993228377458,
  "gross_profit_margin": 5.230110887122522,
  "gross_margin": 5.230110887122522,
  "ebit_margin": 8.600179819273574,
  "pe_ratio": 31.244775825,
  "pb_ratio": 0.8475224856,
  "ps_ratio": 2.8585824245,
  "ev_ebitda": 26.7184816762,
  "ebitda": 22272804844.0,
  "dividend_per_share": 0.0,
  "eps": 262.443873686747,
  "eps_ttm": 262.443873686747,
  "earnings_per_share": 262.443873686747,
  "bvps": 9675.2595233373,
  "book_value_per_share": 9675.2595233373,
  "market_cap": 680600000000.0,
  "debt_to_equity": 0.0150591132,
  "current_ratio": 99.1862521373,
  "quick_ratio": 59.1704122358,
  "cash_ratio": 76.0226489257,
  "interest_coverage": -36.94497337678307,
  "asset_turnover": 0.2943292176,
  "fixed_asset_turnover": 26.1967322237,
  "current_price": 8400.0,
  "working_capital": 732682383753.0
}