{
  "symbol": "ARM",
  "data_source": "VCI",
  "data_period": "year",
  "last_updated": "2025-11-17T13:27:55.522426",
  "name": "Công ty Cổ phần Xuất nhập khẩu Hàng không",
  "exchange": "HNX",
  "sector": "Hàng & Dịch vụ Công nghiệp",
  "shares_outstanding": 3111283.0,
  "charter_capital": 31112830000.0,
  "revenue": 329859793051.0,
  "revenue_ttm": 329859793051.0,
  "net_income": 4771853209.0,
  "net_income_ttm": 4771853209.0,
  "total_assets": 172275408667.0,
  "total_equity": 38579395710.0,
  "total_liabilities": 133696012957.0,
  "total_debt": 133696012957.0,
  "current_assets": 164448611222.0,
  "current_liabilities": 115946638472.0,
  "cash": 26111721651.0,
  "accounts_receivable": 113224837179.0,
  "fixed_assets": 6520770106.0,
  "ppe": 6520770106.0,
  "depreciation": 2784375853.0,
  "roe": 12.55872991,
  "roa": 2.72738996,
  "roic": 11.62311281,
  "net_profit_margin": 1.4466307532855993,
  "net_margin": 1.4466307532855993,
  "gross_profit_margin": 11.045968856642844,
  "gross_margin": 11.045968856642844,
  "ebit_margin": 2.4925211332830775,
  "pe_ratio": 19.1544675027,
  "pb_ratio": 2.1129313485,
  "ps_ratio": 0.2471220086,
  "ev_ebitda": 7.9556386539,
  "ebitda": 11006200905.0,
  "dividend_per_share": 0.0,
  "eps": 1533.7252217172145,
  "eps_ttm": 1533.7252217172145,
  "earnings_per_share": 1533.7252217172145,
  "bvps": 12399.8349587614,
  "book_value_per_share": 12399.8349587614,
  "market_cap": 81515614600.0,
  "debt_to_equity": 3.4654771153,
  "current_ratio": 1.4183128842,
  "quick_ratio": 1.2017300429,
  "cash_ratio": 0.2252046458,
  "interest_coverage": -3.961820338324905,
  "asset_turnover": 1.8853394046,
  "inventory_turnover": 16.4802587064,
  "fixed_asset_turnover": 45.6475164466,
  "current_price": 26200.0,
  "working_capital": 48501972750.0
}