{
  "symbol": "ASG",
  "data_source": "VCI",
  "data_period": "year",
  "last_updated": "2025-11-17T15:34:14.061202",
  "name": "Công ty Cổ phần Tập đoàn ASG",
  "exchange": "HSX",
  "sector": "Hàng & Dịch vụ Công nghiệp",
  "shares_outstanding": 90784669.0,
  "charter_capital": 907846690000.0,
  "revenue": 1916030791310.0,
  "revenue_ttm": 1916030791310.0,
  "net_income": 53484630469.0,
  "net_income_ttm": 53484630469.0,
  "total_assets": 3270895843935.0,
  "total_equity": 2031949831357.0,
  "total_liabilities": 1238946012578.0,
  "total_debt": 1238946012578.0,
  "current_assets": 1759006493907.0,
  "current_liabilities": 977572196868.0,
  "cash": 275925813537.0,
  "accounts_receivable": 518451172874.0,
  "fixed_assets": 457312520023.0,
  "ppe": 457312520023.0,
  "depreciation": 114967469411.0,
  "roe": 2.28348669,
  "roa": 0.88623116,
  "roic": 3.15530079,
  "net_profit_margin": 1.4622222168706704,
  "net_margin": 1.4622222168706704,
  "gross_profit_margin": 15.921711095085794,
  "gross_margin": 15.921711095085794,
  "ebit_margin": 4.622101691326979,
  "pe_ratio": 53.4802207478,
  "pb_ratio": 1.1405716684,
  "ps_ratio": 0.7819996694,
  "ev_ebitda": 9.8084744387,
  "ebitda": 203505403774.0,
  "dividend_per_share": 0.0,
  "eps": 308.5252784916801,
  "eps_ttm": 308.5252784916801,
  "earnings_per_share": 308.5252784916801,
  "bvps": 14466.4298244674,
  "book_value_per_share": 14466.4298244674,
  "market_cap": 1497947038500.0,
  "debt_to_equity": 0.6097325797,
  "current_ratio": 1.7993622359,
  "quick_ratio": 1.3774740029,
  "cash_ratio": 0.8471283419,
  "interest_coverage": -1.6789676812890033,
  "asset_turnover": 0.60608514,
  "inventory_turnover": 52.6738837334,
  "fixed_asset_turnover": 4.1502750182,
  "current_price": 16500.0,
  "working_capital": 781434297039.0
}