{
  "symbol": "ASM",
  "data_source": "VCI",
  "data_period": "year",
  "last_updated": "2025-11-17T15:34:22.944158",
  "name": "Công ty Cổ phần Tập đoàn Sao Mai",
  "exchange": "HSX",
  "sector": "Thực phẩm và đồ uống",
  "shares_outstanding": 407194183.0,
  "charter_capital": 4071941830000.0,
  "revenue": 12021821033080.0,
  "revenue_ttm": 12021821033080.0,
  "net_income": 250986638049.0,
  "net_income_ttm": 250986638049.0,
  "total_assets": 22856055629167.0,
  "total_equity": 8087734828286.0,
  "total_liabilities": 14768320800881.0,
  "total_debt": 14768320800881.0,
  "current_assets": 13566530226970.0,
  "current_liabilities": 7830527770434.0,
  "cash": 2070302439363.0,
  "accounts_receivable": 5031730928926.0,
  "fixed_assets": 6358160566795.0,
  "ppe": 6358160566795.0,
  "depreciation": 438448735221.0,
  "roe": 3.39218176,
  "roa": 0.8379945,
  "roic": 3.96335602,
  "net_profit_margin": 1.5054702484651967,
  "net_margin": 1.5054702484651967,
  "gross_profit_margin": 11.465841432119667,
  "gross_margin": 11.465841432119667,
  "ebit_margin": 7.180235820486066,
  "pe_ratio": 14.1026979259,
  "pb_ratio": 0.4707253162,
  "ps_ratio": 0.2123119215,
  "ev_ebitda": 10.8807965146,
  "ebitda": 1301018929116.0,
  "dividend_per_share": 0.0,
  "eps": 488.5590002843225,
  "eps_ttm": 488.5590002843225,
  "earnings_per_share": 488.5590002843225,
  "bvps": 14636.9862898914,
  "book_value_per_share": 14636.9862898914,
  "market_cap": 2550528142500.0,
  "debt_to_equity": 1.8260144669,
  "current_ratio": 1.7325179892,
  "quick_ratio": 0.9077630122,
  "cash_ratio": 0.2651842389,
  "interest_coverage": -1.304672335941911,
  "asset_turnover": 0.5566330554,
  "inventory_turnover": 2.3919419738,
  "fixed_asset_turnover": 1.8597873588,
  "current_price": 6990.0,
  "working_capital": 5736002456536.0
}