{
  "symbol": "ASP",
  "data_source": "VCI",
  "data_period": "year",
  "last_updated": "2025-11-17T15:34:31.243305",
  "name": "Công ty Cổ phần Tập đoàn Dầu khí An Pha",
  "exchange": "HSX",
  "sector": "Điện, nước & xăng dầu khí đốt",
  "shares_outstanding": 37339929.0,
  "charter_capital": 373399290000.0,
  "revenue": 3334606586974.0,
  "revenue_ttm": 3334606586974.0,
  "net_income": 5339097480.0,
  "net_income_ttm": 5339097480.0,
  "total_assets": 1560334897939.0,
  "total_equity": 307100233034.0,
  "total_liabilities": 1253234664905.0,
  "total_debt": 1253234664905.0,
  "current_assets": 809260745299.0,
  "current_liabilities": 1198593325555.0,
  "cash": 189235485622.0,
  "accounts_receivable": 512293093307.0,
  "fixed_assets": 109444419213.0,
  "ppe": 109444419213.0,
  "depreciation": 25067580605.0,
  "roe": 2.41068299,
  "roa": 0.37794005,
  "roic": 2.69260005,
  "net_profit_margin": 0.21560304945728914,
  "net_margin": 0.21560304945728914,
  "gross_profit_margin": 9.684884281531849,
  "gross_margin": 9.684884281531849,
  "ebit_margin": 0.7292614295437494,
  "pe_ratio": 25.2444536159,
  "pb_ratio": 0.5977008871,
  "ps_ratio": 0.0544278118,
  "ev_ebitda": 11.7773269387,
  "ebitda": 49182337938.0,
  "dividend_per_share": 0.0,
  "eps": 190.93302922456013,
  "eps_ttm": 190.93302922456013,
  "earnings_per_share": 190.93302922456013,
  "bvps": 8064.2343091761,
  "book_value_per_share": 8064.2343091761,
  "market_cap": 179978457780.0,
  "debt_to_equity": 4.0808652358,
  "current_ratio": 0.6751754144,
  "quick_ratio": 0.5852932467,
  "cash_ratio": 0.157881311,
  "interest_coverage": -0.9579356136624295,
  "asset_turnover": 1.7529438965,
  "inventory_turnover": 34.2652319527,
  "fixed_asset_turnover": 23.3275846713,
  "current_price": 4940.0,
  "working_capital": -389332580256.0
}