{
  "symbol": "AST",
  "data_source": "VCI",
  "data_period": "year",
  "last_updated": "2025-11-17T15:34:40.294133",
  "name": "Công ty Cổ phần Dịch vụ Hàng không Taseco",
  "exchange": "HSX",
  "sector": "Bán lẻ",
  "shares_outstanding": 45000000.0,
  "charter_capital": 450000000000.0,
  "revenue": 1330042251352.0,
  "revenue_ttm": 1330042251352.0,
  "net_income": 202378837412.0,
  "net_income_ttm": 202378837412.0,
  "total_assets": 853280271228.0,
  "total_equity": 618299638731.0,
  "total_liabilities": 234980632497.0,
  "total_debt": 234980632497.0,
  "current_assets": 605817871710.0,
  "current_liabilities": 234424882497.0,
  "cash": 134540302448.0,
  "accounts_receivable": 62717781624.0,
  "fixed_assets": 136128332805.0,
  "ppe": 136128332805.0,
  "depreciation": 34317991996.0,
  "roe": 28.810683129999997,
  "roa": 18.41050507,
  "roic": 36.92117478,
  "net_profit_margin": 11.174160692182925,
  "net_margin": 11.174160692182925,
  "gross_profit_margin": 61.13665011674874,
  "gross_margin": 61.13665011674874,
  "ebit_margin": 18.463892805688552,
  "pe_ratio": 22.8743983754,
  "pb_ratio": 6.2924925936,
  "ps_ratio": 2.4901464571,
  "ev_ebitda": 11.5196545851,
  "ebitda": 279895567556.0,
  "dividend_per_share": 0.0,
  "eps": 3302.6901875555554,
  "eps_ttm": 3302.6901875555554,
  "earnings_per_share": 3302.6901875555554,
  "bvps": 11696.4778115111,
  "book_value_per_share": 11696.4778115111,
  "market_cap": 3312000000000.0,
  "debt_to_equity": 0.3800432958,
  "current_ratio": 2.5842729034,
  "quick_ratio": 0.8414554034,
  "cash_ratio": 0.573916476,
  "interest_coverage": -106.02061474339884,
  "asset_turnover": 1.6475962333,
  "inventory_turnover": 5.5249215082,
  "fixed_asset_turnover": 10.397332024,
  "current_price": 73500.0,
  "working_capital": 371392989213.0
}