{
  "symbol": "ATS",
  "data_source": "VCI",
  "data_period": "year",
  "last_updated": "2025-11-17T13:28:03.845121",
  "name": "Công ty Cổ phần Tập đoàn Đầu tư ATS",
  "exchange": "HNX",
  "sector": "Du lịch và Giải trí",
  "shares_outstanding": 3500000.0,
  "charter_capital": 35000000000.0,
  "revenue": 50615224450.0,
  "revenue_ttm": 50615224450.0,
  "net_income": 198740216.0,
  "net_income_ttm": 198740216.0,
  "total_assets": 48375125736.0,
  "total_equity": 43652890545.0,
  "total_liabilities": 4722235191.0,
  "total_debt": 4722235191.0,
  "current_assets": 15231771464.0,
  "current_liabilities": 4722235191.0,
  "cash": 962442410.0,
  "accounts_receivable": 4525017958.0,
  "fixed_assets": 98750286.0,
  "ppe": 98750286.0,
  "depreciation": 0.0,
  "roe": 0.45631263000000005,
  "roa": 0.40242461,
  "roic": 1.7767800399999998,
  "net_profit_margin": 0.3926490856448232,
  "net_margin": 0.3926490856448232,
  "gross_profit_margin": 5.2315320020279,
  "gross_margin": 5.2315320020279,
  "ebit_margin": 1.5323765772612317,
  "pe_ratio": 484.3005705498,
  "pb_ratio": 2.2048940814,
  "ps_ratio": 1.901601762,
  "ev_ebitda": 120.824777168,
  "ebitda": 788642527.0,
  "dividend_per_share": 0.0,
  "eps": 56.78291885714286,
  "eps_ttm": 56.78291885714286,
  "earnings_per_share": 56.78291885714286,
  "bvps": 12472.2544414286,
  "book_value_per_share": 12472.2544414286,
  "market_cap": 96250000000.0,
  "debt_to_equity": 0.1081769187,
  "current_ratio": 3.2255427457,
  "quick_ratio": 1.1620472395,
  "cash_ratio": 0.2038107742,
  "interest_coverage": 0.0,
  "asset_turnover": 1.0248963344,
  "inventory_turnover": 1212.9509967499,
  "fixed_asset_turnover": 512.5577504657,
  "current_price": 27500.0,
  "working_capital": 10509536273.0
}