{
  "symbol": "BAF",
  "data_source": "VCI",
  "data_period": "year",
  "last_updated": "2025-11-17T15:34:49.129446",
  "name": "Công ty Cổ phần Nông nghiệp BAF Việt Nam",
  "exchange": "HSX",
  "sector": "Thực phẩm và đồ uống",
  "shares_outstanding": 304021642.0,
  "charter_capital": 3040216420000.0,
  "revenue": 5641031044668.0,
  "revenue_ttm": 5641031044668.0,
  "net_income": 318936314048.0,
  "net_income_ttm": 318936314048.0,
  "total_assets": 7449030044505.0,
  "total_equity": 2935751653618.0,
  "total_liabilities": 4513278390887.0,
  "total_debt": 4513278390887.0,
  "current_assets": 3081018989584.0,
  "current_liabilities": 3064578385158.0,
  "cash": 148911935224.0,
  "accounts_receivable": 444109706085.0,
  "fixed_assets": 2394359900776.0,
  "ppe": 2394359900776.0,
  "depreciation": 165204122921.0,
  "roe": 13.14502998,
  "roa": 4.53485708,
  "roic": 9.96805159,
  "net_profit_margin": 5.620726541453807,
  "net_margin": 5.620726541453807,
  "gross_profit_margin": 12.698406139868956,
  "gross_margin": 12.698406139868956,
  "ebit_margin": 8.906120399972837,
  "pe_ratio": 24.3132258217,
  "pb_ratio": 2.6343549386,
  "ps_ratio": 1.3665799368,
  "ev_ebitda": 14.4756994058,
  "ebitda": 667570385799.0,
  "dividend_per_share": 0.0,
  "eps": 1326.4385498029505,
  "eps_ttm": 1326.4385498029505,
  "earnings_per_share": 1326.4385498029505,
  "bvps": 12242.0861091482,
  "book_value_per_share": 12242.0861091482,
  "market_cap": 7708447954500.0,
  "debt_to_equity": 1.5373501997,
  "current_ratio": 1.0053647198,
  "quick_ratio": 0.1935083939,
  "cash_ratio": 0.0485913286,
  "interest_coverage": -2.502453166223687,
  "asset_turnover": 0.8068097677,
  "inventory_turnover": 2.6270262329,
  "fixed_asset_turnover": 2.8120922489,
  "current_price": 32000.0,
  "working_capital": 16440604426.0
}