{
  "symbol": "BAX",
  "data_source": "VCI",
  "data_period": "year",
  "last_updated": "2025-11-17T13:31:31.917498",
  "name": "Công ty Cổ phần Thống Nhất",
  "exchange": "HNX",
  "sector": "Xây dựng và Vật liệu",
  "shares_outstanding": 8200000.0,
  "charter_capital": 82000000000.0,
  "revenue": 72989804812.0,
  "revenue_ttm": 72989804812.0,
  "net_income": 26578738211.0,
  "net_income_ttm": 26578738211.0,
  "total_assets": 724328063781.0,
  "total_equity": 210437106628.0,
  "total_liabilities": 513890957153.0,
  "total_debt": 513890957153.0,
  "current_assets": 300182253950.0,
  "current_liabilities": 58911779613.0,
  "cash": 10096333730.0,
  "accounts_receivable": 19392967462.0,
  "fixed_assets": 23844156898.0,
  "ppe": 23844156898.0,
  "depreciation": 12856687460.0,
  "roe": 12.623690130000002,
  "roa": 3.66816126,
  "roic": 10.0630977,
  "net_profit_margin": 36.414316053398025,
  "net_margin": 36.414316053398025,
  "gross_profit_margin": 56.58320738954766,
  "gross_margin": 56.58320738954766,
  "ebit_margin": 29.01294461540805,
  "pe_ratio": 12.447786789,
  "pb_ratio": 1.402794425,
  "ps_ratio": 4.0444004578,
  "ev_ebitda": 8.3772269817,
  "ebitda": 34033179105.0,
  "dividend_per_share": 0.0,
  "eps": 3241.3095379268293,
  "eps_ttm": 3241.3095379268293,
  "earnings_per_share": 3241.3095379268293,
  "bvps": 25663.0617839024,
  "book_value_per_share": 25663.0617839024,
  "market_cap": 295200000000.0,
  "debt_to_equity": 2.4420168353,
  "current_ratio": 5.0954538451,
  "quick_ratio": 0.5005671427,
  "cash_ratio": 0.1713805591,
  "interest_coverage": 0.0,
  "asset_turnover": 0.1007340425,
  "inventory_turnover": 0.8866538993,
  "fixed_asset_turnover": 2.9571695079,
  "current_price": 36000.0,
  "working_capital": 241270474337.0
}