{
  "symbol": "BBC",
  "data_source": "VCI",
  "data_period": "year",
  "last_updated": "2025-11-17T15:36:13.764398",
  "name": "Công ty Cổ phần Bibica",
  "exchange": "HSX",
  "sector": "Thực phẩm và đồ uống",
  "shares_outstanding": 18752687.0,
  "charter_capital": 187526870000.0,
  "revenue": 1862346212391.0,
  "revenue_ttm": 1862346212391.0,
  "net_income": 116176650919.0,
  "net_income_ttm": 116176650919.0,
  "total_assets": 2190476007999.0,
  "total_equity": 1495788477986.0,
  "total_liabilities": 694687530013.0,
  "total_debt": 694687530013.0,
  "current_assets": 1173101914946.0,
  "current_liabilities": 681121907821.0,
  "cash": 673007696093.0,
  "accounts_receivable": 153067810933.0,
  "fixed_assets": 540032259558.0,
  "ppe": 540032259558.0,
  "depreciation": 74822026852.0,
  "roe": 7.9896436,
  "roa": 5.142040140000001,
  "roic": 5.47942434,
  "net_profit_margin": 6.532393317980356,
  "net_margin": 6.532393317980356,
  "gross_profit_margin": 34.81560950277491,
  "gross_margin": 34.81560950277491,
  "ebit_margin": 5.576101299011886,
  "pe_ratio": 13.5942339986,
  "pb_ratio": 1.0031053932,
  "ps_ratio": 0.8436231464,
  "ev_ebitda": 6.558698434,
  "ebitda": 173981830886.0,
  "dividend_per_share": 0.0,
  "eps": 6194.607956022515,
  "eps_ttm": 6194.607956022515,
  "earnings_per_share": 6194.607956022515,
  "bvps": 79752.3376306553,
  "book_value_per_share": 79752.3376306553,
  "market_cap": 1500214960000.0,
  "debt_to_equity": 0.4644289886,
  "current_ratio": 1.7223082997,
  "quick_ratio": 1.2187734816,
  "cash_ratio": 0.9940445319,
  "interest_coverage": -7.087726259098963,
  "asset_turnover": 0.7871602163,
  "inventory_turnover": 9.0582297071,
  "fixed_asset_turnover": 3.1288401833,
  "current_price": 78000.0,
  "working_capital": 491980007125.0
}