{
  "symbol": "BBS",
  "data_source": "VCI",
  "data_period": "year",
  "last_updated": "2025-11-17T13:31:41.720946",
  "name": "Công ty Cổ phần VICEM Bao bì Bút Sơn",
  "exchange": "HNX",
  "sector": "Hàng & Dịch vụ Công nghiệp",
  "shares_outstanding": 6000000.0,
  "charter_capital": 60000000000.0,
  "revenue": 355507372286.0,
  "revenue_ttm": 355507372286.0,
  "net_income": 6189585588.0,
  "net_income_ttm": 6189585588.0,
  "total_assets": 291306659104.0,
  "total_equity": 107830148849.0,
  "total_liabilities": 183476510255.0,
  "total_debt": 183476510255.0,
  "current_assets": 222072184296.0,
  "current_liabilities": 183476510255.0,
  "cash": 2503093254.0,
  "accounts_receivable": 174725579150.0,
  "fixed_assets": 69234474808.0,
  "ppe": 69234474808.0,
  "depreciation": 14325560274.0,
  "roe": 5.75698713,
  "roa": 2.09580805,
  "roic": 7.3271452,
  "net_profit_margin": 1.7410568867248628,
  "net_margin": 1.7410568867248628,
  "gross_profit_margin": 10.24800418250981,
  "gross_margin": 10.24800418250981,
  "ebit_margin": 4.4346502472294445,
  "pe_ratio": 13.0909090909,
  "pb_ratio": 0.7344884603,
  "ps_ratio": 0.2227801902,
  "ev_ebitda": 6.1158522216,
  "ebitda": 30091068838.0,
  "dividend_per_share": 0.0,
  "eps": 1031.597598,
  "eps_ttm": 1031.597598,
  "earnings_per_share": 1031.597598,
  "bvps": 17971.6914748333,
  "book_value_per_share": 17971.6914748333,
  "market_cap": 79200000000.0,
  "debt_to_equity": 1.7015325696,
  "current_ratio": 1.2103575765,
  "quick_ratio": 0.9659474783,
  "cash_ratio": 0.0136425816,
  "interest_coverage": -2.300810583366492,
  "asset_turnover": 1.2037562166,
  "inventory_turnover": 6.7239991191,
  "fixed_asset_turnover": 4.6711609952,
  "current_price": 13200.0,
  "working_capital": 38595674041.0
}