{
  "symbol": "BCC",
  "data_source": "VCI",
  "data_period": "year",
  "last_updated": "2025-11-17T13:31:50.331207",
  "name": "Công ty Cổ phần Xi măng Bỉm Sơn",
  "exchange": "HNX",
  "sector": "Xây dựng và Vật liệu",
  "shares_outstanding": 123209812.0,
  "charter_capital": 1232098120000.0,
  "revenue": 3625325908207.0,
  "revenue_ttm": 3625325908207.0,
  "net_income": -8133426100.0,
  "net_income_ttm": -8133426100.0,
  "total_assets": 3412371648825.0,
  "total_equity": 1776788715715.0,
  "total_liabilities": 1635582933110.0,
  "total_debt": 1635582933110.0,
  "current_assets": 672229543798.0,
  "current_liabilities": 1611658282496.0,
  "cash": 150704730540.0,
  "accounts_receivable": 61117412886.0,
  "fixed_assets": 2597590850642.0,
  "ppe": 2597590850642.0,
  "depreciation": 321758210919.0,
  "roe": -0.34244854999999996,
  "roa": -0.17602667,
  "roic": 0.29985831,
  "net_profit_margin": -0.17837660563938948,
  "net_margin": -0.17837660563938948,
  "gross_profit_margin": 8.611646034021563,
  "gross_margin": 8.611646034021563,
  "ebit_margin": 0.20592573890222568,
  "pe_ratio": -152.4840186522,
  "pb_ratio": 0.5230749483,
  "ps_ratio": 0.2719958166,
  "ev_ebitda": 4.3064537378,
  "ebitda": 328940856357.0,
  "dividend_per_share": 0.0,
  "eps": -50.497095158297945,
  "eps_ttm": -50.497095158297945,
  "earnings_per_share": -50.497095158297945,
  "bvps": 14720.6438107786,
  "book_value_per_share": 14720.6438107786,
  "market_cap": 948715552400.0,
  "debt_to_equity": 0.920527533,
  "current_ratio": 0.4171042653,
  "quick_ratio": 0.131431176,
  "cash_ratio": 0.0935091093,
  "interest_coverage": -0.1991436217014718,
  "asset_turnover": 0.9868259968,
  "inventory_turnover": 7.6560837294,
  "fixed_asset_turnover": 1.2682406835,
  "current_price": 8000.0,
  "working_capital": -939428738698.0
}