{
  "symbol": "BCE",
  "data_source": "VCI",
  "data_period": "year",
  "last_updated": "2025-11-17T15:36:21.999083",
  "name": "Công ty Cổ phần Xây dựng và Giao thông Bình Dương",
  "exchange": "HSX",
  "sector": "Xây dựng và Vật liệu",
  "shares_outstanding": 35000000.0,
  "charter_capital": 350000000000.0,
  "revenue": 298034721682.0,
  "revenue_ttm": 298034721682.0,
  "net_income": 74583327505.0,
  "net_income_ttm": 74583327505.0,
  "total_assets": 713164517958.0,
  "total_equity": 385804560515.0,
  "total_liabilities": 327359957443.0,
  "total_debt": 327359957443.0,
  "current_assets": 586003796309.0,
  "current_liabilities": 325580889718.0,
  "cash": 80831783794.0,
  "accounts_receivable": 423783114011.0,
  "fixed_assets": 65890737015.0,
  "ppe": 65890737015.0,
  "depreciation": 5497838746.0,
  "roe": 20.740418769999998,
  "roa": 10.64866449,
  "roic": 17.3800593,
  "net_profit_margin": 25.45960056221351,
  "net_margin": 25.45960056221351,
  "gross_profit_margin": 37.66036879745852,
  "gross_margin": 37.66036879745852,
  "ebit_margin": 28.2134942746669,
  "pe_ratio": 5.0224971569,
  "pb_ratio": 0.9525548363,
  "ps_ratio": 1.2544899134,
  "ev_ebitda": 4.2702104375,
  "ebitda": 88148635973.0,
  "dividend_per_share": 0.0,
  "eps": 2130.9522144285716,
  "eps_ttm": 2130.9522144285716,
  "earnings_per_share": 2130.9522144285716,
  "bvps": 11022.9874432857,
  "book_value_per_share": 11022.9874432857,
  "market_cap": 367500000000.0,
  "debt_to_equity": 0.84851241,
  "current_ratio": 1.7998715982,
  "quick_ratio": 1.5498910217,
  "cash_ratio": 0.2482694358,
  "interest_coverage": -16.936389738213432,
  "asset_turnover": 0.4182573274,
  "inventory_turnover": 3.788994392,
  "fixed_asset_turnover": 4.4638167193,
  "current_price": 10600.0,
  "working_capital": 260422906591.0
}