{
  "symbol": "BCF",
  "data_source": "VCI",
  "data_period": "year",
  "last_updated": "2025-11-17T13:32:01.345998",
  "name": "Công ty Cổ phần Thực phẩm Bích Chi",
  "exchange": "HNX",
  "sector": "Thực phẩm và đồ uống",
  "shares_outstanding": 37964770.0,
  "charter_capital": 379647700000.0,
  "revenue": 773292152622.0,
  "revenue_ttm": 773292152622.0,
  "net_income": 103250566485.0,
  "net_income_ttm": 103250566485.0,
  "total_assets": 646644764210.0,
  "total_equity": 395382822316.0,
  "total_liabilities": 251261941894.0,
  "total_debt": 251261941894.0,
  "current_assets": 406722778680.0,
  "current_liabilities": 166242370911.0,
  "cash": 93488227698.0,
  "accounts_receivable": 108333241605.0,
  "fixed_assets": 70702875139.0,
  "ppe": 70702875139.0,
  "depreciation": 18246005645.0,
  "roe": 27.571259949999998,
  "roa": 18.3059143,
  "roic": 22.42440818,
  "net_profit_margin": 13.551930790160114,
  "net_margin": 13.551930790160114,
  "gross_profit_margin": 26.294500245545965,
  "gross_margin": 26.294500245545965,
  "ebit_margin": 15.662703391085413,
  "pe_ratio": 13.1648502045,
  "pb_ratio": 3.437878847,
  "ps_ratio": 1.7840913883,
  "ev_ebitda": 10.1946366909,
  "ebitda": 137578300272.0,
  "dividend_per_share": 0.0,
  "eps": 3045.989842439259,
  "eps_ttm": 3045.989842439259,
  "earnings_per_share": 3045.989842439259,
  "bvps": 11664.1690370238,
  "book_value_per_share": 11664.1690370238,
  "market_cap": 1359278241300.0,
  "debt_to_equity": 0.6354902836,
  "current_ratio": 2.4465650751,
  "quick_ratio": 1.2140194356,
  "cash_ratio": 0.5623610105,
  "interest_coverage": -43.311669647044816,
  "asset_turnover": 1.3507975053,
  "inventory_turnover": 5.1691835581,
  "fixed_asset_turnover": 11.1278687914,
  "current_price": 40100.0,
  "working_capital": 240480407769.0
}