{
  "symbol": "BCG",
  "data_source": "VCI",
  "data_period": "year",
  "last_updated": "2025-11-17T15:36:31.098210",
  "name": "Công ty Cổ phần Tập đoàn Bamboo Capital",
  "exchange": "HSX",
  "sector": "Dịch vụ tài chính",
  "shares_outstanding": 880210644.0,
  "charter_capital": 8802106440000.0,
  "revenue": 4731106990023.0,
  "revenue_ttm": 4731106990023.0,
  "net_income": 844797960881.0,
  "net_income_ttm": 844797960881.0,
  "total_assets": 46522627426159.0,
  "total_equity": 21393588958204.0,
  "total_liabilities": 25129038467955.0,
  "total_debt": 25129038467955.0,
  "current_assets": 22192281555771.0,
  "current_liabilities": 13228418570929.0,
  "cash": 722226654595.0,
  "accounts_receivable": 16548528646839.0,
  "fixed_assets": 9146761672416.0,
  "ppe": 9146761672416.0,
  "depreciation": 646350245804.0,
  "roe": 4.80944817,
  "roa": 0.91269514,
  "roic": 1.5225801,
  "net_profit_margin": 9.241231070468645,
  "net_margin": 9.241231070468645,
  "gross_profit_margin": 26.305750201712293,
  "gross_margin": 26.305750201712293,
  "ebit_margin": 11.48380842827514,
  "pe_ratio": 5.5120265953,
  "pb_ratio": 0.2237306971,
  "ps_ratio": 0.5093791143,
  "ev_ebitda": 11.3941668307,
  "ebitda": 1148405992162.0,
  "dividend_per_share": 0.0,
  "eps": 458.9963339695765,
  "eps_ttm": 458.9963339695765,
  "earnings_per_share": 458.9963339695765,
  "bvps": 11308.2381290813,
  "book_value_per_share": 11308.2381290813,
  "market_cap": 2226932929320.0,
  "debt_to_equity": 1.1746060241,
  "current_ratio": 1.6776216625,
  "quick_ratio": 1.305958597,
  "cash_ratio": 0.0549754535,
  "interest_coverage": -0.45478845794049366,
  "asset_turnover": 0.0987633715,
  "inventory_turnover": 0.8950334999,
  "fixed_asset_turnover": 0.4662934123,
  "current_price": 2530.0,
  "working_capital": 8963862984842.0
}