{
  "symbol": "BCM",
  "data_source": "VCI",
  "data_period": "year",
  "last_updated": "2025-11-17T15:36:39.136091",
  "name": "Tập đoàn Đầu tư và Phát triển Công nghiệp Becamex - CTCP",
  "exchange": "HSX",
  "sector": "Bất động sản",
  "shares_outstanding": 1035000000.0,
  "charter_capital": 10350000000000.0,
  "revenue": 5313486976247.0,
  "revenue_ttm": 5313486976247.0,
  "net_income": 2395046491307.0,
  "net_income_ttm": 2395046491307.0,
  "total_assets": 58780757768275.0,
  "total_equity": 20679200335365.0,
  "total_liabilities": 38101557432910.0,
  "total_debt": 38101557432910.0,
  "current_assets": 31703966346820.0,
  "current_liabilities": 21929549417474.0,
  "cash": 2205138245025.0,
  "accounts_receivable": 8063773609382.0,
  "fixed_assets": 1062168940344.0,
  "ppe": 1062168940344.0,
  "depreciation": 262181937266.0,
  "roe": 11.465333,
  "roa": 3.89839633,
  "roic": 4.02787266,
  "net_profit_margin": 41.74446303390932,
  "net_margin": 41.74446303390932,
  "gross_profit_margin": 66.77255989123225,
  "gross_margin": 66.77255989123225,
  "ebit_margin": 34.062953976169105,
  "pe_ratio": 33.6884304174,
  "pb_ratio": 3.5663465547,
  "ps_ratio": 13.334480929,
  "ev_ebitda": 44.5986259763,
  "ebitda": 2046820675615.0,
  "dividend_per_share": 0.0,
  "eps": 2113.1315645507248,
  "eps_ttm": 2113.1315645507248,
  "earnings_per_share": 2113.1315645507248,
  "bvps": 18926.9323560551,
  "book_value_per_share": 18926.9323560551,
  "market_cap": 69862500000000.0,
  "debt_to_equity": 1.8425063259,
  "current_ratio": 1.4457190042,
  "quick_ratio": 0.4682682557,
  "cash_ratio": 0.1005555656,
  "interest_coverage": -1.3781215903633974,
  "asset_turnover": 0.0933871476,
  "inventory_turnover": 0.0851476191,
  "fixed_asset_turnover": 4.7162079231,
  "current_price": 68900.0,
  "working_capital": 9774416929346.0
}