{
  "symbol": "BED",
  "data_source": "VCI",
  "data_period": "year",
  "last_updated": "2025-11-17T13:38:36.811606",
  "name": "Công ty Cổ phần Sách và Thiết bị trường học Đà Nẵng",
  "exchange": "HNX",
  "sector": "Truyền thông",
  "shares_outstanding": 3000000.0,
  "charter_capital": 30000000000.0,
  "revenue": 79840305533.0,
  "revenue_ttm": 79840305533.0,
  "net_income": 7492885380.0,
  "net_income_ttm": 7492885380.0,
  "total_assets": 54259616136.0,
  "total_equity": 43534903161.0,
  "total_liabilities": 10724712975.0,
  "total_debt": 10724712975.0,
  "current_assets": 34289136388.0,
  "current_liabilities": 9862244575.0,
  "cash": 3899327136.0,
  "accounts_receivable": 4323530770.0,
  "fixed_assets": 16587891192.0,
  "ppe": 16587891192.0,
  "depreciation": 822474561.0,
  "roe": 17.308128110000002,
  "roa": 13.880538170000001,
  "roic": 15.80675798,
  "net_profit_margin": 9.42303562653258,
  "net_margin": 9.42303562653258,
  "gross_profit_margin": 26.54975209484947,
  "gross_margin": 26.54975209484947,
  "ebit_margin": 8.654104409883178,
  "pe_ratio": 10.8734726449,
  "pb_ratio": 1.7778838215,
  "ps_ratio": 0.9733806411,
  "ev_ebitda": 9.5406708083,
  "ebitda": 7703931342.0,
  "dividend_per_share": 0.0,
  "eps": 2497.62846,
  "eps_ttm": 2497.62846,
  "earnings_per_share": 2497.62846,
  "bvps": 14511.634387,
  "book_value_per_share": 14511.634387,
  "market_cap": 77400000000.0,
  "debt_to_equity": 0.2463474637,
  "current_ratio": 3.4768085629,
  "quick_ratio": 0.8337714446,
  "cash_ratio": 0.3953792776,
  "interest_coverage": -324.5969567269893,
  "asset_turnover": 1.4730431594,
  "inventory_turnover": 4.0631857475,
  "fixed_asset_turnover": 4.7517445125,
  "current_price": 25800.0,
  "working_capital": 24426891813.0
}