{
  "symbol": "BFC",
  "data_source": "VCI",
  "data_period": "year",
  "last_updated": "2025-11-17T15:36:47.064875",
  "name": "Công ty Cổ phần Phân bón Bình Điền",
  "exchange": "HSX",
  "sector": "Hóa chất",
  "shares_outstanding": 57167993.0,
  "charter_capital": 571679930000.0,
  "revenue": 9489135612937.0,
  "revenue_ttm": 9489135612937.0,
  "net_income": 425614471466.0,
  "net_income_ttm": 425614471466.0,
  "total_assets": 3277320050193.0,
  "total_equity": 1517363750737.0,
  "total_liabilities": 1759956299456.0,
  "total_debt": 1759956299456.0,
  "current_assets": 2608895504667.0,
  "current_liabilities": 1743091417540.0,
  "cash": 626550473599.0,
  "accounts_receivable": 463775594905.0,
  "fixed_assets": 633070762630.0,
  "ppe": 633070762630.0,
  "depreciation": 92255883749.0,
  "roe": 30.63654622,
  "roa": 10.606299719999999,
  "roic": 25.76359055,
  "net_profit_margin": 3.814886222611362,
  "net_margin": 3.814886222611362,
  "gross_profit_margin": 14.890276967534891,
  "gross_margin": 14.890276967534891,
  "ebit_margin": 6.327169007342831,
  "pe_ratio": 8.0455923633,
  "pb_ratio": 2.090848344,
  "ps_ratio": 0.2810065381,
  "ev_ebitda": 4.0680818402,
  "ebitda": 684367781733.0,
  "dividend_per_share": 0.0,
  "eps": 6244.864173874356,
  "eps_ttm": 6244.864173874356,
  "earnings_per_share": 6244.864173874356,
  "bvps": 22000.639181456,
  "book_value_per_share": 22000.639181456,
  "market_cap": 2629727678000.0,
  "debt_to_equity": 1.1598776487,
  "current_ratio": 1.4967060697,
  "quick_ratio": 0.6255128432,
  "cash_ratio": 0.3594478564,
  "interest_coverage": -10.429046121181253,
  "asset_turnover": 2.780240117,
  "inventory_turnover": 5.3291648591,
  "fixed_asset_turnover": 14.6286083524,
  "current_price": 45400.0,
  "working_capital": 865804087127.0
}