{
  "symbol": "BHN",
  "data_source": "VCI",
  "data_period": "year",
  "last_updated": "2025-11-17T15:37:13.894224",
  "name": "Tổng Công ty Cổ phần Bia - Rượu - Nước giải khát Hà Nội",
  "exchange": "HSX",
  "sector": "Thực phẩm và đồ uống",
  "shares_outstanding": 231800000.0,
  "charter_capital": 2318000000000.0,
  "revenue": 8301777944671.0,
  "revenue_ttm": 8301777944671.0,
  "net_income": 391140013450.0,
  "net_income_ttm": 391140013450.0,
  "total_assets": 7259200002724.0,
  "total_equity": 5266379775698.0,
  "total_liabilities": 1992820227026.0,
  "total_debt": 1992820227026.0,
  "current_assets": 5352518818851.0,
  "current_liabilities": 1869699422684.0,
  "cash": 1036109602407.0,
  "accounts_receivable": 250501738886.0,
  "fixed_assets": 1194282460747.0,
  "ppe": 1194282460747.0,
  "depreciation": 383094400520.0,
  "roe": 8.034308580000001,
  "roa": 5.14542209,
  "roic": 5.6273010999999995,
  "net_profit_margin": 4.51068398806668,
  "net_margin": 4.51068398806668,
  "gross_profit_margin": 26.666105331333135,
  "gross_margin": 26.666105331333135,
  "ebit_margin": 3.655012980253684,
  "pe_ratio": 19.6967089359,
  "pb_ratio": 1.5899563913,
  "ps_ratio": 0.8884562961,
  "ev_ebitda": 9.2719641026,
  "ebitda": 683478430591.0,
  "dividend_per_share": 0.0,
  "eps": 1599.251941147541,
  "eps_ttm": 1599.251941147541,
  "earnings_per_share": 1599.251941147541,
  "bvps": 19811.8641323684,
  "book_value_per_share": 19811.8641323684,
  "market_cap": 7301700000000.0,
  "debt_to_equity": 0.3784042002,
  "current_ratio": 2.8627696805,
  "quick_ratio": 0.6881380642,
  "cash_ratio": 0.5541583796,
  "interest_coverage": -102.89223548144757,
  "asset_turnover": 1.1407188138,
  "inventory_turnover": 8.1932056311,
  "fixed_asset_turnover": 6.0397230743,
  "current_price": 31500.0,
  "working_capital": 3482819396167.0
}