{
  "symbol": "BIC",
  "data_source": "VCI",
  "data_period": "year",
  "last_updated": "2025-11-17T15:38:13.248450",
  "name": "Tổng Công ty Cổ phần Bảo hiểm Ngân hàng Đầu tư và Phát triển Việt Nam",
  "exchange": "HSX",
  "sector": "Bảo hiểm",
  "shares_outstanding": 202067057.0,
  "charter_capital": 2020670570000.0,
  "revenue": 5524525927458.0,
  "revenue_ttm": 5524525927458.0,
  "net_income": 498866331391.0,
  "net_income_ttm": 498866331391.0,
  "total_assets": 8684226097796.0,
  "total_equity": 2963031221744.0,
  "total_liabilities": 5721194876052.0,
  "total_debt": 5721194876052.0,
  "current_assets": 7555346545052.0,
  "current_liabilities": 5716568080205.0,
  "cash": 89593198899.0,
  "accounts_receivable": 478846325835.0,
  "fixed_assets": 69320249972.0,
  "ppe": 69320249972.0,
  "depreciation": 10032496913.0,
  "roe": 17.30028101,
  "roa": 6.0812002099999996,
  "roic": -28.082591070000003,
  "net_profit_margin": 12.375994421567095,
  "net_margin": 12.375994421567095,
  "ebit_margin": -22.86102507088216,
  "pe_ratio": 6.7077330151,
  "pb_ratio": 0.9535516355,
  "ev_ebitda": -3.3301434462,
  "ebitda": -901795802694.0,
  "dividend_per_share": 0.0,
  "eps": 4209.058992992609,
  "eps_ttm": 4209.058992992609,
  "earnings_per_share": 4209.058992992609,
  "bvps": 25116.626208436,
  "book_value_per_share": 25116.626208436,
  "market_cap": 2808781635250.0,
  "debt_to_equity": 1.9308587888,
  "current_ratio": 1.3216577567,
  "quick_ratio": 0.1882893766,
  "cash_ratio": 0.1045247264,
  "asset_turnover": 0.5253321374,
  "current_price": 23950.0,
  "working_capital": 1838778464847.0
}