{
  "symbol": "BID",
  "data_source": "VCI",
  "data_period": "year",
  "last_updated": "2025-11-17T15:38:21.554941",
  "name": "Ngân hàng Thương mại Cổ phần Đầu tư và Phát triển Việt Nam",
  "exchange": "HSX",
  "sector": "Ngân hàng",
  "shares_outstanding": 7021361917.0,
  "charter_capital": 70213619170000.0,
  "revenue": 138288411000000.0,
  "revenue_ttm": 138288411000000.0,
  "net_income": 25604037000000.0,
  "net_income_ttm": 25604037000000.0,
  "total_assets": 2760791854000000.0,
  "total_equity": 144911113000000.0,
  "total_liabilities": 2615880741000000.0,
  "total_debt": 2615880741000000.0,
  "cash": 10772890000000.0,
  "fixed_assets": 12119817000000.0,
  "ppe": 12119817000000.0,
  "roe": 19.12333112,
  "roa": 1.01168526,
  "net_profit_margin": 43.33923037914909,
  "net_margin": 43.33923037914909,
  "pe_ratio": 12.0317386693,
  "pb_ratio": 1.8937947666,
  "ps_ratio": 3.263223363,
  "dividend_per_share": 0.0,
  "eps": 3644.7961195533703,
  "eps_ttm": 3644.7961195533703,
  "earnings_per_share": 3644.7961195533703,
  "bvps": 20250.346381979,
  "book_value_per_share": 20250.346381979,
  "market_cap": 264519711755000.0,
  "current_price": 38400.0
}