{
  "symbol": "BKC",
  "data_source": "VCI",
  "data_period": "year",
  "last_updated": "2025-11-17T13:38:46.026846",
  "name": "Công ty Cổ phần Khoáng sản Bắc Kạn",
  "exchange": "HNX",
  "sector": "Tài nguyên Cơ bản",
  "shares_outstanding": 23475456.0,
  "charter_capital": 234754560000.0,
  "revenue": 567481233266.0,
  "revenue_ttm": 567481233266.0,
  "net_income": 51869001852.0,
  "net_income_ttm": 51869001852.0,
  "total_assets": 428046906095.0,
  "total_equity": 234928396177.0,
  "total_liabilities": 193118509918.0,
  "total_debt": 193118509918.0,
  "current_assets": 284957202331.0,
  "current_liabilities": 160692053433.0,
  "cash": 143694292293.0,
  "accounts_receivable": 39494748451.0,
  "fixed_assets": 43631497699.0,
  "ppe": 43631497699.0,
  "depreciation": 12836184414.0,
  "roe": 24.81842916,
  "roa": 13.024153909999999,
  "roic": 24.99266573,
  "net_profit_margin": 9.140214479601482,
  "net_margin": 9.140214479601482,
  "gross_profit_margin": 15.846581772484464,
  "gross_margin": 15.846581772484464,
  "ebit_margin": 12.425416508346169,
  "pe_ratio": 5.1369106034,
  "pb_ratio": 1.1341601524,
  "ps_ratio": 0.4695246468,
  "ev_ebitda": 2.0390884872,
  "ebitda": 83348091254.0,
  "dividend_per_share": 0.0,
  "eps": 4418.998451148297,
  "eps_ttm": 4418.998451148297,
  "earnings_per_share": 4418.998451148297,
  "bvps": 20014.8100362353,
  "book_value_per_share": 20014.8100362353,
  "market_cap": 266446425600.0,
  "debt_to_equity": 0.8220313639,
  "current_ratio": 1.7733123465,
  "quick_ratio": 1.1400006213,
  "cash_ratio": 0.8942215201,
  "interest_coverage": -8.234774717440457,
  "asset_turnover": 1.4249286974,
  "inventory_turnover": 4.0447528235,
  "fixed_asset_turnover": 11.4141797771,
  "current_price": 23300.0,
  "working_capital": 124265148898.0
}