{
  "symbol": "BKG",
  "data_source": "VCI",
  "data_period": "year",
  "last_updated": "2025-11-17T15:38:29.404109",
  "name": "Công ty Cổ phần Đầu tư BKG Việt Nam",
  "exchange": "HSX",
  "sector": "Hàng cá nhân & Gia dụng",
  "shares_outstanding": 71609020.0,
  "charter_capital": 716090200000.0,
  "revenue": 288726652811.0,
  "revenue_ttm": 288726652811.0,
  "net_income": 14869288906.0,
  "net_income_ttm": 14869288906.0,
  "total_assets": 796710502449.0,
  "total_equity": 751942164759.0,
  "total_liabilities": 44768337690.0,
  "total_debt": 44768337690.0,
  "current_assets": 447967321580.0,
  "current_liabilities": 44750468690.0,
  "cash": 43620737013.0,
  "accounts_receivable": 276402201868.0,
  "fixed_assets": 50164183511.0,
  "ppe": 50164183511.0,
  "depreciation": 4686613284.0,
  "roe": 1.9781611099999998,
  "roa": 1.70071962,
  "roic": 2.5379707299999996,
  "net_profit_margin": 5.042572922954385,
  "net_margin": 5.042572922954385,
  "gross_profit_margin": 9.74509103162645,
  "gross_margin": 9.74509103162645,
  "ebit_margin": 6.878917808464727,
  "pe_ratio": 14.066780146,
  "pb_ratio": 0.275510856,
  "ps_ratio": 0.7093276468,
  "ev_ebitda": 7.8134574648,
  "ebitda": 24547882422.0,
  "dividend_per_share": 0.0,
  "eps": 203.3158953439106,
  "eps_ttm": 203.3158953439106,
  "earnings_per_share": 203.3158953439106,
  "bvps": 10380.716179107,
  "book_value_per_share": 10380.716179107,
  "market_cap": 204801797200.0,
  "debt_to_equity": 0.0595369429,
  "current_ratio": 10.0103380969,
  "quick_ratio": 7.1512756905,
  "cash_ratio": 0.9747548638,
  "interest_coverage": -15.218489351367088,
  "asset_turnover": 0.337272192,
  "inventory_turnover": 2.3241071719,
  "fixed_asset_turnover": 5.4142833708,
  "current_price": 2880.0,
  "working_capital": 403216852890.0
}