{
  "symbol": "BMC",
  "data_source": "VCI",
  "data_period": "year",
  "last_updated": "2025-11-17T15:38:37.451618",
  "name": "Công ty Cổ phần Khoáng sản Bình Định",
  "exchange": "HSX",
  "sector": "Tài nguyên Cơ bản",
  "shares_outstanding": 12392630.0,
  "charter_capital": 123926300000.0,
  "revenue": 195319562182.0,
  "revenue_ttm": 195319562182.0,
  "net_income": 25541438834.0,
  "net_income_ttm": 25541438834.0,
  "total_assets": 257035164033.0,
  "total_equity": 236788834870.0,
  "total_liabilities": 20246329163.0,
  "total_debt": 20246329163.0,
  "current_assets": 211050541521.0,
  "current_liabilities": 20246329163.0,
  "cash": 45356517032.0,
  "accounts_receivable": 12744913029.0,
  "fixed_assets": 24886798865.0,
  "ppe": 24886798865.0,
  "depreciation": 6586037037.0,
  "roe": 10.9832423,
  "roa": 10.05940926,
  "roic": 11.66374622,
  "net_profit_margin": 13.076743849241442,
  "net_margin": 13.076743849241442,
  "gross_profit_margin": 27.54949978223887,
  "gross_margin": 27.54949978223887,
  "ebit_margin": 14.140134494703071,
  "pe_ratio": 9.2025451255,
  "pb_ratio": 0.8556970206,
  "ps_ratio": 1.0373743328,
  "ev_ebitda": 4.5977297913,
  "ebitda": 34204485824.0,
  "dividend_per_share": 0.0,
  "eps": 2061.0184306317547,
  "eps_ttm": 2061.0184306317547,
  "earnings_per_share": 2061.0184306317547,
  "bvps": 19107.2302545949,
  "book_value_per_share": 19107.2302545949,
  "market_cap": 202619500500.0,
  "debt_to_equity": 0.0855037324,
  "current_ratio": 10.4241386091,
  "quick_ratio": 2.869726635,
  "cash_ratio": 2.240234102,
  "interest_coverage": 0.0,
  "asset_turnover": 0.7692594867,
  "inventory_turnover": 1.6227486642,
  "fixed_asset_turnover": 7.3884157742,
  "current_price": 16450.0,
  "working_capital": 190804212358.0
}