{
  "symbol": "BMI",
  "data_source": "VCI",
  "data_period": "year",
  "last_updated": "2025-11-17T15:38:46.368774",
  "name": "Tổng Công ty Cổ phần Bảo Minh",
  "exchange": "HSX",
  "sector": "Bảo hiểm",
  "shares_outstanding": 150547626.0,
  "charter_capital": 1505476260000.0,
  "revenue": 6654892913332.0,
  "revenue_ttm": 6654892913332.0,
  "net_income": 237674042229.0,
  "net_income_ttm": 237674042229.0,
  "total_assets": 7749557171700.0,
  "total_equity": 2787543499599.0,
  "total_liabilities": 4962013672101.0,
  "total_debt": 4962013672101.0,
  "current_assets": 6728523828604.0,
  "current_liabilities": 4960793200905.0,
  "cash": 446093893383.0,
  "accounts_receivable": 943597007362.0,
  "fixed_assets": 254428218552.0,
  "ppe": 254428218552.0,
  "depreciation": 17999681961.0,
  "roe": 8.753442009999999,
  "roa": 3.22187935,
  "roic": -7.14067046,
  "net_profit_margin": 4.870480739174253,
  "net_margin": 4.870480739174253,
  "ebit_margin": -4.078971980192058,
  "pe_ratio": 10.7431767582,
  "pb_ratio": 0.915994404,
  "ev_ebitda": -11.6392424972,
  "ebitda": -181049613291.0,
  "dividend_per_share": 0.0,
  "eps": 1791.8349882237876,
  "eps_ttm": 1791.8349882237876,
  "earnings_per_share": 1791.8349882237876,
  "bvps": 21015.4122298502,
  "book_value_per_share": 21015.4122298502,
  "market_cap": 2553374246500.0,
  "debt_to_equity": 1.7800668125,
  "current_ratio": 1.3563403182,
  "quick_ratio": 0.3073007701,
  "cash_ratio": 0.1170898564,
  "asset_turnover": 0.6944332748,
  "current_price": 19300.0,
  "working_capital": 1767730627699.0
}