{
  "symbol": "BMP",
  "data_source": "VCI",
  "data_period": "year",
  "last_updated": "2025-11-17T15:39:14.873449",
  "name": "Công ty Cổ phần Nhựa Bình Minh",
  "exchange": "HSX",
  "sector": "Xây dựng và Vật liệu",
  "shares_outstanding": 81860938.0,
  "charter_capital": 818609380000.0,
  "revenue": 4678619413752.0,
  "revenue_ttm": 4678619413752.0,
  "net_income": 990761729138.0,
  "net_income_ttm": 990761729138.0,
  "total_assets": 3200494976288.0,
  "total_equity": 2701698690635.0,
  "total_liabilities": 498796285653.0,
  "total_debt": 498796285653.0,
  "current_assets": 2596113208905.0,
  "current_liabilities": 480999507110.0,
  "cash": 504172685550.0,
  "accounts_receivable": 177752774225.0,
  "fixed_assets": 265199250700.0,
  "ppe": 265199250700.0,
  "depreciation": 111113115540.0,
  "roe": 36.75322342,
  "roa": 30.69513927,
  "roic": 47.63370599,
  "net_profit_margin": 21.46513661533919,
  "net_margin": 21.46513661533919,
  "gross_profit_margin": 43.08417063658779,
  "gross_margin": 43.08417063658779,
  "ebit_margin": 28.448040119349983,
  "pe_ratio": 14.2535446205,
  "pb_ratio": 5.1782363269,
  "ps_ratio": 3.0309809994,
  "ev_ebitda": 9.5077384156,
  "ebitda": 1424183231250.0,
  "dividend_per_share": 0.0,
  "eps": 12102.985298531517,
  "eps_ttm": 12102.985298531517,
  "earnings_per_share": 12102.985298531517,
  "bvps": 33003.5149442705,
  "book_value_per_share": 33003.5149442705,
  "market_cap": 13990034304200.0,
  "debt_to_equity": 0.1846232103,
  "current_ratio": 5.3973302894,
  "quick_ratio": 1.4177259014,
  "cash_ratio": 1.0481771355,
  "interest_coverage": -62937.036305589056,
  "asset_turnover": 1.4299997162,
  "inventory_turnover": 6.3292885823,
  "fixed_asset_turnover": 16.7541548419,
  "current_price": 166600.0,
  "working_capital": 2115113701795.0
}