{
  "symbol": "BNA",
  "data_source": "VCI",
  "data_period": "year",
  "last_updated": "2025-11-17T13:38:55.429050",
  "name": "Công ty Cổ phần Tập đoàn Đầu tư Bảo Ngọc",
  "exchange": "HNX",
  "sector": "Thực phẩm và đồ uống",
  "shares_outstanding": 31249394.0,
  "charter_capital": 312493940000.0,
  "revenue": 1740538474234.0,
  "revenue_ttm": 1740538474234.0,
  "net_income": 54351061008.0,
  "net_income_ttm": 54351061008.0,
  "total_assets": 1617193192605.0,
  "total_equity": 539065122727.0,
  "total_liabilities": 1078128069878.0,
  "total_debt": 1078128069878.0,
  "current_assets": 1210576890994.0,
  "current_liabilities": 921918654432.0,
  "cash": 77509856030.0,
  "accounts_receivable": 642711069365.0,
  "fixed_assets": 309760622933.0,
  "ppe": 309760622933.0,
  "depreciation": 17353165121.0,
  "roe": 10.78047525,
  "roa": 3.8924120899999997,
  "roic": 7.4814595100000005,
  "net_profit_margin": 3.0814461173951475,
  "net_margin": 3.0814461173951475,
  "gross_profit_margin": 10.671600687958058,
  "gross_margin": 10.671600687958058,
  "ebit_margin": 6.068092022465151,
  "pe_ratio": 5.0713195689,
  "pb_ratio": 0.4934062991,
  "ps_ratio": 0.148456481,
  "ev_ebitda": 8.5152960091,
  "ebitda": 122092171267.0,
  "dividend_per_share": 0.0,
  "eps": 1702.0380652181607,
  "eps_ttm": 1702.0380652181607,
  "earnings_per_share": 1702.0380652181607,
  "bvps": 16619.1635863083,
  "book_value_per_share": 16619.1635863083,
  "market_cap": 256245030800.0,
  "debt_to_equity": 1.9999959642,
  "current_ratio": 1.3131059722,
  "quick_ratio": 0.7812196032,
  "cash_ratio": 0.0840745066,
  "interest_coverage": -2.7379440875355194,
  "asset_turnover": 1.2631770751,
  "inventory_turnover": 3.5268523627,
  "fixed_asset_turnover": 7.5440648498,
  "current_price": 8100.0,
  "working_capital": 288658236562.0
}