{
  "symbol": "BPC",
  "data_source": "VCI",
  "data_period": "year",
  "last_updated": "2025-11-17T13:39:04.582939",
  "name": "Công ty Cổ phần Vicem Bao bì Bỉm Sơn",
  "exchange": "HNX",
  "sector": "Hàng & Dịch vụ Công nghiệp",
  "shares_outstanding": 3800000.0,
  "charter_capital": 38000000000.0,
  "revenue": 268905178795.0,
  "revenue_ttm": 268905178795.0,
  "net_income": 1097047322.0,
  "net_income_ttm": 1097047322.0,
  "total_assets": 178138045193.0,
  "total_equity": 93833280101.0,
  "total_liabilities": 84304765092.0,
  "total_debt": 84304765092.0,
  "current_assets": 176638289028.0,
  "current_liabilities": 84304765092.0,
  "cash": 1483217135.0,
  "accounts_receivable": 154595530409.0,
  "fixed_assets": 1499756165.0,
  "ppe": 1499756165.0,
  "depreciation": 721634704.0,
  "roe": 1.16895547,
  "roa": 0.6008213600000001,
  "roic": 2.64806657,
  "net_profit_margin": 0.40798898388927546,
  "net_margin": 0.40798898388927546,
  "gross_profit_margin": 9.119468815928233,
  "gross_margin": 9.119468815928233,
  "ebit_margin": 1.115236217386772,
  "pe_ratio": 56.0,
  "pb_ratio": 0.4535704172,
  "ps_ratio": 0.1582795091,
  "ev_ebitda": 16.2582718017,
  "ebitda": 3720409068.0,
  "dividend_per_share": 0.0,
  "eps": 288.69666368421053,
  "eps_ttm": 288.69666368421053,
  "earnings_per_share": 288.69666368421053,
  "bvps": 24692.9684476316,
  "book_value_per_share": 24692.9684476316,
  "market_cap": 42560000000.0,
  "debt_to_equity": 0.8984527132,
  "current_ratio": 2.0952349352,
  "quick_ratio": 1.8863791076,
  "cash_ratio": 0.0526093291,
  "interest_coverage": -2.154832343703796,
  "asset_turnover": 1.4726411465,
  "inventory_turnover": 10.3084600222,
  "fixed_asset_turnover": 179.2557197285,
  "current_price": 11200.0,
  "working_capital": 92333523936.0
}