{
  "symbol": "BRC",
  "data_source": "VCI",
  "data_period": "year",
  "last_updated": "2025-11-17T15:39:22.881842",
  "name": "Công ty Cổ phần Cao su Bến Thành",
  "exchange": "HSX",
  "sector": "Hóa chất",
  "shares_outstanding": 12374997.0,
  "charter_capital": 123749970000.0,
  "revenue": 419309644591.0,
  "revenue_ttm": 419309644591.0,
  "net_income": 21751243495.0,
  "net_income_ttm": 21751243495.0,
  "total_assets": 309086396953.0,
  "total_equity": 212577515191.0,
  "total_liabilities": 96508881762.0,
  "total_debt": 96508881762.0,
  "current_assets": 224600631095.0,
  "current_liabilities": 96508881762.0,
  "cash": 29528607541.0,
  "accounts_receivable": 101180108464.0,
  "fixed_assets": 56082667487.0,
  "ppe": 56082667487.0,
  "depreciation": 14971109793.0,
  "roe": 10.29919824,
  "roa": 7.25409043,
  "roic": 10.516225630000001,
  "net_profit_margin": 5.19055499548831,
  "net_margin": 5.19055499548831,
  "gross_profit_margin": 19.715009867606245,
  "gross_margin": 19.715009867606245,
  "ebit_margin": 6.350990808244368,
  "pe_ratio": 10.5944339448,
  "pb_ratio": 0.7451397739,
  "ps_ratio": 0.377993889,
  "ev_ebitda": 4.0728513283,
  "ebitda": 41585209369.0,
  "dividend_per_share": 0.0,
  "eps": 1757.6766681236368,
  "eps_ttm": 1757.6766681236368,
  "earnings_per_share": 1757.6766681236368,
  "bvps": 17177.9851898954,
  "book_value_per_share": 17177.9851898954,
  "market_cap": 158399961600.0,
  "debt_to_equity": 0.4539938369,
  "current_ratio": 2.3272534817,
  "quick_ratio": 1.3543698116,
  "cash_ratio": 0.3059677721,
  "interest_coverage": -14.207413800409284,
  "asset_turnover": 1.3975558368,
  "inventory_turnover": 4.0079119719,
  "fixed_asset_turnover": 6.9300397336,
  "current_price": 13000.0,
  "working_capital": 128091749333.0
}