{
  "symbol": "BSC",
  "data_source": "VCI",
  "data_period": "year",
  "last_updated": "2025-11-17T13:39:13.518358",
  "name": "Công ty Cổ phần Dịch vụ Bến Thành",
  "exchange": "HNX",
  "sector": "Bất động sản",
  "shares_outstanding": 3150747.0,
  "charter_capital": 31507470000.0,
  "revenue": 11150559393.0,
  "revenue_ttm": 11150559393.0,
  "net_income": 2161232352.0,
  "net_income_ttm": 2161232352.0,
  "total_assets": 43384210473.0,
  "total_equity": 40629602954.0,
  "total_liabilities": 2754607519.0,
  "total_debt": 2754607519.0,
  "current_assets": 25845072463.0,
  "current_liabilities": 2167607519.0,
  "cash": 729809027.0,
  "accounts_receivable": 1215263436.0,
  "fixed_assets": 0.0,
  "ppe": 0.0,
  "depreciation": 101703768.0,
  "roe": 5.44452916,
  "roa": 5.07472921,
  "roic": 6.0266489100000005,
  "net_profit_margin": 19.382277389211158,
  "net_margin": 19.382277389211158,
  "gross_profit_margin": 53.488967107284566,
  "gross_margin": 53.488967107284566,
  "ebit_margin": 21.959468020386158,
  "pe_ratio": 21.5518871106,
  "pb_ratio": 1.0546536536,
  "ps_ratio": 3.8428708094,
  "ev_ebitda": 16.5157941183,
  "ebitda": 2550307292.0,
  "dividend_per_share": 0.0,
  "eps": 685.9428421260101,
  "eps_ttm": 685.9428421260101,
  "earnings_per_share": 685.9428421260101,
  "bvps": 12895.2286407001,
  "book_value_per_share": 12895.2286407001,
  "market_cap": 42850159200.0,
  "debt_to_equity": 0.0677980418,
  "current_ratio": 11.9233174071,
  "quick_ratio": 0.8973360933,
  "cash_ratio": 0.336688732,
  "interest_coverage": 0.0,
  "asset_turnover": 0.261823165,
  "inventory_turnover": 207.9070093005,
  "fixed_asset_turnover": 0.0,
  "current_price": 13600.0,
  "working_capital": 23677464944.0
}