{
  "symbol": "BSI",
  "data_source": "VCI",
  "data_period": "year",
  "last_updated": "2025-11-17T15:39:31.253927",
  "name": "Công ty Cổ phần Chứng khoán BIDV",
  "exchange": "HSX",
  "sector": "Dịch vụ tài chính",
  "shares_outstanding": 245365943.0,
  "charter_capital": 2453659430000.0,
  "revenue": 1410672301781.0,
  "revenue_ttm": 1410672301781.0,
  "net_income": 413071438156.0,
  "net_income_ttm": 413071438156.0,
  "total_assets": 10315055682765.0,
  "total_equity": 5061881530671.0,
  "total_liabilities": 5253174152094.0,
  "total_debt": 5253174152094.0,
  "current_assets": 9761438272702.0,
  "current_liabilities": 5235251622304.0,
  "cash": 284434076341.0,
  "accounts_receivable": 122865363141.0,
  "fixed_assets": 27588949695.0,
  "ppe": 27588949695.0,
  "depreciation": 9257369207.0,
  "roe": 8.476479900000001,
  "roa": 4.43175588,
  "roic": 6.82349121,
  "net_profit_margin": 29.281884788869085,
  "net_margin": 29.281884788869085,
  "gross_profit_margin": 61.337546248237686,
  "gross_margin": 61.337546248237686,
  "ebit_margin": 48.07406021226907,
  "pe_ratio": 24.2500883391,
  "pb_ratio": 1.8265670582,
  "ps_ratio": 6.5542266937,
  "ev_ebitda": 20.1305897134,
  "ebitda": 687424820963.0,
  "dividend_per_share": 0.0,
  "eps": 1851.8342151000413,
  "eps_ttm": 1851.8342151000413,
  "earnings_per_share": 1851.8342151000413,
  "bvps": 22692.8432842637,
  "book_value_per_share": 22692.8432842637,
  "market_cap": 9245866056450.0,
  "debt_to_equity": 1.0377908136,
  "current_ratio": 1.864559524,
  "quick_ratio": 0.6668241289,
  "cash_ratio": 0.6433552735,
  "interest_coverage": -3.9991144408659918,
  "asset_turnover": 0.1513480404,
  "inventory_turnover": 0.0,
  "fixed_asset_turnover": 49.8477753647,
  "current_price": 41750.0,
  "working_capital": 4526186650398.0
}