{
  "symbol": "BTP",
  "data_source": "VCI",
  "data_period": "year",
  "last_updated": "2025-11-17T15:39:48.033224",
  "name": "Công ty Cổ phần Nhiệt điện Bà Rịa",
  "exchange": "HSX",
  "sector": "Điện, nước & xăng dầu khí đốt",
  "shares_outstanding": 60485600.0,
  "charter_capital": 604856000000.0,
  "revenue": 357406763322.0,
  "revenue_ttm": 357406763322.0,
  "net_income": 42816586078.0,
  "net_income_ttm": 42816586078.0,
  "total_assets": 1271614713384.0,
  "total_equity": 1063608372165.0,
  "total_liabilities": 208006341219.0,
  "total_debt": 208006341219.0,
  "current_assets": 525740129339.0,
  "current_liabilities": 117695715673.0,
  "cash": 89293046945.0,
  "accounts_receivable": 64499354142.0,
  "fixed_assets": 231917253474.0,
  "ppe": 231917253474.0,
  "depreciation": 54430811414.0,
  "roe": 3.7797312800000005,
  "roa": 3.1378740099999995,
  "roic": -2.20409907,
  "net_profit_margin": 11.979791786823316,
  "net_margin": 11.979791786823316,
  "gross_profit_margin": 3.782577622298686,
  "gross_margin": 3.782577622298686,
  "ebit_margin": -7.3945958720398925,
  "pe_ratio": 18.1640696249,
  "pb_ratio": 0.5686830001,
  "ps_ratio": 1.6923462622,
  "ev_ebitda": 23.2493498745,
  "ebitda": 28002025647.0,
  "dividend_per_share": 0.0,
  "eps": 707.8806538746412,
  "eps_ttm": 707.8806538746412,
  "earnings_per_share": 707.8806538746412,
  "bvps": 17584.4890712004,
  "book_value_per_share": 17584.4890712004,
  "market_cap": 604856000000.0,
  "debt_to_equity": 0.1955666641,
  "current_ratio": 4.4669436464,
  "quick_ratio": 1.3066949821,
  "cash_ratio": 0.7586771229,
  "interest_coverage": 6.648223335992193,
  "asset_turnover": 0.2619305968,
  "inventory_turnover": 2.1658615529,
  "fixed_asset_turnover": 1.367531566,
  "current_price": 10000.0,
  "working_capital": 408044413666.0
}