{
  "symbol": "BTS",
  "data_source": "VCI",
  "data_period": "year",
  "last_updated": "2025-11-17T13:40:14.054810",
  "name": "Công ty Cổ phần Xi măng VICEM Bút Sơn",
  "exchange": "HNX",
  "sector": "Xây dựng và Vật liệu",
  "shares_outstanding": 123559858.0,
  "charter_capital": 1235598580000.0,
  "revenue": 2749298770149.0,
  "revenue_ttm": 2749298770149.0,
  "net_income": -201794898759.0,
  "net_income_ttm": -201794898759.0,
  "total_assets": 3094239885454.0,
  "total_equity": 1066407357203.0,
  "total_liabilities": 2027832528251.0,
  "total_debt": 2027832528251.0,
  "current_assets": 689906675242.0,
  "current_liabilities": 1851433035964.0,
  "cash": 100187314397.0,
  "accounts_receivable": 86230335085.0,
  "fixed_assets": 2216788630986.0,
  "ppe": 2216788630986.0,
  "depreciation": 234807241961.0,
  "roe": -17.28724988,
  "roa": -6.12165506,
  "roic": -8.14250222,
  "net_profit_margin": -7.732750175316114,
  "net_margin": -7.732750175316114,
  "gross_profit_margin": -0.2874506074633898,
  "gross_margin": -0.2874506074633898,
  "ebit_margin": -6.88318464479041,
  "pe_ratio": -3.2452121011,
  "pb_ratio": 0.6140873307,
  "ps_ratio": 0.2509441444,
  "ev_ebitda": 30.7031600426,
  "ebitda": 55182720666.0,
  "dividend_per_share": 0.0,
  "eps": -1633.1752239388297,
  "eps_ttm": -1633.1752239388297,
  "earnings_per_share": -1633.1752239388297,
  "bvps": 8630.6942599675,
  "book_value_per_share": 8630.6942599675,
  "market_cap": 654867247400.0,
  "debt_to_equity": 1.9015552683,
  "current_ratio": 0.3726338797,
  "quick_ratio": 0.1006883024,
  "cash_ratio": 0.0541133881,
  "interest_coverage": 2.623631502593352,
  "asset_turnover": 0.7916530236,
  "inventory_turnover": 4.6219911149,
  "fixed_asset_turnover": 1.233869682,
  "current_price": 5300.0,
  "working_capital": -1161526360722.0
}