{
  "symbol": "BTT",
  "data_source": "VCI",
  "data_period": "year",
  "last_updated": "2025-11-17T15:41:14.256119",
  "name": "Công ty Cổ phần Thương mại - Dịch vụ Bến Thành",
  "exchange": "HSX",
  "sector": "Bán lẻ",
  "shares_outstanding": 13500000.0,
  "charter_capital": 135000000000.0,
  "revenue": 276517719628.0,
  "revenue_ttm": 276517719628.0,
  "net_income": 46978751413.0,
  "net_income_ttm": 46978751413.0,
  "total_assets": 505576590666.0,
  "total_equity": 389596285911.0,
  "total_liabilities": 115980304755.0,
  "total_debt": 115980304755.0,
  "current_assets": 171543931538.0,
  "current_liabilities": 43397432785.0,
  "cash": 73533142843.0,
  "accounts_receivable": 8870010260.0,
  "fixed_assets": 247252910645.0,
  "ppe": 247252910645.0,
  "depreciation": 7210367280.0,
  "roe": 12.207709040000001,
  "roa": 9.24291532,
  "roic": 15.38928503,
  "net_profit_margin": 16.946152406811287,
  "net_margin": 16.946152406811287,
  "gross_profit_margin": 47.587147738678084,
  "gross_margin": 47.587147738678084,
  "ebit_margin": 21.682546418240058,
  "pe_ratio": 10.8036613291,
  "pb_ratio": 1.3160781468,
  "ps_ratio": 1.8308049144,
  "ev_ebitda": 6.4424553615,
  "ebitda": 67166450193.0,
  "dividend_per_share": 0.0,
  "eps": 3471.0454962962963,
  "eps_ttm": 3471.0454962962963,
  "earnings_per_share": 3471.0454962962963,
  "bvps": 28493.7487112593,
  "book_value_per_share": 28493.7487112593,
  "market_cap": 506250000000.0,
  "debt_to_equity": 0.2976935586,
  "current_ratio": 3.9528589718,
  "quick_ratio": 1.8988024824,
  "cash_ratio": 1.6944122757,
  "interest_coverage": 0.0,
  "asset_turnover": 0.5454285489,
  "inventory_turnover": 3.3968055628,
  "fixed_asset_turnover": 1.178433902,
  "current_price": 37500.0,
  "working_capital": 128146498753.0
}