{
  "symbol": "BTW",
  "data_source": "VCI",
  "data_period": "year",
  "last_updated": "2025-11-17T13:40:23.325610",
  "name": "Công ty Cổ phần Cấp nước Bến Thành",
  "exchange": "HNX",
  "sector": "Điện, nước & xăng dầu khí đốt",
  "shares_outstanding": 9360000.0,
  "charter_capital": 93600000000.0,
  "revenue": 561464712365.0,
  "revenue_ttm": 561464712365.0,
  "net_income": 47058963378.0,
  "net_income_ttm": 47058963378.0,
  "total_assets": 380695090023.0,
  "total_equity": 261296524351.0,
  "total_liabilities": 119398565672.0,
  "total_debt": 119398565672.0,
  "current_assets": 178097486297.0,
  "current_liabilities": 113553690951.0,
  "cash": 85407192689.0,
  "accounts_receivable": 9214343899.0,
  "fixed_assets": 196427404258.0,
  "ppe": 196427404258.0,
  "depreciation": 37906697007.0,
  "roe": 18.60431163,
  "roa": 12.547820779999999,
  "roic": 21.320141510000003,
  "net_profit_margin": 8.381464113706874,
  "net_margin": 8.381464113706874,
  "gross_profit_margin": 38.59964296119669,
  "gross_margin": 38.59964296119669,
  "ebit_margin": 10.29708862850416,
  "pe_ratio": 17.5966386562,
  "pb_ratio": 2.1492823198,
  "ps_ratio": 1.0002409548,
  "ev_ebitda": 5.0779706477,
  "ebitda": 95721216057.0,
  "dividend_per_share": 0.0,
  "eps": 5027.667027564103,
  "eps_ttm": 5027.667027564103,
  "earnings_per_share": 5027.667027564103,
  "bvps": 27916.2953366453,
  "book_value_per_share": 27916.2953366453,
  "market_cap": 561600000000.0,
  "debt_to_equity": 0.4569466279,
  "current_ratio": 1.5683989204,
  "quick_ratio": 0.8332757464,
  "cash_ratio": 0.7521304854,
  "interest_coverage": -68.70920391990107,
  "asset_turnover": 1.4970917505,
  "inventory_turnover": 14.5809440647,
  "fixed_asset_turnover": 2.9322641085,
  "current_price": 60000.0,
  "working_capital": 64543795346.0
}