{
  "symbol": "BVS",
  "data_source": "VCI",
  "data_period": "year",
  "last_updated": "2025-11-17T13:40:32.314124",
  "name": "Công ty Cổ phần Chứng khoán Bảo Việt",
  "exchange": "HNX",
  "sector": "Dịch vụ tài chính",
  "shares_outstanding": 72233937.0,
  "charter_capital": 722339370000.0,
  "revenue": 990555836109.0,
  "revenue_ttm": 990555836109.0,
  "net_income": 199953861613.0,
  "net_income_ttm": 199953861613.0,
  "total_assets": 5628659765787.0,
  "total_equity": 2475372532349.0,
  "total_liabilities": 3153287233438.0,
  "total_debt": 3153287233438.0,
  "current_assets": 5080994655407.0,
  "current_liabilities": 3118981333079.0,
  "cash": 167854336536.0,
  "accounts_receivable": 70685527087.0,
  "fixed_assets": 19663795172.0,
  "ppe": 19663795172.0,
  "roe": 8.34854412,
  "roa": 3.4349474900000003,
  "roic": 6.94215138,
  "net_profit_margin": 20.186026302004166,
  "net_margin": 20.186026302004166,
  "gross_profit_margin": 51.7592895102162,
  "gross_margin": 51.7592895102162,
  "ebit_margin": 37.73234438082416,
  "pe_ratio": 12.5701999506,
  "pb_ratio": 0.9629742149,
  "ps_ratio": 2.406446799,
  "ev_ebitda": 13.4891287434,
  "ebitda": 379892137716.0,
  "dividend_per_share": 0.0,
  "eps": 2768.142924467761,
  "eps_ttm": 2768.142924467761,
  "earnings_per_share": 2768.142924467761,
  "bvps": 34268.8303470016,
  "book_value_per_share": 34268.8303470016,
  "market_cap": 2383719921000.0,
  "debt_to_equity": 1.2738637083,
  "current_ratio": 1.6290558079,
  "quick_ratio": 0.2100376249,
  "cash_ratio": 0.1873746078,
  "interest_coverage": -2.770092504215355,
  "asset_turnover": 0.1701646199,
  "fixed_asset_turnover": 51.4600911873,
  "current_price": 33300.0,
  "working_capital": 1962013322328.0
}