{
  "symbol": "BWE",
  "data_source": "VCI",
  "data_period": "year",
  "last_updated": "2025-11-17T15:41:35.121980",
  "name": "Công ty Cổ phần - Tổng công ty Nước - Môi trường Bình Dương",
  "exchange": "HSX",
  "sector": "Điện, nước & xăng dầu khí đốt",
  "shares_outstanding": 219928644.0,
  "charter_capital": 2199286440000.0,
  "revenue": 3958997823072.0,
  "revenue_ttm": 3958997823072.0,
  "net_income": 660580621314.0,
  "net_income_ttm": 660580621314.0,
  "total_assets": 14199525343428.0,
  "total_equity": 5512728419930.0,
  "total_liabilities": 8686796923498.0,
  "total_debt": 8686796923498.0,
  "current_assets": 4473573577419.0,
  "current_liabilities": 3397922534589.0,
  "cash": 1006668267497.0,
  "accounts_receivable": 1711965558718.0,
  "fixed_assets": 4959558234776.0,
  "ppe": 4959558234776.0,
  "depreciation": 635676125198.0,
  "roe": 12.6043597,
  "roa": 4.854852,
  "roic": 8.431593880000001,
  "net_profit_margin": 16.13864900613208,
  "net_margin": 16.13864900613208,
  "gross_profit_margin": 42.782369394882004,
  "gross_margin": 42.782369394882004,
  "ebit_margin": 26.52630308394845,
  "pe_ratio": 18.4931840256,
  "pb_ratio": 1.949445848,
  "ps_ratio": 2.6275904474,
  "ev_ebitda": 9.6915241013,
  "ebitda": 1685851886833.0,
  "dividend_per_share": 0.0,
  "eps": 2905.1639259231733,
  "eps_ttm": 2905.1639259231733,
  "earnings_per_share": 2905.1639259231733,
  "bvps": 24263.30541501,
  "book_value_per_share": 24263.30541501,
  "market_cap": 10402624861200.0,
  "debt_to_equity": 1.5757708818,
  "current_ratio": 1.3165613789,
  "quick_ratio": 0.8000870528,
  "cash_ratio": 0.2962599227,
  "interest_coverage": -2.9848511849826083,
  "asset_turnover": 0.300821463,
  "inventory_turnover": 2.1010185195,
  "fixed_asset_turnover": 0.8337249575,
  "current_price": 47100.0,
  "working_capital": 1075651042830.0
}