{
  "symbol": "BXH",
  "data_source": "VCI",
  "data_period": "year",
  "last_updated": "2025-11-17T13:40:42.479216",
  "name": "Công ty Cổ phần VICEM Bao bì Hải Phòng",
  "exchange": "HNX",
  "sector": "Hàng & Dịch vụ Công nghiệp",
  "shares_outstanding": 3012040.0,
  "charter_capital": 30120400000.0,
  "revenue": 170165944457.0,
  "revenue_ttm": 170165944457.0,
  "net_income": 570037450.0,
  "net_income_ttm": 570037450.0,
  "total_assets": 97673538350.0,
  "total_equity": 54668420377.0,
  "total_liabilities": 43005117973.0,
  "total_debt": 43005117973.0,
  "current_assets": 94004680690.0,
  "current_liabilities": 43005117973.0,
  "cash": 12127263193.0,
  "accounts_receivable": 66402250883.0,
  "fixed_assets": 2985544426.0,
  "ppe": 2985544426.0,
  "depreciation": 1250799547.0,
  "roe": 1.03671054,
  "roa": 0.5387507500000001,
  "roic": -0.67878951,
  "net_profit_margin": 0.3349891494558392,
  "net_margin": 0.3349891494558392,
  "gross_profit_margin": 10.123471079933442,
  "gross_margin": 10.123471079933442,
  "ebit_margin": -0.21807154374168608,
  "pe_ratio": 168.0,
  "pb_ratio": 0.9256216231,
  "ps_ratio": 0.2973701475,
  "ev_ebitda": 43.7357133881,
  "ebitda": 879716045.0,
  "dividend_per_share": 0.0,
  "eps": 189.252948168019,
  "eps_ttm": 189.252948168019,
  "earnings_per_share": 189.252948168019,
  "bvps": 18149.9649330686,
  "book_value_per_share": 18149.9649330686,
  "market_cap": 50602272000.0,
  "debt_to_equity": 0.7866537514,
  "current_ratio": 2.1858951939,
  "quick_ratio": 1.8260504279,
  "cash_ratio": 0.2819958127,
  "interest_coverage": 0.9530340773960844,
  "asset_turnover": 1.6082632746,
  "inventory_turnover": 7.4772641173,
  "fixed_asset_turnover": 47.5301403299,
  "current_price": 17400.0,
  "working_capital": 50999562717.0
}