{
  "symbol": "C32",
  "data_source": "VCI",
  "data_period": "year",
  "last_updated": "2025-11-17T15:41:45.378365",
  "name": "Công ty Cổ phần Đầu tư và Xây dựng 3-2",
  "exchange": "HSX",
  "sector": "Xây dựng và Vật liệu",
  "shares_outstanding": 15030145.0,
  "charter_capital": 150301450000.0,
  "revenue": 626849791749.0,
  "revenue_ttm": 626849791749.0,
  "net_income": 8129058483.0,
  "net_income_ttm": 8129058483.0,
  "total_assets": 788592439800.0,
  "total_equity": 543631774387.0,
  "total_liabilities": 244960665413.0,
  "total_debt": 244960665413.0,
  "current_assets": 293450125677.0,
  "current_liabilities": 244922733644.0,
  "cash": 49051184329.0,
  "accounts_receivable": 103832984401.0,
  "fixed_assets": 138280196283.0,
  "ppe": 138280196283.0,
  "depreciation": 15990517976.0,
  "roe": 1.5115959700000001,
  "roa": 0.9835337099999999,
  "roic": 1.2516801899999999,
  "net_profit_margin": 1.2969044815288437,
  "net_margin": 1.2969044815288437,
  "gross_profit_margin": 9.253969378528183,
  "gross_margin": 9.253969378528183,
  "ebit_margin": 1.422763942930441,
  "pe_ratio": 47.8892362197,
  "pb_ratio": 0.6937305041,
  "ps_ratio": 0.5994487827,
  "ev_ebitda": 19.8957355314,
  "ebitda": 24908856365.0,
  "dividend_per_share": 0.0,
  "eps": 540.8737656223543,
  "eps_ttm": 540.8737656223543,
  "earnings_per_share": 540.8737656223543,
  "bvps": 36037.0487552848,
  "book_value_per_share": 36037.0487552848,
  "market_cap": 375753625000.0,
  "debt_to_equity": 0.4506003456,
  "current_ratio": 1.1981334738,
  "quick_ratio": 0.8486991566,
  "cash_ratio": 0.4247573573,
  "interest_coverage": -0.7595546475221492,
  "asset_turnover": 0.7583701972,
  "inventory_turnover": 5.7254642021,
  "fixed_asset_turnover": 4.323882029,
  "current_price": 24600.0,
  "working_capital": 48527392033.0
}