{
  "symbol": "C69",
  "data_source": "VCI",
  "data_period": "year",
  "last_updated": "2025-11-17T13:40:51.657462",
  "name": "Công ty Cổ phần Xây dựng 1369",
  "exchange": "HNX",
  "sector": "Xây dựng và Vật liệu",
  "shares_outstanding": 61799972.0,
  "charter_capital": 617999720000.0,
  "revenue": 1149942877969.0,
  "revenue_ttm": 1149942877969.0,
  "net_income": 21858531665.0,
  "net_income_ttm": 21858531665.0,
  "total_assets": 1191589278468.0,
  "total_equity": 849752431463.0,
  "total_liabilities": 341836847005.0,
  "total_debt": 341836847005.0,
  "current_assets": 1056130757548.0,
  "current_liabilities": 341366847005.0,
  "cash": 38860091232.0,
  "accounts_receivable": 241582402234.0,
  "fixed_assets": 34478233245.0,
  "ppe": 34478233245.0,
  "depreciation": 8850556586.0,
  "roe": 2.54623316,
  "roa": 1.3430712200000001,
  "roic": 2.63792996,
  "net_profit_margin": 1.470748183933353,
  "net_margin": 1.470748183933353,
  "gross_profit_margin": 4.845059475945723,
  "gross_margin": 4.845059475945723,
  "ebit_margin": 2.564849025813533,
  "pe_ratio": 45.7563627506,
  "pb_ratio": 1.1307677642,
  "ps_ratio": 0.6610238388,
  "ev_ebitda": 25.8082109766,
  "ebitda": 38344855289.0,
  "dividend_per_share": 0.0,
  "eps": 273.66944428389064,
  "eps_ttm": 273.66944428389064,
  "earnings_per_share": 273.66944428389064,
  "bvps": 10877.5651282334,
  "book_value_per_share": 10877.5651282334,
  "market_cap": 760139655600.0,
  "debt_to_equity": 0.4022781628,
  "current_ratio": 3.0938293124,
  "quick_ratio": 0.8215282062,
  "cash_ratio": 0.1138367465,
  "interest_coverage": -1.735649837465289,
  "asset_turnover": 0.9131891072,
  "inventory_turnover": 2.1171736287,
  "fixed_asset_turnover": 33.0798092943,
  "current_price": 12400.0,
  "working_capital": 714763910543.0
}