{
  "symbol": "CAG",
  "data_source": "VCI",
  "data_period": "year",
  "last_updated": "2025-11-17T13:42:13.470968",
  "name": "Công ty Cổ phần Cảng An Giang",
  "exchange": "HNX",
  "sector": "Hàng & Dịch vụ Công nghiệp",
  "shares_outstanding": 13800000.0,
  "charter_capital": 138000000000.0,
  "revenue": 38371820418.0,
  "revenue_ttm": 38371820418.0,
  "net_income": -661573169.0,
  "net_income_ttm": -661573169.0,
  "total_assets": 148118830897.0,
  "total_equity": 143222013491.0,
  "total_liabilities": 4896817406.0,
  "total_debt": 4896817406.0,
  "current_assets": 90633594474.0,
  "current_liabilities": 3666927406.0,
  "cash": 10824353350.0,
  "accounts_receivable": 21943987613.0,
  "fixed_assets": 49084657048.0,
  "ppe": 49084657048.0,
  "depreciation": 7142502902.0,
  "roe": -0.45618786000000006,
  "roa": -0.44077885,
  "roic": -5.799637349999999,
  "net_profit_margin": -1.7241120222945165,
  "net_margin": -1.7241120222945165,
  "gross_profit_margin": 4.454900487854149,
  "gross_margin": 4.454900487854149,
  "ebit_margin": -21.647024554778575,
  "pe_ratio": -141.8437209929,
  "pb_ratio": 0.6552065406,
  "ps_ratio": 2.4455446465,
  "ev_ebitda": -71.3282009466,
  "ebitda": -1163854486.0,
  "dividend_per_share": 0.0,
  "eps": -47.94008471014493,
  "eps_ttm": -47.94008471014493,
  "earnings_per_share": -47.94008471014493,
  "bvps": 10378.4067747101,
  "book_value_per_share": 10378.4067747101,
  "market_cap": 93840000000.0,
  "debt_to_equity": 0.0341903963,
  "current_ratio": 24.7164954304,
  "quick_ratio": 8.936184804,
  "cash_ratio": 2.9518864574,
  "interest_coverage": 0.0,
  "asset_turnover": 0.2556555731,
  "inventory_turnover": 14.1803311758,
  "fixed_asset_turnover": 0.734315164,
  "current_price": 6800.0,
  "working_capital": 86966667068.0
}