{
  "symbol": "CAN",
  "data_source": "VCI",
  "data_period": "year",
  "last_updated": "2025-11-17T13:42:23.042418",
  "name": "Công ty Cổ phần Đồ hộp Hạ Long",
  "exchange": "HNX",
  "sector": "Thực phẩm và đồ uống",
  "shares_outstanding": 5000000.0,
  "charter_capital": 50000000000.0,
  "revenue": 696527591339.0,
  "revenue_ttm": 696527591339.0,
  "net_income": 2125987662.0,
  "net_income_ttm": 2125987662.0,
  "total_assets": 286657993527.0,
  "total_equity": 145949357860.0,
  "total_liabilities": 140708635667.0,
  "total_debt": 140708635667.0,
  "current_assets": 242000155108.0,
  "current_liabilities": 135713105871.0,
  "cash": 22143304133.0,
  "accounts_receivable": 61948160378.0,
  "fixed_assets": 40860091080.0,
  "ppe": 40860091080.0,
  "depreciation": 6157714787.0,
  "roe": 1.42816618,
  "roa": 0.6166684,
  "roic": 3.9924256,
  "net_profit_margin": 0.311815114844667,
  "net_margin": 0.311815114844667,
  "gross_profit_margin": 20.129880781746138,
  "gross_margin": 20.129880781746138,
  "ebit_margin": 1.3013040257561548,
  "pe_ratio": 67.4980398828,
  "pb_ratio": 0.9832177551,
  "ps_ratio": 0.2104690906,
  "ev_ebitda": 13.149497384,
  "ebitda": 15030140053.0,
  "dividend_per_share": 0.0,
  "eps": 425.1975324,
  "eps_ttm": 425.1975324,
  "earnings_per_share": 425.1975324,
  "bvps": 29189.871572,
  "book_value_per_share": 29189.871572,
  "market_cap": 143500000000.0,
  "debt_to_equity": 0.9640921874,
  "current_ratio": 1.7831745398,
  "quick_ratio": 0.6196267042,
  "cash_ratio": 0.1631626068,
  "interest_coverage": -1.5837563279851787,
  "asset_turnover": 1.9776732183,
  "inventory_turnover": 2.5558954143,
  "fixed_asset_turnover": 15.7273885373,
  "current_price": 28700.0,
  "working_capital": 106287049237.0
}