{
  "symbol": "CAP",
  "data_source": "VCI",
  "data_period": "year",
  "last_updated": "2025-11-17T13:42:31.891764",
  "name": "Công ty Cổ phần Lâm Nông sản Thực phẩm Yên Bái",
  "exchange": "HNX",
  "sector": "Tài nguyên Cơ bản",
  "shares_outstanding": 15269965.0,
  "charter_capital": 152699650000.0,
  "revenue": 550167818971.0,
  "revenue_ttm": 550167818971.0,
  "net_income": 22676835818.0,
  "net_income_ttm": 22676835818.0,
  "total_assets": 287980091121.0,
  "total_equity": 193519217696.0,
  "total_liabilities": 94460873425.0,
  "total_debt": 94460873425.0,
  "current_assets": 262901431289.0,
  "current_liabilities": 94434023425.0,
  "cash": 73763891875.0,
  "accounts_receivable": 50833166399.0,
  "fixed_assets": 20659693074.0,
  "ppe": 20659693074.0,
  "depreciation": 12447811348.0,
  "roe": 9.72079961,
  "roa": 7.437939709999999,
  "roic": 15.43600113,
  "net_profit_margin": 4.121803390902317,
  "net_margin": 4.121803390902317,
  "gross_profit_margin": 14.076531250927674,
  "gross_margin": 14.076531250927674,
  "ebit_margin": 5.429548513918908,
  "pe_ratio": 27.5409485482,
  "pb_ratio": 3.2272844833,
  "ps_ratio": 1.1351837511,
  "ev_ebitda": 13.0147676055,
  "ebitda": 42319439987.0,
  "dividend_per_share": 0.0,
  "eps": 1485.0614142206614,
  "eps_ttm": 1485.0614142206614,
  "earnings_per_share": 1485.0614142206614,
  "bvps": 12673.1932716283,
  "book_value_per_share": 12673.1932716283,
  "market_cap": 624541568500.0,
  "debt_to_equity": 0.4881214101,
  "current_ratio": 2.7839693974,
  "quick_ratio": 1.3194085538,
  "cash_ratio": 0.7811156318,
  "interest_coverage": -20.960357990159906,
  "asset_turnover": 1.8045352991,
  "inventory_turnover": 3.2920730955,
  "fixed_asset_turnover": 21.9904009572,
  "current_price": 40800.0,
  "working_capital": 168467407864.0
}