{
  "symbol": "CAR",
  "data_source": "VCI",
  "data_period": "year",
  "last_updated": "2025-11-17T13:42:40.475801",
  "name": "Công ty cổ phần Tập đoàn Giáo dục Trí Việt",
  "exchange": "HNX",
  "sector": "Hàng & Dịch vụ Công nghiệp",
  "shares_outstanding": 5565004.0,
  "charter_capital": 55650040000.0,
  "revenue": 41719645246.0,
  "revenue_ttm": 41719645246.0,
  "net_income": 3907016190.0,
  "net_income_ttm": 3907016190.0,
  "total_assets": 63082966226.0,
  "total_equity": 58444998824.0,
  "total_liabilities": 4637967402.0,
  "total_debt": 4637967402.0,
  "current_assets": 29371257671.0,
  "current_liabilities": 4637967402.0,
  "cash": 12649502081.0,
  "accounts_receivable": 12504651184.0,
  "fixed_assets": 27922872006.0,
  "ppe": 27922872006.0,
  "depreciation": 3307969873.0,
  "roe": 7.72879219,
  "roa": 6.93712358,
  "roic": 8.69531757,
  "net_profit_margin": 9.364931477634263,
  "net_margin": 9.364931477634263,
  "gross_profit_margin": 34.86760104077036,
  "gross_margin": 34.86760104077036,
  "ebit_margin": 12.181259509840272,
  "pe_ratio": 21.4949267461,
  "pb_ratio": 1.4369240909,
  "ps_ratio": 2.0129851609,
  "ev_ebitda": 8.5020221388,
  "ebitda": 8389948127.0,
  "dividend_per_share": 0.0,
  "eps": 772.2752534147392,
  "eps_ttm": 772.2752534147392,
  "earnings_per_share": 772.2752534147392,
  "bvps": 11552.4543750684,
  "book_value_per_share": 11552.4543750684,
  "market_cap": 83981026800.0,
  "debt_to_equity": 0.0793561039,
  "current_ratio": 6.332786569,
  "quick_ratio": 5.4235295518,
  "cash_ratio": 2.7273805494,
  "interest_coverage": -30.370355363303702,
  "asset_turnover": 0.7407554021,
  "inventory_turnover": 32.8733951411,
  "fixed_asset_turnover": 1.5064239009,
  "current_price": 16600.0,
  "working_capital": 24733290269.0
}