{
  "symbol": "CCC",
  "data_source": "VCI",
  "data_period": "year",
  "last_updated": "2025-11-17T15:43:14.109349",
  "name": "Công ty Cổ Phần Xây Dựng CDC",
  "exchange": "HSX",
  "sector": "Xây dựng và Vật liệu",
  "shares_outstanding": 40250000.0,
  "charter_capital": 402500000000.0,
  "revenue": 2213237748053.0,
  "revenue_ttm": 2213237748053.0,
  "net_income": 37103018561.0,
  "net_income_ttm": 37103018561.0,
  "total_assets": 2111636326672.0,
  "total_equity": 574960156593.0,
  "total_liabilities": 1536676170079.0,
  "total_debt": 1536676170079.0,
  "current_assets": 1918121005150.0,
  "current_liabilities": 1453044402327.0,
  "cash": 311759557111.0,
  "accounts_receivable": 1004994141341.0,
  "fixed_assets": 78317639357.0,
  "ppe": 78317639357.0,
  "depreciation": 8103962838.0,
  "roe": 7.1002437,
  "roa": 1.7805701399999998,
  "roic": 4.1400839000000005,
  "net_profit_margin": 1.6764135978450474,
  "net_margin": 1.6764135978450474,
  "gross_profit_margin": 3.5875159471163434,
  "gross_margin": 3.5875159471163434,
  "ebit_margin": 1.7678675057128581,
  "pe_ratio": 19.6564115788,
  "pb_ratio": 1.2250848897,
  "ps_ratio": 0.3182554611,
  "ev_ebitda": 16.1490174109,
  "ebitda": 47231073810.0,
  "dividend_per_share": 0.0,
  "eps": 921.8141257391304,
  "eps_ttm": 921.8141257391304,
  "earnings_per_share": 921.8141257391304,
  "bvps": 14284.7243874037,
  "book_value_per_share": 14284.7243874037,
  "market_cap": 704375000000.0,
  "debt_to_equity": 2.6726654925,
  "current_ratio": 1.3200704687,
  "quick_ratio": 0.9062033454,
  "cash_ratio": 0.2145561117,
  "interest_coverage": -2.1696158865675894,
  "asset_turnover": 1.0621305738,
  "inventory_turnover": 3.8769572338,
  "fixed_asset_turnover": 27.7421235136,
  "current_price": 16800.0,
  "working_capital": 465076602823.0
}