{
  "symbol": "CCI",
  "data_source": "VCI",
  "data_period": "year",
  "last_updated": "2025-11-17T15:43:23.775759",
  "name": "Công ty Cổ phần Đầu tư Phát triển Công nghiệp Thương mại Củ Chi",
  "exchange": "HSX",
  "sector": "Điện, nước & xăng dầu khí đốt",
  "shares_outstanding": 17743865.0,
  "charter_capital": 177438650000.0,
  "revenue": 423749900407.0,
  "revenue_ttm": 423749900407.0,
  "net_income": 32827950428.0,
  "net_income_ttm": 32827950428.0,
  "total_assets": 794816190704.0,
  "total_equity": 272568189332.0,
  "total_liabilities": 522248001372.0,
  "total_debt": 522248001372.0,
  "current_assets": 503859599266.0,
  "current_liabilities": 41015052900.0,
  "cash": 26342650459.0,
  "accounts_receivable": 16483519314.0,
  "fixed_assets": 20185155522.0,
  "ppe": 20185155522.0,
  "depreciation": 0.0,
  "roe": 12.21587279,
  "roa": 4.159807740000001,
  "roic": 1.29785973,
  "net_profit_margin": 7.747010771322817,
  "net_margin": 7.747010771322817,
  "gross_profit_margin": 9.653830827266015,
  "gross_margin": 9.653830827266015,
  "ebit_margin": 0.8348209079464748,
  "pe_ratio": 15.6856920172,
  "pb_ratio": 1.6665295577,
  "ps_ratio": 1.0719600018,
  "ev_ebitda": 25.9663254094,
  "ebitda": 16479046873.0,
  "dividend_per_share": 0.0,
  "eps": 1850.1014535446477,
  "eps_ttm": 1850.1014535446477,
  "earnings_per_share": 1850.1014535446477,
  "bvps": 15361.2637005523,
  "book_value_per_share": 15361.2637005523,
  "market_cap": 454242944000.0,
  "debt_to_equity": 1.916026968,
  "current_ratio": 12.2847482483,
  "quick_ratio": 2.8816382412,
  "cash_ratio": 2.4797487361,
  "interest_coverage": 0.0,
  "asset_turnover": 0.5369564931,
  "inventory_turnover": 56.6530170944,
  "fixed_asset_turnover": 20.3088192484,
  "current_price": 25600.0,
  "working_capital": 462844546366.0
}