{
  "symbol": "CCR",
  "data_source": "VCI",
  "data_period": "year",
  "last_updated": "2025-11-17T13:44:15.184722",
  "name": "Công ty Cổ phần Cảng Cam Ranh",
  "exchange": "HNX",
  "sector": "Hàng & Dịch vụ Công nghiệp",
  "shares_outstanding": 24501817.0,
  "charter_capital": 245018170000.0,
  "revenue": 177533442935.0,
  "revenue_ttm": 177533442935.0,
  "net_income": 16783825059.0,
  "net_income_ttm": 16783825059.0,
  "total_assets": 314730641379.0,
  "total_equity": 280506675297.0,
  "total_liabilities": 34223966082.0,
  "total_debt": 34223966082.0,
  "current_assets": 50645911762.0,
  "current_liabilities": 25494766082.0,
  "cash": 34003114204.0,
  "accounts_receivable": 13124798373.0,
  "fixed_assets": 259122294183.0,
  "ppe": 259122294183.0,
  "depreciation": 22210677597.0,
  "roe": 5.9521212,
  "roa": 5.25646274,
  "roic": 7.050174150000001,
  "net_profit_margin": 9.212107290674169,
  "net_margin": 9.212107290674169,
  "gross_profit_margin": 27.536776426906172,
  "gross_margin": 27.536776426906172,
  "ebit_margin": 11.49631749352859,
  "pe_ratio": 24.4754549149,
  "pb_ratio": 1.1182093951,
  "ps_ratio": 1.7389562727,
  "ev_ebitda": 6.6565824934,
  "ebitda": 42620485854.0,
  "dividend_per_share": 0.0,
  "eps": 667.4840172057444,
  "eps_ttm": 667.4840172057444,
  "earnings_per_share": 667.4840172057444,
  "bvps": 11268.0147882094,
  "book_value_per_share": 11268.0147882094,
  "market_cap": 308722894200.0,
  "debt_to_equity": 0.1220076707,
  "current_ratio": 1.9865219237,
  "quick_ratio": 1.8485328489,
  "cash_ratio": 1.3337292091,
  "interest_coverage": -26.22245210388153,
  "asset_turnover": 0.5706037251,
  "inventory_turnover": 115.0479076339,
  "fixed_asset_turnover": 0.6764727621,
  "current_price": 12600.0,
  "working_capital": 25151145680.0
}