{
  "symbol": "CDC",
  "data_source": "VCI",
  "data_period": "year",
  "last_updated": "2025-11-17T15:43:36.156936",
  "name": "Công ty Cổ phần Chương Dương",
  "exchange": "HSX",
  "sector": "Xây dựng và Vật liệu",
  "shares_outstanding": 52772661.0,
  "charter_capital": 527726610000.0,
  "revenue": 1168778153337.0,
  "revenue_ttm": 1168778153337.0,
  "net_income": 23325502666.0,
  "net_income_ttm": 23325502666.0,
  "total_assets": 2006032571909.0,
  "total_equity": 456518640345.0,
  "total_liabilities": 1549513931564.0,
  "total_debt": 1549513931564.0,
  "current_assets": 1606697004677.0,
  "current_liabilities": 1176618475106.0,
  "cash": 23693652340.0,
  "accounts_receivable": 865338817827.0,
  "fixed_assets": 12289166804.0,
  "ppe": 12289166804.0,
  "depreciation": 8389910350.0,
  "roe": 7.577898650000001,
  "roa": 1.26170388,
  "roic": 1.8849611499999999,
  "net_profit_margin": 2.057493832626956,
  "net_margin": 2.057493832626956,
  "gross_profit_margin": 5.825457949706235,
  "gross_margin": 5.825457949706235,
  "ebit_margin": 2.4063720477405712,
  "pe_ratio": 26.6807641843,
  "pb_ratio": 1.8922353914,
  "ps_ratio": 0.5248944589,
  "ev_ebitda": 44.5118814772,
  "ebitda": 36515061132.0,
  "dividend_per_share": 0.0,
  "eps": 1093.630861483681,
  "eps_ttm": 1093.630861483681,
  "earnings_per_share": 1093.630861483681,
  "bvps": 14744.4657924092,
  "book_value_per_share": 14744.4657924092,
  "market_cap": 613485176400.0,
  "debt_to_equity": 3.3941964131,
  "current_ratio": 1.3655208028,
  "quick_ratio": 0.7563544589,
  "cash_ratio": 0.020908912,
  "interest_coverage": -0.4628456530116184,
  "asset_turnover": 0.6132236491,
  "inventory_turnover": 3.0556896303,
  "fixed_asset_turnover": 17.8667551451,
  "current_price": 28800.0,
  "working_capital": 430078529571.0
}