{
  "symbol": "CET",
  "data_source": "VCI",
  "data_period": "year",
  "last_updated": "2025-11-17T13:44:42.521528",
  "name": "Công ty Cổ phần HTC Holding",
  "exchange": "HNX",
  "sector": "Hàng cá nhân & Gia dụng",
  "shares_outstanding": 6050000.0,
  "charter_capital": 60500000000.0,
  "revenue": 85209344106.0,
  "revenue_ttm": 85209344106.0,
  "net_income": 65111617.0,
  "net_income_ttm": 65111617.0,
  "total_assets": 71901147689.0,
  "total_equity": 67420368427.0,
  "total_liabilities": 4480779262.0,
  "total_debt": 4480779262.0,
  "current_assets": 22402279988.0,
  "current_liabilities": 4480779262.0,
  "cash": 61749541.0,
  "accounts_receivable": 21771637433.0,
  "fixed_assets": 0.0,
  "ppe": 0.0,
  "depreciation": 0.0,
  "roe": 0.09662224,
  "roa": 0.08402107,
  "roic": -1.5895909199999998,
  "net_profit_margin": 0.07641370519059679,
  "net_margin": 0.07641370519059679,
  "gross_profit_margin": 5.46792608825154,
  "gross_margin": 5.46792608825154,
  "ebit_margin": -1.3230282991001434,
  "pe_ratio": 919.881931361,
  "pb_ratio": 0.8883813808,
  "ps_ratio": 0.7029158671,
  "ev_ebitda": -56.179183364,
  "ebitda": -1127343736.0,
  "dividend_per_share": 0.0,
  "eps": 10.762250743801653,
  "eps_ttm": 10.762250743801653,
  "earnings_per_share": 10.762250743801653,
  "bvps": 11143.8625499174,
  "book_value_per_share": 11143.8625499174,
  "market_cap": 59895000000.0,
  "debt_to_equity": 0.06646032,
  "current_ratio": 4.9996392766,
  "quick_ratio": 4.8726763131,
  "cash_ratio": 0.0137809826,
  "interest_coverage": 1.5600541594696513,
  "asset_turnover": 1.0995550164,
  "inventory_turnover": 0.0,
  "fixed_asset_turnover": 0.0,
  "current_price": 9900.0,
  "working_capital": 17921500726.0
}