{
  "symbol": "CHP",
  "data_source": "VCI",
  "data_period": "year",
  "last_updated": "2025-11-17T15:43:45.753595",
  "name": "Công ty Cổ phần Thủy điện Miền Trung",
  "exchange": "HSX",
  "sector": "Điện, nước & xăng dầu khí đốt",
  "shares_outstanding": 146912668.0,
  "charter_capital": 1469126680000.0,
  "revenue": 814199531520.0,
  "revenue_ttm": 814199531520.0,
  "net_income": 313767090621.0,
  "net_income_ttm": 313767090621.0,
  "total_assets": 2696249961096.0,
  "total_equity": 1987895836165.0,
  "total_liabilities": 708354124931.0,
  "total_debt": 708354124931.0,
  "current_assets": 525485984379.0,
  "current_liabilities": 321564471202.0,
  "cash": 197904693647.0,
  "accounts_receivable": 303014947354.0,
  "fixed_assets": 2124167874493.0,
  "ppe": 2124167874493.0,
  "depreciation": 224349338638.0,
  "roe": 15.9823738,
  "roa": 11.08036158,
  "roic": 14.71180435,
  "net_profit_margin": 38.53687928746894,
  "net_margin": 38.53687928746894,
  "gross_profit_margin": 51.75221053841267,
  "gross_margin": 51.75221053841267,
  "ebit_margin": 46.681135841781526,
  "pe_ratio": 15.5628298462,
  "pb_ratio": 2.3464394483,
  "ps_ratio": 5.7289116837,
  "ev_ebitda": 8.3751462626,
  "ebitda": 604426927970.0,
  "dividend_per_share": 0.0,
  "eps": 2135.738836497068,
  "eps_ttm": 2135.738836497068,
  "earnings_per_share": 2135.738836497068,
  "bvps": 13531.1397119614,
  "book_value_per_share": 13531.1397119614,
  "market_cap": 4664477209000.0,
  "debt_to_equity": 0.3563336227,
  "current_ratio": 1.6341543654,
  "quick_ratio": 1.5577580419,
  "cash_ratio": 0.6154432824,
  "interest_coverage": -7.006195365538612,
  "asset_turnover": 0.2875261772,
  "inventory_turnover": 85.5157378538,
  "fixed_asset_turnover": 0.3641089451,
  "current_price": 32000.0,
  "working_capital": 203921513177.0
}