{
  "symbol": "CIA",
  "data_source": "VCI",
  "data_period": "year",
  "last_updated": "2025-11-17T13:44:51.569845",
  "name": "Công ty Cổ Phần Dịch Vụ Sân Bay Quốc Tế Cam Ranh",
  "exchange": "HNX",
  "sector": "Hàng & Dịch vụ Công nghiệp",
  "shares_outstanding": 18661243.0,
  "charter_capital": 186612430000.0,
  "revenue": 123106972488.0,
  "revenue_ttm": 123106972488.0,
  "net_income": 4523878505.0,
  "net_income_ttm": 4523878505.0,
  "total_assets": 348525738678.0,
  "total_equity": 329534503559.0,
  "total_liabilities": 18991235119.0,
  "total_debt": 18991235119.0,
  "current_assets": 285504540093.0,
  "current_liabilities": 17979791117.0,
  "cash": 38265229872.0,
  "accounts_receivable": 150876224549.0,
  "fixed_assets": 4650763187.0,
  "ppe": 4650763187.0,
  "depreciation": 2005563115.0,
  "roe": 1.3800641,
  "roa": 1.31406972,
  "roic": -0.54527337,
  "net_profit_margin": 3.674754088718225,
  "net_margin": 3.674754088718225,
  "gross_profit_margin": 27.922763756009623,
  "gross_margin": 27.922763756009623,
  "ebit_margin": -1.4595955376736696,
  "pe_ratio": 46.3365333996,
  "pb_ratio": 0.5741889737,
  "ps_ratio": 1.5369972519,
  "ev_ebitda": 723.2889299193,
  "ebitda": 208699238.0,
  "dividend_per_share": 0.0,
  "eps": 229.52311208618772,
  "eps_ttm": 229.52311208618772,
  "earnings_per_share": 229.52311208618772,
  "bvps": 16719.2343280312,
  "book_value_per_share": 16719.2343280312,
  "market_cap": 189215078400.0,
  "debt_to_equity": 0.0576304906,
  "current_ratio": 15.8791911561,
  "quick_ratio": 15.6296507475,
  "cash_ratio": 7.238217078,
  "interest_coverage": 0.0,
  "asset_turnover": 0.3575939201,
  "inventory_turnover": 18.6697689982,
  "fixed_asset_turnover": 22.7502756475,
  "current_price": 9700.0,
  "working_capital": 267524748976.0
}