{
  "symbol": "CIG",
  "data_source": "VCI",
  "data_period": "year",
  "last_updated": "2025-11-17T15:43:56.468140",
  "name": "Công ty Cổ phần COMA 18",
  "exchange": "HSX",
  "sector": "Xây dựng và Vật liệu",
  "shares_outstanding": 51039947.0,
  "charter_capital": 510399470000.0,
  "revenue": 95362496264.0,
  "revenue_ttm": 95362496264.0,
  "net_income": 54445333595.0,
  "net_income_ttm": 54445333595.0,
  "total_assets": 982478977283.0,
  "total_equity": 208862055774.0,
  "total_liabilities": 773616921509.0,
  "total_debt": 773616921509.0,
  "current_assets": 343307224332.0,
  "current_liabilities": 492777443677.0,
  "cash": 2212863342.0,
  "accounts_receivable": 317377915977.0,
  "fixed_assets": 95857128503.0,
  "ppe": 95857128503.0,
  "depreciation": 3107492841.0,
  "roe": 1.0234990855,
  "roa": 6.47671066,
  "roic": 5.14621769,
  "net_profit_margin": 57.65824607119855,
  "net_margin": 57.65824607119855,
  "gross_profit_margin": 28.417224488941507,
  "gross_margin": 28.417224488941507,
  "ebit_margin": 20.627739917185192,
  "pe_ratio": 5.1953770488,
  "pb_ratio": 3.528888245,
  "ps_ratio": 2.9955632831,
  "ev_ebitda": 19.9388212178,
  "ebitda": 22589179346.0,
  "dividend_per_share": 0.0,
  "eps": 1726.5349397701905,
  "eps_ttm": 1726.5349397701905,
  "earnings_per_share": 1726.5349397701905,
  "bvps": 2541.8770381257,
  "book_value_per_share": 2541.8770381257,
  "market_cap": 282913324590.0,
  "debt_to_equity": 3.7039610601,
  "current_ratio": 0.6966780415,
  "quick_ratio": 0.6485499355,
  "cash_ratio": 0.0044905938,
  "interest_coverage": -1.472667313189813,
  "asset_turnover": 0.1123293041,
  "inventory_turnover": 4.3985688463,
  "fixed_asset_turnover": 0.9688213515,
  "current_price": 9180.0,
  "working_capital": -149470219345.0
}