{
  "symbol": "CII",
  "data_source": "VCI",
  "data_period": "year",
  "last_updated": "2025-11-17T15:45:13.921619",
  "name": "Công ty Cổ phần Đầu tư Hạ tầng Kỹ thuật Thành phố Hồ Chí Minh",
  "exchange": "HSX",
  "sector": "Xây dựng và Vật liệu",
  "shares_outstanding": 624939021.0,
  "charter_capital": 6254504210000.0,
  "revenue": 3182495930678.0,
  "revenue_ttm": 3182495930678.0,
  "net_income": 618285445959.0,
  "net_income_ttm": 618285445959.0,
  "total_assets": 36722431033992.0,
  "total_equity": 9159139980320.0,
  "total_liabilities": 27563291053672.0,
  "total_debt": 27563291053672.0,
  "current_assets": 8630482439506.0,
  "current_liabilities": 8961342196450.0,
  "cash": 1351810461900.0,
  "accounts_receivable": 3769489713488.0,
  "fixed_assets": 16263338169250.0,
  "ppe": 16263338169250.0,
  "depreciation": 983820163237.0,
  "roe": 4.16691387,
  "roa": 0.73590908,
  "roic": 3.5153002599999996,
  "net_profit_margin": 8.495577060267639,
  "net_margin": 8.495577060267639,
  "gross_profit_margin": 54.96525450134816,
  "gross_margin": 54.96525450134816,
  "ebit_margin": 34.25684316412928,
  "pe_ratio": 34.1012544065,
  "pb_ratio": 1.3336470003,
  "ps_ratio": 2.65602903,
  "ev_ebitda": 13.3775330003,
  "ebitda": 2021029319128.0,
  "dividend_per_share": 0.0,
  "eps": 804.4481466477628,
  "eps_ttm": 804.4481466477628,
  "earnings_per_share": 804.4481466477628,
  "bvps": 18858.0636357575,
  "book_value_per_share": 18858.0636357575,
  "market_cap": 8041773186950.0,
  "debt_to_equity": 3.0093754559,
  "current_ratio": 0.9630792185,
  "quick_ratio": 0.5994218956,
  "cash_ratio": 0.1787829298,
  "interest_coverage": -0.7981246777812742,
  "asset_turnover": 0.086622613,
  "inventory_turnover": 0.9197183934,
  "fixed_asset_turnover": 0.185389594,
  "current_price": 26550.0,
  "working_capital": -330859756944.0
}