{
  "symbol": "CJC",
  "data_source": "VCI",
  "data_period": "year",
  "last_updated": "2025-11-17T13:46:13.466788",
  "name": "Công ty Cổ phần Cơ điện Miền Trung",
  "exchange": "HNX",
  "sector": "Hàng & Dịch vụ Công nghiệp",
  "shares_outstanding": 8000000.0,
  "charter_capital": 80000000000.0,
  "revenue": 387378730941.0,
  "revenue_ttm": 387378730941.0,
  "net_income": 7819705878.0,
  "net_income_ttm": 7819705878.0,
  "total_assets": 247353399688.0,
  "total_equity": 93948952195.0,
  "total_liabilities": 153404447493.0,
  "total_debt": 153404447493.0,
  "current_assets": 227739089045.0,
  "current_liabilities": 143889449697.0,
  "cash": 30166901118.0,
  "accounts_receivable": 110705165045.0,
  "fixed_assets": 14586983990.0,
  "ppe": 14586983990.0,
  "depreciation": 0.0,
  "roe": 8.6847891,
  "roa": 3.34244424,
  "roic": 5.85782792,
  "net_profit_margin": 2.0186203457801573,
  "net_margin": 2.0186203457801573,
  "gross_profit_margin": 7.943884914705576,
  "gross_margin": 7.943884914705576,
  "ebit_margin": 2.135222269923689,
  "pe_ratio": 24.5533531562,
  "pb_ratio": 2.0436630267,
  "ps_ratio": 0.4956389824,
  "ev_ebitda": 17.314108341,
  "ebitda": 12076082656.0,
  "dividend_per_share": 0.0,
  "eps": 977.46323475,
  "eps_ttm": 977.46323475,
  "earnings_per_share": 977.46323475,
  "bvps": 11743.619024375,
  "book_value_per_share": 11743.619024375,
  "market_cap": 192000000000.0,
  "debt_to_equity": 1.6328489452,
  "current_ratio": 1.5827365351,
  "quick_ratio": 0.9790298487,
  "cash_ratio": 0.2096533219,
  "interest_coverage": -1.7761326300780023,
  "asset_turnover": 1.6558062797,
  "inventory_turnover": 5.3351611316,
  "fixed_asset_turnover": 28.5586149754,
  "current_price": 24000.0,
  "working_capital": 83849639348.0
}