{
  "symbol": "CKG",
  "data_source": "VCI",
  "data_period": "year",
  "last_updated": "2025-11-17T15:45:23.597893",
  "name": "Công ty Cổ phần Tập đoàn CIC",
  "exchange": "HSX",
  "sector": "Bất động sản",
  "shares_outstanding": 161807526.0,
  "charter_capital": 1618075260000.0,
  "revenue": 1304115194274.0,
  "revenue_ttm": 1304115194274.0,
  "net_income": 122591543371.0,
  "net_income_ttm": 122591543371.0,
  "total_assets": 5004546105522.0,
  "total_equity": 1472941404881.0,
  "total_liabilities": 3531604700641.0,
  "total_debt": 3531604700641.0,
  "current_assets": 4071643798238.0,
  "current_liabilities": 2169551439110.0,
  "cash": 44914609010.0,
  "accounts_receivable": 975561524051.0,
  "fixed_assets": 297665029135.0,
  "ppe": 297665029135.0,
  "depreciation": 21120975090.0,
  "roe": 8.88722705,
  "roa": 2.52016866,
  "roic": 4.99340287,
  "net_profit_margin": 9.484517520319692,
  "net_margin": 9.484517520319692,
  "gross_profit_margin": 27.128774490574,
  "gross_margin": 27.128774490574,
  "ebit_margin": 13.356411556740344,
  "pe_ratio": 10.0020435172,
  "pb_ratio": 0.7836383492,
  "ps_ratio": 0.8683413487,
  "ev_ebitda": 15.8166557642,
  "ebitda": 194018581983.0,
  "dividend_per_share": 0.0,
  "eps": 1288.863036484152,
  "eps_ttm": 1288.863036484152,
  "earnings_per_share": 1288.863036484152,
  "bvps": 15057.9664870941,
  "book_value_per_share": 15057.9664870941,
  "market_cap": 1124060459800.0,
  "debt_to_equity": 2.3976545767,
  "current_ratio": 1.8767214848,
  "quick_ratio": 0.4703627278,
  "cash_ratio": 0.0207022559,
  "interest_coverage": -7.721539516062104,
  "asset_turnover": 0.2657139544,
  "inventory_turnover": 0.3169485265,
  "fixed_asset_turnover": 4.6099623598,
  "current_price": 11950.0,
  "working_capital": 1902092359128.0
}