{
  "symbol": "CKV",
  "data_source": "VCI",
  "data_period": "year",
  "last_updated": "2025-11-17T13:46:21.741666",
  "name": "Công ty Cổ phần CokyVina",
  "exchange": "HNX",
  "sector": "Công nghệ Thông tin",
  "shares_outstanding": 4050000.0,
  "charter_capital": 40500000000.0,
  "revenue": 908245631120.0,
  "revenue_ttm": 908245631120.0,
  "net_income": 2773996839.0,
  "net_income_ttm": 2773996839.0,
  "total_assets": 198961550824.0,
  "total_equity": 77127367394.0,
  "total_liabilities": 121834183430.0,
  "total_debt": 121834183430.0,
  "current_assets": 150031762168.0,
  "current_liabilities": 113034183430.0,
  "cash": 30399687567.0,
  "accounts_receivable": 80621733185.0,
  "fixed_assets": 29732277825.0,
  "ppe": 29732277825.0,
  "depreciation": 0.0,
  "roe": 3.54977298,
  "roa": 1.58080967,
  "roic": 3.6107427,
  "net_profit_margin": 0.305423636949319,
  "net_margin": 0.305423636949319,
  "gross_profit_margin": 5.06529308126357,
  "gross_margin": 5.06529308126357,
  "ebit_margin": 0.3553830951016752,
  "pe_ratio": 20.8766414194,
  "pb_ratio": 0.630126525,
  "ps_ratio": 0.0535097537,
  "ev_ebitda": 3.0750611456,
  "ebitda": 9907429345.0,
  "dividend_per_share": 0.0,
  "eps": 684.9374911111111,
  "eps_ttm": 684.9374911111111,
  "earnings_per_share": 684.9374911111111,
  "bvps": 19043.7944182716,
  "book_value_per_share": 19043.7944182716,
  "market_cap": 48600000000.0,
  "debt_to_equity": 1.57964919,
  "current_ratio": 1.3273131863,
  "quick_ratio": 0.9821933276,
  "cash_ratio": 0.2689424265,
  "interest_coverage": -15.113084567787698,
  "asset_turnover": 5.1757934994,
  "inventory_turnover": 37.7636596047,
  "fixed_asset_turnover": 31.9899034258,
  "current_price": 12000.0,
  "working_capital": 36997578738.0
}