{
  "symbol": "CLC",
  "data_source": "VCI",
  "data_period": "year",
  "last_updated": "2025-11-17T15:45:33.833459",
  "name": "Công ty Cổ phần Cát Lợi",
  "exchange": "HSX",
  "sector": "Hàng cá nhân & Gia dụng",
  "shares_outstanding": 26207583.0,
  "charter_capital": 262075830000.0,
  "revenue": 3691795747506.0,
  "revenue_ttm": 3691795747506.0,
  "net_income": 150229088842.0,
  "net_income_ttm": 150229088842.0,
  "total_assets": 1955275823603.0,
  "total_equity": 909803704136.0,
  "total_liabilities": 1045472119467.0,
  "total_debt": 1045472119467.0,
  "current_assets": 1841282095680.0,
  "current_liabilities": 1024694765723.0,
  "cash": 32039406447.0,
  "accounts_receivable": 345815712275.0,
  "fixed_assets": 110498801204.0,
  "ppe": 110498801204.0,
  "depreciation": 35390424739.0,
  "roe": 16.828610129999998,
  "roa": 8.53072936,
  "roic": 16.00430253,
  "net_profit_margin": 4.069347988000666,
  "net_margin": 4.069347988000666,
  "gross_profit_margin": 11.024950889869329,
  "gross_margin": 11.024950889869329,
  "ebit_margin": 6.7405603343585225,
  "pe_ratio": 10.7283972074,
  "pb_ratio": 1.4978992829,
  "ps_ratio": 0.3691485018,
  "ev_ebitda": 6.9513356353,
  "ebitda": 284233295956.0,
  "dividend_per_share": 0.0,
  "eps": 5732.27561053608,
  "eps_ttm": 5732.27561053608,
  "earnings_per_share": 5732.27561053608,
  "bvps": 34715.2846615424,
  "book_value_per_share": 34715.2846615424,
  "market_cap": 1362794316000.0,
  "debt_to_equity": 1.149118337,
  "current_ratio": 1.7969078766,
  "quick_ratio": 0.3687489498,
  "cash_ratio": 0.0312672686,
  "interest_coverage": -13.013815007569347,
  "asset_turnover": 2.0963381316,
  "inventory_turnover": 2.6419743913,
  "fixed_asset_turnover": 54.5462542761,
  "current_price": 52000.0,
  "working_capital": 816587329957.0
}