{
  "symbol": "CLH",
  "data_source": "VCI",
  "data_period": "year",
  "last_updated": "2025-11-17T13:46:30.017835",
  "name": "Công ty Cổ phần Xi măng La Hiên VVMI",
  "exchange": "HNX",
  "sector": "Xây dựng và Vật liệu",
  "shares_outstanding": 12000000.0,
  "charter_capital": 120000000000.0,
  "revenue": 661186027676.0,
  "revenue_ttm": 661186027676.0,
  "net_income": 38679263999.0,
  "net_income_ttm": 38679263999.0,
  "total_assets": 312128965936.0,
  "total_equity": 200300885591.0,
  "total_liabilities": 111828080345.0,
  "total_debt": 111828080345.0,
  "current_assets": 210022921582.0,
  "current_liabilities": 111235226513.0,
  "cash": 115702261577.0,
  "accounts_receivable": 9608213171.0,
  "fixed_assets": 89968626892.0,
  "ppe": 89968626892.0,
  "depreciation": 15124181747.0,
  "roe": 19.48377933,
  "roa": 12.569076100000002,
  "roic": 21.95999914,
  "net_profit_margin": 5.849982059505035,
  "net_margin": 5.849982059505035,
  "gross_profit_margin": 14.262797259716361,
  "gross_margin": 14.262797259716361,
  "ebit_margin": 6.652601675145263,
  "pe_ratio": 9.2522045529,
  "pb_ratio": 1.2880622032,
  "ps_ratio": 0.3902078828,
  "ev_ebitda": 2.4073274532,
  "ebitda": 59110254500.0,
  "dividend_per_share": 0.0,
  "eps": 3223.2719999166666,
  "eps_ttm": 3223.2719999166666,
  "earnings_per_share": 3223.2719999166666,
  "bvps": 16691.7404659167,
  "book_value_per_share": 16691.7404659167,
  "market_cap": 258000000000.0,
  "debt_to_equity": 0.5583004789,
  "current_ratio": 1.8880972167,
  "quick_ratio": 1.1265358886,
  "cash_ratio": 1.040158457,
  "interest_coverage": -691.8732577145919,
  "asset_turnover": 2.1485666059,
  "inventory_turnover": 19.1181039281,
  "fixed_asset_turnover": 7.171640244,
  "current_price": 21600.0,
  "working_capital": 98787695069.0
}