{
  "symbol": "CLL",
  "data_source": "VCI",
  "data_period": "year",
  "last_updated": "2025-11-17T15:45:42.979032",
  "name": "Công ty Cổ phần Cảng Cát Lái",
  "exchange": "HSX",
  "sector": "Hàng & Dịch vụ Công nghiệp",
  "shares_outstanding": 34000000.0,
  "charter_capital": 340000000000.0,
  "revenue": 322588699271.0,
  "revenue_ttm": 322588699271.0,
  "net_income": 99155142068.0,
  "net_income_ttm": 99155142068.0,
  "total_assets": 681710963671.0,
  "total_equity": 623620815655.0,
  "total_liabilities": 58090148016.0,
  "total_debt": 58090148016.0,
  "current_assets": 402904884447.0,
  "current_liabilities": 55914948016.0,
  "cash": 99462233680.0,
  "accounts_receivable": 109695529214.0,
  "fixed_assets": 173120788511.0,
  "ppe": 173120788511.0,
  "depreciation": 28827491698.0,
  "roe": 16.16405961,
  "roa": 14.353464830000002,
  "roic": 16.97448705,
  "net_profit_margin": 30.1854452697977,
  "net_margin": 30.1854452697977,
  "gross_profit_margin": 43.24224612741735,
  "gross_margin": 43.24224612741735,
  "ebit_margin": 32.95774810409105,
  "pe_ratio": 11.3114668563,
  "pb_ratio": 1.7328271317,
  "ps_ratio": 3.2462389487,
  "ev_ebitda": 7.0328425973,
  "ebitda": 135145462616.0,
  "dividend_per_share": 0.0,
  "eps": 2863.9657430882353,
  "eps_ttm": 2863.9657430882353,
  "earnings_per_share": 2863.9657430882353,
  "bvps": 17774.4216002059,
  "book_value_per_share": 17774.4216002059,
  "market_cap": 1047200000000.0,
  "debt_to_equity": 0.09314979,
  "current_ratio": 7.205673952,
  "quick_ratio": 3.7406412832,
  "cash_ratio": 1.7788129509,
  "interest_coverage": -2956.126922641781,
  "asset_turnover": 0.4755094618,
  "inventory_turnover": 34.1702938359,
  "fixed_asset_turnover": 1.7463535674,
  "current_price": 30800.0,
  "working_capital": 346989936431.0
}