{
  "symbol": "CLM",
  "data_source": "VCI",
  "data_period": "year",
  "last_updated": "2025-11-17T13:46:38.205734",
  "name": "Công ty Cổ phần Xuất nhập khẩu Than - Vinacomin",
  "exchange": "HNX",
  "sector": "Tài nguyên Cơ bản",
  "shares_outstanding": 11000000.0,
  "charter_capital": 110000000000.0,
  "revenue": 17533257477305.0,
  "revenue_ttm": 17533257477305.0,
  "net_income": 148834097057.0,
  "net_income_ttm": 148834097057.0,
  "total_assets": 1348341662126.0,
  "total_equity": 754051451639.0,
  "total_liabilities": 594290210487.0,
  "total_debt": 594290210487.0,
  "current_assets": 1267701649454.0,
  "current_liabilities": 587761327373.0,
  "cash": 179725623186.0,
  "accounts_receivable": 410113581724.0,
  "fixed_assets": 0.0,
  "ppe": 0.0,
  "depreciation": 4664027880.0,
  "roe": 21.282797940000002,
  "roa": 7.93052724,
  "roic": 22.45058892,
  "net_profit_margin": 0.8488673439584768,
  "net_margin": 0.8488673439584768,
  "gross_profit_margin": 2.2801606171727213,
  "gross_margin": 2.2801606171727213,
  "ebit_margin": 0.9669533943447193,
  "pe_ratio": 5.4563148656,
  "pb_ratio": 1.0313619824,
  "ps_ratio": 0.0443557052,
  "ev_ebitda": 3.4390182386,
  "ebitda": 174202456196.0,
  "dividend_per_share": 0.0,
  "eps": 13530.372459727272,
  "eps_ttm": 13530.372459727272,
  "earnings_per_share": 13530.372459727272,
  "bvps": 68550.1319671818,
  "book_value_per_share": 68550.1319671818,
  "market_cap": 777700000000.0,
  "debt_to_equity": 0.7881295225,
  "current_ratio": 2.1568306563,
  "quick_ratio": 1.0035352403,
  "cash_ratio": 0.3057799396,
  "interest_coverage": -4.526747648488333,
  "asset_turnover": 9.3424812467,
  "inventory_turnover": 21.679893397,
  "fixed_asset_turnover": 0.0,
  "current_price": 70700.0,
  "working_capital": 679940322081.0
}