{
  "symbol": "CLW",
  "data_source": "VCI",
  "data_period": "year",
  "last_updated": "2025-11-17T15:45:53.293481",
  "name": "Công ty Cổ phần Cấp nước Chợ Lớn",
  "exchange": "HSX",
  "sector": "Điện, nước & xăng dầu khí đốt",
  "shares_outstanding": 13000000.0,
  "charter_capital": 130000000000.0,
  "revenue": 1303898424872.0,
  "revenue_ttm": 1303898424872.0,
  "net_income": 53939786680.0,
  "net_income_ttm": 53939786680.0,
  "total_assets": 570234997545.0,
  "total_equity": 255660681077.0,
  "total_liabilities": 314574316468.0,
  "total_debt": 314574316468.0,
  "current_assets": 262361252353.0,
  "current_liabilities": 234265049642.0,
  "cash": 5842589426.0,
  "accounts_receivable": 58874405104.0,
  "fixed_assets": 287544806799.0,
  "ppe": 287544806799.0,
  "depreciation": 47062700686.0,
  "roe": 22.27485751,
  "roa": 9.40947083,
  "roic": 19.167380610000002,
  "net_profit_margin": 4.138234440710208,
  "net_margin": 4.138234440710208,
  "gross_profit_margin": 15.092999175379434,
  "gross_margin": 15.092999175379434,
  "ebit_margin": 5.154739763421702,
  "pe_ratio": 16.989192932,
  "pb_ratio": 2.1864918674,
  "ps_ratio": 0.4288621062,
  "ev_ebitda": 5.6719924752,
  "ebitda": 114252118592.0,
  "dividend_per_share": 0.0,
  "eps": 4149.21436,
  "eps_ttm": 4149.21436,
  "earnings_per_share": 4149.21436,
  "bvps": 19666.2062366923,
  "book_value_per_share": 19666.2062366923,
  "market_cap": 559000000000.0,
  "debt_to_equity": 1.2304368241,
  "current_ratio": 1.1199333949,
  "quick_ratio": 0.2762554407,
  "cash_ratio": 0.0249400815,
  "interest_coverage": -10.921299626214429,
  "asset_turnover": 2.2737887295,
  "inventory_turnover": 23.8784003558,
  "fixed_asset_turnover": 4.9473184154,
  "current_price": 43000.0,
  "working_capital": 28096202711.0
}