{
  "symbol": "CMC",
  "data_source": "VCI",
  "data_period": "year",
  "last_updated": "2025-11-17T13:46:46.014709",
  "name": "Công ty Cổ phần Đầu tư CMC",
  "exchange": "HNX",
  "sector": "Hàng & Dịch vụ Công nghiệp",
  "shares_outstanding": 5108347.0,
  "charter_capital": 51083470000.0,
  "revenue": 78642081396.0,
  "revenue_ttm": 78642081396.0,
  "net_income": 146085256.0,
  "net_income_ttm": 146085256.0,
  "total_assets": 159045236283.0,
  "total_equity": 60840411578.0,
  "total_liabilities": 98204824705.0,
  "total_debt": 98204824705.0,
  "current_assets": 112194627891.0,
  "current_liabilities": 97686656804.0,
  "cash": 1166547699.0,
  "accounts_receivable": 21357695462.0,
  "fixed_assets": 6816737792.0,
  "ppe": 6816737792.0,
  "depreciation": 0.0,
  "roe": 0.24040082000000002,
  "roa": 0.09558222,
  "roic": 3.9541970500000003,
  "net_profit_margin": 0.18575965107585565,
  "net_margin": 0.18575965107585565,
  "gross_profit_margin": 13.03582617858005,
  "gross_margin": 13.03582617858005,
  "ebit_margin": 7.838715013096727,
  "pe_ratio": 256.0190605409,
  "pb_ratio": 0.6147330209,
  "ps_ratio": 0.4755801135,
  "ev_ebitda": 18.6105437443,
  "ebitda": 7054711549.0,
  "dividend_per_share": 0.0,
  "eps": 32.02886528321329,
  "eps_ttm": 32.02886528321329,
  "earnings_per_share": 32.02886528321329,
  "bvps": 13339.1240126725,
  "book_value_per_share": 13339.1240126725,
  "market_cap": 37400610000.0,
  "debt_to_equity": 1.614138073,
  "current_ratio": 1.1485153813,
  "quick_ratio": 0.5768898015,
  "cash_ratio": 0.3582550753,
  "interest_coverage": -1.5802595672855817,
  "asset_turnover": 0.5145477849,
  "inventory_turnover": 1.1017311075,
  "fixed_asset_turnover": 10.8295139877,
  "current_price": 8800.0,
  "working_capital": 14507971087.0
}