{
  "symbol": "CMG",
  "data_source": "VCI",
  "data_period": "year",
  "last_updated": "2025-11-17T15:47:14.751334",
  "name": "Công ty Cổ phần Tập đoàn Công nghệ CMC",
  "exchange": "HSX",
  "sector": "Công nghệ Thông tin",
  "shares_outstanding": 211783907.0,
  "charter_capital": 2117839070000.0,
  "revenue": 7936684217718.0,
  "revenue_ttm": 7936684217718.0,
  "net_income": 384301864750.0,
  "net_income_ttm": 384301864750.0,
  "total_assets": 7719734866866.0,
  "total_equity": 3585717323463.0,
  "total_liabilities": 4134017543403.0,
  "total_debt": 4134017543403.0,
  "current_assets": 3964438144719.0,
  "current_liabilities": 3163826545205.0,
  "cash": 660740835818.0,
  "accounts_receivable": 1700553711817.0,
  "fixed_assets": 2239547904871.0,
  "ppe": 2239547904871.0,
  "depreciation": 473447536983.0,
  "roe": 11.43924412,
  "roa": 4.16234828,
  "roic": 7.73621746,
  "net_profit_margin": 3.934381523201452,
  "net_margin": 3.934381523201452,
  "gross_profit_margin": 18.238732502923853,
  "gross_margin": 18.238732502923853,
  "ebit_margin": 5.238144140351576,
  "pe_ratio": 24.6845975952,
  "pb_ratio": 2.5423863553,
  "ps_ratio": 0.9143208728,
  "ev_ebitda": 9.4255765384,
  "ebitda": 889037469891.0,
  "dividend_per_share": 0.0,
  "eps": 1639.4675053132,
  "eps_ttm": 1639.4675053132,
  "earnings_per_share": 1639.4675053132,
  "bvps": 14985.9205781204,
  "book_value_per_share": 14985.9205781204,
  "market_cap": 7254144597600.0,
  "debt_to_equity": 1.1529122824,
  "current_ratio": 1.2530516727,
  "quick_ratio": 0.7463413414,
  "cash_ratio": 0.2088423074,
  "interest_coverage": -5.2670359941738765,
  "asset_turnover": 1.0579422086,
  "inventory_turnover": 28.5704199122,
  "fixed_asset_turnover": 3.5310495187,
  "current_price": 38600.0,
  "working_capital": 800611599514.0
}