{
  "symbol": "CMS",
  "data_source": "VCI",
  "data_period": "year",
  "last_updated": "2025-11-17T13:48:13.442633",
  "name": "Công ty Cổ phần Tập đoàn CMH Việt Nam",
  "exchange": "HNX",
  "sector": "Xây dựng và Vật liệu",
  "shares_outstanding": 25452500.0,
  "charter_capital": 254525000000.0,
  "revenue": 202066527362.0,
  "revenue_ttm": 202066527362.0,
  "net_income": 4953920876.0,
  "net_income_ttm": 4953920876.0,
  "total_assets": 560095502945.0,
  "total_equity": 280403035539.0,
  "total_liabilities": 279692467406.0,
  "total_debt": 279692467406.0,
  "current_assets": 504403213466.0,
  "current_liabilities": 135043898578.0,
  "cash": 8437777299.0,
  "accounts_receivable": 348507722903.0,
  "fixed_assets": 20677746240.0,
  "ppe": 20677746240.0,
  "depreciation": 6373996393.0,
  "roe": 1.91110166,
  "roa": 1.00140293,
  "roic": 0.41629930000000004,
  "net_profit_margin": 2.4478086353901323,
  "net_margin": 2.4478086353901323,
  "gross_profit_margin": 7.578416347783387,
  "gross_margin": 7.578416347783387,
  "ebit_margin": 0.9476705226736701,
  "pe_ratio": 40.6523538305,
  "pb_ratio": 0.7720278603,
  "ps_ratio": 0.9950918276,
  "ev_ebitda": 44.905901131,
  "ebitda": 8288921309.0,
  "dividend_per_share": 0.0,
  "eps": 194.33069073764855,
  "eps_ttm": 194.33069073764855,
  "earnings_per_share": 194.33069073764855,
  "bvps": 10232.7913359395,
  "book_value_per_share": 10232.7913359395,
  "market_cap": 201074750000.0,
  "debt_to_equity": 0.9974659043,
  "current_ratio": 3.7351055381,
  "quick_ratio": 2.6431812467,
  "cash_ratio": 0.0624817366,
  "interest_coverage": -0.7752856351618934,
  "asset_turnover": 0.409101803,
  "inventory_turnover": 1.8427717865,
  "fixed_asset_turnover": 8.6117110755,
  "current_price": 8500.0,
  "working_capital": 369359314888.0
}