{
  "symbol": "CMV",
  "data_source": "VCI",
  "data_period": "year",
  "last_updated": "2025-11-17T15:47:24.875927",
  "name": "Công ty Cổ phần Thương nghiệp Cà Mau",
  "exchange": "HSX",
  "sector": "Bán lẻ",
  "shares_outstanding": 18155868.0,
  "charter_capital": 181558680000.0,
  "revenue": 4609119646920.0,
  "revenue_ttm": 4609119646920.0,
  "net_income": 9977714842.0,
  "net_income_ttm": 9977714842.0,
  "total_assets": 502604335501.0,
  "total_equity": 246076973035.0,
  "total_liabilities": 256527362466.0,
  "total_debt": 256527362466.0,
  "current_assets": 385417022612.0,
  "current_liabilities": 255972362466.0,
  "cash": 32702751498.0,
  "accounts_receivable": 85080600789.0,
  "fixed_assets": 89089166252.0,
  "ppe": 89089166252.0,
  "depreciation": 9450461024.0,
  "roe": 4.77599515,
  "roa": 2.21808554,
  "roic": 1.70429013,
  "net_profit_margin": 0.24869363171448441,
  "net_margin": 0.24869363171448441,
  "gross_profit_margin": 4.098430579091385,
  "gross_margin": 4.098430579091385,
  "ebit_margin": 0.15715227787206307,
  "pe_ratio": 13.1469824054,
  "pb_ratio": 0.6243613974,
  "ps_ratio": 0.032695708,
  "ev_ebitda": 17.7856933529,
  "ebitda": 16693570396.0,
  "dividend_per_share": 0.0,
  "eps": 631.3235801229663,
  "eps_ttm": 631.3235801229663,
  "earnings_per_share": 631.3235801229663,
  "bvps": 13293.58290708,
  "book_value_per_share": 13293.58290708,
  "market_cap": 150693704400.0,
  "debt_to_equity": 1.0424679697,
  "current_ratio": 1.5056977984,
  "quick_ratio": 0.4601408963,
  "cash_ratio": 0.1277589158,
  "interest_coverage": -0.7344839481074668,
  "asset_turnover": 8.9189478668,
  "inventory_turnover": 17.3205807983,
  "fixed_asset_turnover": 52.8222074194,
  "current_price": 8300.0,
  "working_capital": 129444660146.0
}