{
  "symbol": "CNG",
  "data_source": "VCI",
  "data_period": "year",
  "last_updated": "2025-11-17T15:47:41.579988",
  "name": "Công ty Cổ phần CNG Việt Nam",
  "exchange": "HSX",
  "sector": "Điện, nước & xăng dầu khí đốt",
  "shares_outstanding": 35099625.0,
  "charter_capital": 350996250000.0,
  "revenue": 3517120563949.0,
  "revenue_ttm": 3517120563949.0,
  "net_income": 90989398177.0,
  "net_income_ttm": 90989398177.0,
  "total_assets": 1365731303230.0,
  "total_equity": 630965803174.0,
  "total_liabilities": 734765500056.0,
  "total_debt": 734765500056.0,
  "current_assets": 1125717237894.0,
  "current_liabilities": 714563560756.0,
  "cash": 340698322731.0,
  "accounts_receivable": 639431313508.0,
  "fixed_assets": 210094301554.0,
  "ppe": 210094301554.0,
  "depreciation": 46020188805.0,
  "roe": 14.75183553,
  "roa": 7.20905493,
  "roic": 16.785558780000002,
  "net_profit_margin": 2.5870423411029644,
  "net_margin": 2.5870423411029644,
  "gross_profit_margin": 8.0790545795211,
  "gross_margin": 8.0790545795211,
  "ebit_margin": 3.2179409936952377,
  "pe_ratio": 12.7651954569,
  "pb_ratio": 1.4240873205,
  "ps_ratio": 0.2554789873,
  "ev_ebitda": 3.7760876895,
  "ebitda": 159199053230.0,
  "dividend_per_share": 0.0,
  "eps": 2592.3182420609905,
  "eps_ttm": 2592.3182420609905,
  "earnings_per_share": 2592.3182420609905,
  "bvps": 17976.4257644918,
  "book_value_per_share": 17976.4257644918,
  "market_cap": 898550400000.0,
  "debt_to_equity": 1.1645092275,
  "current_ratio": 1.5753913294,
  "quick_ratio": 1.3716479402,
  "cash_ratio": 0.4767921868,
  "interest_coverage": -36.95828270757568,
  "asset_turnover": 2.7866010604,
  "inventory_turnover": 42.8269020275,
  "fixed_asset_turnover": 18.9983334689,
  "current_price": 25700.0,
  "working_capital": 411153677138.0
}