{
  "symbol": "COM",
  "data_source": "VCI",
  "data_period": "year",
  "last_updated": "2025-11-17T15:47:52.235619",
  "name": "Công ty Cổ phần Vật tư Xăng dầu",
  "exchange": "HSX",
  "sector": "Bán lẻ",
  "shares_outstanding": 14120628.0,
  "charter_capital": 141206280000.0,
  "revenue": 4106869520109.0,
  "revenue_ttm": 4106869520109.0,
  "net_income": 26876180026.0,
  "net_income_ttm": 26876180026.0,
  "total_assets": 484766890338.0,
  "total_equity": 434285861873.0,
  "total_liabilities": 50481028465.0,
  "total_debt": 50481028465.0,
  "current_assets": 205484626173.0,
  "current_liabilities": 50481028465.0,
  "cash": 95564510972.0,
  "accounts_receivable": 24864548208.0,
  "fixed_assets": 230712282461.0,
  "ppe": 230712282461.0,
  "depreciation": 10497863319.0,
  "roe": 6.15388395,
  "roa": 5.513273610000001,
  "roic": 7.29804667,
  "net_profit_margin": 0.6544719960312074,
  "net_margin": 0.6544719960312074,
  "gross_profit_margin": 4.828503542057586,
  "gross_margin": 4.828503542057586,
  "ebit_margin": 0.7718019195686887,
  "pe_ratio": 27.1446472317,
  "pb_ratio": 1.0079523798,
  "ps_ratio": 0.1065955888,
  "ev_ebitda": 8.1099010278,
  "ebitda": 42192248198.0,
  "dividend_per_share": 0.0,
  "eps": 1903.3275309001838,
  "eps_ttm": 1903.3275309001838,
  "earnings_per_share": 1903.3275309001838,
  "bvps": 30755.4212088159,
  "book_value_per_share": 30755.4212088159,
  "market_cap": 437739468000.0,
  "debt_to_equity": 0.1162391708,
  "current_ratio": 4.0705316912,
  "quick_ratio": 2.7688770897,
  "cash_ratio": 2.2763247593,
  "interest_coverage": 0.0,
  "asset_turnover": 8.4240023185,
  "inventory_turnover": 64.6122273812,
  "fixed_asset_turnover": 17.7019286059,
  "current_price": 31000.0,
  "working_capital": 155003597708.0
}