{
  "symbol": "CPC",
  "data_source": "VCI",
  "data_period": "year",
  "last_updated": "2025-11-17T13:48:23.951194",
  "name": "Công ty Cổ phần Thuốc sát trùng Cần Thơ",
  "exchange": "HNX",
  "sector": "Hóa chất",
  "shares_outstanding": 4303050.0,
  "charter_capital": 43030500000.0,
  "revenue": 190029517976.0,
  "revenue_ttm": 190029517976.0,
  "net_income": 10001481007.0,
  "net_income_ttm": 10001481007.0,
  "total_assets": 123226129620.0,
  "total_equity": 86296961202.0,
  "total_liabilities": 36929168418.0,
  "total_debt": 36929168418.0,
  "current_assets": 103827205904.0,
  "current_liabilities": 36929168418.0,
  "cash": 14439625166.0,
  "accounts_receivable": 25730575648.0,
  "fixed_assets": 16287687123.0,
  "ppe": 16287687123.0,
  "depreciation": 0.0,
  "roe": 11.64317426,
  "roa": 7.78581595,
  "roic": 15.59091897,
  "net_profit_margin": 5.263119705572873,
  "net_margin": 5.263119705572873,
  "gross_profit_margin": 21.857226735819925,
  "gross_margin": 21.857226735819925,
  "ebit_margin": 7.580185476668548,
  "pe_ratio": 8.1823399017,
  "pb_ratio": 0.8626348363,
  "ps_ratio": 0.391743166,
  "ev_ebitda": 3.5957910066,
  "ebitda": 18381790199.0,
  "dividend_per_share": 0.0,
  "eps": 2324.2772003578857,
  "eps_ttm": 2324.2772003578857,
  "earnings_per_share": 2324.2772003578857,
  "bvps": 20054.835802977,
  "book_value_per_share": 20054.835802977,
  "market_cap": 74442765000.0,
  "debt_to_equity": 0.4279312725,
  "current_ratio": 2.8115229872,
  "quick_ratio": 1.0877634817,
  "cash_ratio": 0.3910086738,
  "interest_coverage": -24.203578769610516,
  "asset_turnover": 1.4793157635,
  "inventory_turnover": 8.4485166468,
  "fixed_asset_turnover": 12.270910697,
  "current_price": 17600.0,
  "working_capital": 66898037486.0
}