{
  "symbol": "CRC",
  "data_source": "VCI",
  "data_period": "year",
  "last_updated": "2025-11-17T15:48:02.371039",
  "name": "Công ty Cổ phần Create Capital Việt Nam",
  "exchange": "HSX",
  "sector": "Xây dựng và Vật liệu",
  "shares_outstanding": 68399924.0,
  "charter_capital": 683999240000.0,
  "revenue": 464663292081.0,
  "revenue_ttm": 464663292081.0,
  "net_income": 66090112093.0,
  "net_income_ttm": 66090112093.0,
  "total_assets": 1214924583253.0,
  "total_equity": 820475201681.0,
  "total_liabilities": 394449381572.0,
  "total_debt": 394449381572.0,
  "current_assets": 597147579524.0,
  "current_liabilities": 257836125055.0,
  "cash": 54684914736.0,
  "accounts_receivable": 389893570417.0,
  "fixed_assets": 406693869338.0,
  "ppe": 406693869338.0,
  "depreciation": 10572679662.0,
  "roe": 11.00761618,
  "roa": 6.84011375,
  "roic": 5.17825984,
  "net_profit_margin": 13.711543601316725,
  "net_margin": 13.711543601316725,
  "gross_profit_margin": 15.620499485108324,
  "gross_margin": 15.620499485108324,
  "ebit_margin": 13.31251103739369,
  "pe_ratio": 8.5603282764,
  "pb_ratio": 0.7172371849,
  "ps_ratio": 1.173753144,
  "ev_ebitda": 11.9398805839,
  "ebitda": 72431031707.0,
  "dividend_per_share": 0.0,
  "eps": 1061.8751648833334,
  "eps_ttm": 1061.8751648833334,
  "earnings_per_share": 1061.8751648833334,
  "bvps": 12673.6318072333,
  "book_value_per_share": 12673.6318072333,
  "market_cap": 545400000000.0,
  "debt_to_equity": 0.4807572255,
  "current_ratio": 2.3159965633,
  "quick_ratio": 1.7242676334,
  "cash_ratio": 0.2120917491,
  "interest_coverage": -3.314060142519777,
  "asset_turnover": 0.4988580389,
  "inventory_turnover": 5.1598952533,
  "fixed_asset_turnover": 1.382429071,
  "current_price": 8900.0,
  "working_capital": 339311454469.0
}