{
  "symbol": "CRE",
  "data_source": "VCI",
  "data_period": "year",
  "last_updated": "2025-11-17T15:49:13.689749",
  "name": "Công ty Cổ phần Bất động sản Thế Kỷ",
  "exchange": "HSX",
  "sector": "Bất động sản",
  "shares_outstanding": 463678534.0,
  "charter_capital": 4636785340000.0,
  "revenue": 1538002600367.0,
  "revenue_ttm": 1538002600367.0,
  "net_income": 41786503553.0,
  "net_income_ttm": 41786503553.0,
  "total_assets": 7180709861791.0,
  "total_equity": 5661609822416.0,
  "total_liabilities": 1519100039375.0,
  "total_debt": 1519100039375.0,
  "current_assets": 4298280977836.0,
  "current_liabilities": 1446244717290.0,
  "cash": 31099676274.0,
  "accounts_receivable": 3745916881150.0,
  "fixed_assets": 185157833912.0,
  "ppe": 185157833912.0,
  "depreciation": 48519080356.0,
  "roe": 0.7331441,
  "roa": 0.57482259,
  "roic": 2.07061852,
  "net_profit_margin": 2.668919177328118,
  "net_margin": 2.668919177328118,
  "gross_profit_margin": 18.818816423257996,
  "gross_margin": 18.818816423257996,
  "ebit_margin": 8.896560721636597,
  "pe_ratio": 105.5045950479,
  "pb_ratio": 0.7706942972,
  "ps_ratio": 2.8158323702,
  "ev_ebitda": 28.3044572809,
  "ebitda": 185348415598.0,
  "dividend_per_share": 0.0,
  "eps": 88.52694989973376,
  "eps_ttm": 88.52694989973376,
  "earnings_per_share": 88.52694989973376,
  "bvps": 12118.9426654006,
  "book_value_per_share": 12118.9426654006,
  "market_cap": 4330757507560.0,
  "debt_to_equity": 0.2683159184,
  "current_ratio": 2.9720288181,
  "quick_ratio": 2.6116026647,
  "cash_ratio": 0.0215037441,
  "interest_coverage": -1.878249772532408,
  "asset_turnover": 0.2153765428,
  "inventory_turnover": 2.7427828896,
  "fixed_asset_turnover": 7.8073116791,
  "current_price": 9170.0,
  "working_capital": 2852036260546.0
}