{
  "symbol": "CRV",
  "data_source": "VCI",
  "data_period": "year",
  "last_updated": "2025-11-17T15:49:22.118909",
  "name": "Công ty Cổ phần Tập đoàn Bất động sản CRV",
  "exchange": "HSX",
  "sector": "Bất động sản",
  "shares_outstanding": 672416640.0,
  "charter_capital": 6724166400000.0,
  "revenue": 3163974405030.0,
  "revenue_ttm": 3163974405030.0,
  "net_income": 756749218450.0,
  "net_income_ttm": 756749218450.0,
  "total_assets": 9155803094985.0,
  "total_equity": 7849099982619.0,
  "total_liabilities": 1306703112366.0,
  "total_debt": 1306703112366.0,
  "current_assets": 7806081406143.0,
  "current_liabilities": 1170267770098.0,
  "cash": 208123869327.0,
  "accounts_receivable": 382625424410.0,
  "fixed_assets": 296883711473.0,
  "ppe": 296883711473.0,
  "depreciation": 82657887828.0,
  "roe": 10.06974231,
  "roa": 7.25071393,
  "roic": 11.53299771,
  "net_profit_margin": 23.914776564882658,
  "net_margin": 23.914776564882658,
  "gross_profit_margin": 40.9787583818873,
  "gross_margin": 40.9787583818873,
  "ebit_margin": 30.091547521920383,
  "pe_ratio": 28.8816847951,
  "pb_ratio": 2.7843154773,
  "ps_ratio": 6.9069903869,
  "ev_ebitda": 21.3111690626,
  "ebitda": 1034746749499.0,
  "dividend_per_share": 0.0,
  "eps": 1125.2806140148466,
  "eps_ttm": 1125.2806140148466,
  "earnings_per_share": 1125.2806140148466,
  "bvps": 11672.5278671465,
  "book_value_per_share": 11672.5278671465,
  "market_cap": 21853540800000.0,
  "debt_to_equity": 0.1664780822,
  "current_ratio": 6.670337854,
  "quick_ratio": 0.5047983964,
  "cash_ratio": 0.1778429473,
  "interest_coverage": -42.2963275955286,
  "asset_turnover": 0.3031896998,
  "inventory_turnover": 0.2666298376,
  "fixed_asset_turnover": 11.8951907461,
  "current_price": 32000.0,
  "working_capital": 6635813636045.0
}