{
  "symbol": "CSM",
  "data_source": "VCI",
  "data_period": "year",
  "last_updated": "2025-11-17T15:49:30.618126",
  "name": "Công ty Cổ phần Công nghiệp Cao su Miền Nam",
  "exchange": "HSX",
  "sector": "Ô tô và phụ tùng",
  "shares_outstanding": 103626467.0,
  "charter_capital": 1036264670000.0,
  "revenue": 5001549470744.0,
  "revenue_ttm": 5001549470744.0,
  "net_income": 72071490392.0,
  "net_income_ttm": 72071490392.0,
  "total_assets": 3815256503260.0,
  "total_equity": 1360188407654.0,
  "total_liabilities": 2455068095606.0,
  "total_debt": 2455068095606.0,
  "current_assets": 2907846266290.0,
  "current_liabilities": 2384697160589.0,
  "cash": 473343496352.0,
  "accounts_receivable": 775736335831.0,
  "fixed_assets": 823790323897.0,
  "ppe": 823790323897.0,
  "depreciation": 193065039646.0,
  "roe": 5.36967584,
  "roa": 1.87209438,
  "roic": 3.52654062,
  "net_profit_margin": 1.5294736472612798,
  "net_margin": 1.5294736472612798,
  "gross_profit_margin": 13.26302243180913,
  "gross_margin": 13.26302243180913,
  "ebit_margin": 2.4524181515295873,
  "pe_ratio": 22.286346928,
  "pb_ratio": 1.062786013,
  "ps_ratio": 0.3067774229,
  "ev_ebitda": 9.3607632994,
  "ebitda": 308627299618.0,
  "dividend_per_share": 0.0,
  "eps": 695.4930769954746,
  "eps_ttm": 695.4930769954746,
  "earnings_per_share": 695.4930769954746,
  "bvps": 13125.8784269274,
  "book_value_per_share": 13125.8784269274,
  "market_cap": 1445589214650.0,
  "debt_to_equity": 1.8049470807,
  "current_ratio": 1.2193775857,
  "quick_ratio": 0.5237897092,
  "cash_ratio": 0.1984920786,
  "interest_coverage": -1.2058703513745115,
  "asset_turnover": 1.2240121828,
  "inventory_turnover": 3.2261081548,
  "fixed_asset_turnover": 5.3230269227,
  "current_price": 14150.0,
  "working_capital": 523149105701.0
}