{
  "symbol": "CST",
  "data_source": "VCI",
  "data_period": "year",
  "last_updated": "2025-11-17T13:48:44.551693",
  "name": "Công ty Cổ phần Than Cao Sơn - TKV",
  "exchange": "HNX",
  "sector": "Tài nguyên Cơ bản",
  "shares_outstanding": 42846773.0,
  "charter_capital": 428467730000.0,
  "revenue": 9448093858111.0,
  "revenue_ttm": 9448093858111.0,
  "net_income": 130019867238.0,
  "net_income_ttm": 130019867238.0,
  "total_assets": 2651371483986.0,
  "total_equity": 1070587112584.0,
  "total_liabilities": 1580784371402.0,
  "total_debt": 1580784371402.0,
  "current_assets": 1498503637306.0,
  "current_liabilities": 1325354371402.0,
  "cash": 800433496.0,
  "accounts_receivable": 891522070273.0,
  "fixed_assets": 783261604834.0,
  "ppe": 783261604834.0,
  "depreciation": 336234091880.0,
  "roe": 12.00022109,
  "roa": 5.14581108,
  "roic": 10.44629549,
  "net_profit_margin": 1.3761491914729502,
  "net_margin": 1.3761491914729502,
  "gross_profit_margin": 4.968045368918958,
  "gross_margin": 4.968045368918958,
  "ebit_margin": 1.4661122962922688,
  "pe_ratio": 12.1317699455,
  "pb_ratio": 0.544295841,
  "ps_ratio": 0.0616755212,
  "ev_ebitda": 1.7637473442,
  "ebitda": 474753757699.0,
  "dividend_per_share": 0.0,
  "eps": 3034.5311474915507,
  "eps_ttm": 3034.5311474915507,
  "earnings_per_share": 3034.5311474915507,
  "bvps": 24986.4117557698,
  "book_value_per_share": 24986.4117557698,
  "market_cap": 582716112800.0,
  "debt_to_equity": 1.4765583789,
  "current_ratio": 1.1306437506,
  "quick_ratio": 0.6732708799,
  "cash_ratio": 0.0006039392,
  "interest_coverage": -6.922435302994832,
  "asset_turnover": 3.7392828574,
  "inventory_turnover": 24.461704508,
  "fixed_asset_turnover": 13.5637777116,
  "current_price": 13700.0,
  "working_capital": 173149265904.0
}