{
  "symbol": "CTB",
  "data_source": "VCI",
  "data_period": "year",
  "last_updated": "2025-11-17T13:48:54.961220",
  "name": "Công ty Cổ phần Chế tạo Bơm Hải Dương",
  "exchange": "HNX",
  "sector": "Hàng & Dịch vụ Công nghiệp",
  "shares_outstanding": 13680000.0,
  "charter_capital": 136800000000.0,
  "revenue": 684754473081.0,
  "revenue_ttm": 684754473081.0,
  "net_income": 47317289001.0,
  "net_income_ttm": 47317289001.0,
  "total_assets": 709230450583.0,
  "total_equity": 304285111328.0,
  "total_liabilities": 404945339255.0,
  "total_debt": 404945339255.0,
  "current_assets": 578994499487.0,
  "current_liabilities": 386746230803.0,
  "cash": 24353857461.0,
  "accounts_receivable": 356096716212.0,
  "fixed_assets": 117346875967.0,
  "ppe": 117346875967.0,
  "depreciation": 11289799292.0,
  "roe": 16.02102433,
  "roa": 7.328621979999999,
  "roic": 15.90449054,
  "net_profit_margin": 6.910110245516105,
  "net_margin": 6.910110245516105,
  "gross_profit_margin": 20.069557998162015,
  "gross_margin": 20.069557998162015,
  "ebit_margin": 8.607149128769285,
  "pe_ratio": 5.3245094585,
  "pb_ratio": 0.8227283908,
  "ps_ratio": 0.3655967355,
  "ev_ebitda": 4.1618743203,
  "ebitda": 70227637956.0,
  "dividend_per_share": 0.0,
  "eps": 3458.8661550438596,
  "eps_ttm": 3458.8661550438596,
  "earnings_per_share": 3458.8661550438596,
  "bvps": 22243.0636935673,
  "book_value_per_share": 22243.0636935673,
  "market_cap": 250344000000.0,
  "debt_to_equity": 1.3308089163,
  "current_ratio": 1.4970915121,
  "quick_ratio": 0.9837214777,
  "cash_ratio": 0.0629711566,
  "interest_coverage": -26.14766306753349,
  "asset_turnover": 1.0605651312,
  "inventory_turnover": 5.1828886255,
  "fixed_asset_turnover": 7.4361218066,
  "current_price": 18300.0,
  "working_capital": 192248268684.0
}