{
  "symbol": "CTF",
  "data_source": "VCI",
  "data_period": "year",
  "last_updated": "2025-11-17T15:50:13.871825",
  "name": "Công ty Cổ phần City Auto",
  "exchange": "HSX",
  "sector": "Ô tô và phụ tùng",
  "shares_outstanding": 95653859.0,
  "charter_capital": 956538590000.0,
  "revenue": 8540961690726.0,
  "revenue_ttm": 8540961690726.0,
  "net_income": 47935815171.0,
  "net_income_ttm": 47935815171.0,
  "total_assets": 3917631338920.0,
  "total_equity": 1122512271252.0,
  "total_liabilities": 2795119067668.0,
  "total_debt": 2795119067668.0,
  "current_assets": 2780516388126.0,
  "current_liabilities": 2417958978583.0,
  "cash": 69029863474.0,
  "accounts_receivable": 2076658540820.0,
  "fixed_assets": 214648332733.0,
  "ppe": 214648332733.0,
  "depreciation": 21158323524.0,
  "roe": 4.57429963,
  "roa": 1.22589997,
  "roic": -0.25897923,
  "net_profit_margin": 0.5680337459176349,
  "net_margin": 0.5680337459176349,
  "gross_profit_margin": 5.793530956715112,
  "gross_margin": 5.793530956715112,
  "ebit_margin": -0.11170746308222863,
  "pe_ratio": 41.5111558798,
  "pb_ratio": 1.8563863134,
  "ps_ratio": 0.2357973737,
  "ev_ebitda": 354.3337196728,
  "ebitda": 12027272463.0,
  "dividend_per_share": 0.0,
  "eps": 485.4116820629265,
  "eps_ttm": 485.4116820629265,
  "earnings_per_share": 485.4116820629265,
  "bvps": 10854.4217624403,
  "book_value_per_share": 10854.4217624403,
  "market_cap": 1927425258850.0,
  "debt_to_equity": 2.4900565805,
  "current_ratio": 1.1499435734,
  "quick_ratio": 0.8873965288,
  "cash_ratio": 0.028548815,
  "interest_coverage": 0.05172020669512467,
  "asset_turnover": 2.1581463749,
  "inventory_turnover": 12.4426771153,
  "fixed_asset_turnover": 40.4175619045,
  "current_price": 19500.0,
  "working_capital": 362557409543.0
}