{
  "symbol": "CTI",
  "data_source": "VCI",
  "data_period": "year",
  "last_updated": "2025-11-17T15:50:31.759381",
  "name": "Công ty Cổ phần Đầu tư Phát triển Cường Thuận IDICO",
  "exchange": "HSX",
  "sector": "Xây dựng và Vật liệu",
  "shares_outstanding": 62999997.0,
  "charter_capital": 629999970000.0,
  "revenue": 1111589982180.0,
  "revenue_ttm": 1111589982180.0,
  "net_income": 116158764127.0,
  "net_income_ttm": 116158764127.0,
  "total_assets": 4561347537632.0,
  "total_equity": 1523990185012.0,
  "total_liabilities": 3037357352620.0,
  "total_debt": 3037357352620.0,
  "current_assets": 481717177554.0,
  "current_liabilities": 749053364152.0,
  "cash": 37060240572.0,
  "accounts_receivable": 91237290234.0,
  "fixed_assets": 3066317192623.0,
  "ppe": 3066317192623.0,
  "depreciation": 133255251994.0,
  "roe": 7.92297777,
  "roa": 2.1828307000000002,
  "roic": 8.29703602,
  "net_profit_margin": 8.912320225368658,
  "net_margin": 8.912320225368658,
  "gross_profit_margin": 37.67598637014194,
  "gross_margin": 37.67598637014194,
  "ebit_margin": 28.1685945603724,
  "pe_ratio": 14.9330920133,
  "pb_ratio": 1.1302664929,
  "ps_ratio": 1.3205408052,
  "ev_ebitda": 8.2458078141,
  "ebitda": 446374527248.0,
  "dividend_per_share": 0.0,
  "eps": 1572.5152940086648,
  "eps_ttm": 1572.5152940086648,
  "earnings_per_share": 1572.5152940086648,
  "bvps": 20614.6073927908,
  "book_value_per_share": 20614.6073927908,
  "market_cap": 1467899930100.0,
  "debt_to_equity": 1.9930294712,
  "current_ratio": 0.6431012804,
  "quick_ratio": 0.1712795602,
  "cash_ratio": 0.0494761019,
  "interest_coverage": -1.6668532176654898,
  "asset_turnover": 0.2449228306,
  "inventory_turnover": 2.7168531296,
  "fixed_asset_turnover": 0.3556776713,
  "current_price": 23700.0,
  "working_capital": -267336186598.0
}