{
  "symbol": "CTP",
  "data_source": "VCI",
  "data_period": "year",
  "last_updated": "2025-11-17T13:50:14.702680",
  "name": "Công ty Cổ phần Hoà Bình Takara",
  "exchange": "HNX",
  "sector": "Thực phẩm và đồ uống",
  "shares_outstanding": 12099992.0,
  "charter_capital": 120999920000.0,
  "revenue": 37776526169.0,
  "revenue_ttm": 37776526169.0,
  "net_income": 410560571.0,
  "net_income_ttm": 410560571.0,
  "total_assets": 155357126564.0,
  "total_equity": 148517066491.0,
  "total_liabilities": 6840060073.0,
  "total_debt": 6840060073.0,
  "current_assets": 80353197014.0,
  "current_liabilities": 6840060073.0,
  "cash": 7278245943.0,
  "accounts_receivable": 59750336241.0,
  "fixed_assets": 0.0,
  "ppe": 0.0,
  "depreciation": 0.0,
  "roe": 0.27682262,
  "roa": 0.23551923,
  "roic": 0.15151211,
  "net_profit_margin": 1.0868139890981092,
  "net_margin": 1.0868139890981092,
  "gross_profit_margin": 2.0809651355531447,
  "gross_margin": 2.0809651355531447,
  "ebit_margin": 0.5956644451459806,
  "pe_ratio": 265.2469226033,
  "pb_ratio": 0.7332485793,
  "ps_ratio": 2.8827406605,
  "ev_ebitda": 451.6090976751,
  "ebitda": 225021335.0,
  "dividend_per_share": 0.0,
  "eps": 33.93064813596571,
  "eps_ttm": 33.93064813596571,
  "earnings_per_share": 33.93064813596571,
  "bvps": 12274.1458416667,
  "book_value_per_share": 12274.1458416667,
  "market_cap": 108899928000.0,
  "debt_to_equity": 0.0460557176,
  "current_ratio": 11.74744025,
  "quick_ratio": 9.7994142549,
  "cash_ratio": 1.0640616991,
  "interest_coverage": 0.0,
  "asset_turnover": 0.2167061085,
  "inventory_turnover": 1.563579535,
  "fixed_asset_turnover": 0.0,
  "current_price": 9300.0,
  "working_capital": 73513136941.0
}