{
  "symbol": "CTR",
  "data_source": "VCI",
  "data_period": "year",
  "last_updated": "2025-11-17T15:50:40.286694",
  "name": "Tổng Công ty Cổ phần Công trình Viettel",
  "exchange": "HSX",
  "sector": "Xây dựng và Vật liệu",
  "shares_outstanding": 114385879.0,
  "charter_capital": 1143858790000.0,
  "revenue": 12609519560081.0,
  "revenue_ttm": 12609519560081.0,
  "net_income": 538221178258.0,
  "net_income_ttm": 538221178258.0,
  "total_assets": 7106257863668.0,
  "total_equity": 1865063262319.0,
  "total_liabilities": 5241194601349.0,
  "total_debt": 5241194601349.0,
  "current_assets": 5421441349658.0,
  "current_liabilities": 4652946611620.0,
  "cash": 886977987638.0,
  "accounts_receivable": 2936966727722.0,
  "fixed_assets": 190737253954.0,
  "ppe": 190737253954.0,
  "depreciation": 318978601646.0,
  "roe": 27.87441567,
  "roa": 7.63582466,
  "roic": 20.50443259,
  "net_profit_margin": 4.268371809833988,
  "net_margin": 4.268371809833988,
  "gross_profit_margin": 7.012334651672644,
  "gross_margin": 7.012334651672644,
  "ebit_margin": 5.675255507311359,
  "pe_ratio": 26.1331031992,
  "pb_ratio": 5.6792349136,
  "ps_ratio": 0.8400107827,
  "ev_ebitda": 10.9512528393,
  "ebitda": 1034601054925.0,
  "dividend_per_share": 0.0,
  "eps": 4705.311380769299,
  "eps_ttm": 4705.311380769299,
  "earnings_per_share": 4705.311380769299,
  "bvps": 16305.0131591768,
  "book_value_per_share": 16305.0131591768,
  "market_cap": 10592132395400.0,
  "debt_to_equity": 2.8101966873,
  "current_ratio": 1.1651630251,
  "quick_ratio": 0.8218329232,
  "cash_ratio": 0.1906271577,
  "interest_coverage": -11.76499729232677,
  "asset_turnover": 1.7889314699,
  "inventory_turnover": 16.3091729429,
  "fixed_asset_turnover": 53.0598778176,
  "current_price": 91200.0,
  "working_capital": 768494738038.0
}