{
  "symbol": "CTS",
  "data_source": "VCI",
  "data_period": "year",
  "last_updated": "2025-11-17T15:50:48.568699",
  "name": "Công ty Cổ phần Chứng khoán Ngân hàng Công thương Việt Nam",
  "exchange": "HSX",
  "sector": "Dịch vụ tài chính",
  "shares_outstanding": 212693438.0,
  "charter_capital": 2126934380000.0,
  "revenue": 1032246753412.0,
  "revenue_ttm": 1032246753412.0,
  "net_income": 231086774298.0,
  "net_income_ttm": 231086774298.0,
  "total_assets": 8698121752031.0,
  "total_equity": 2252908911754.0,
  "total_liabilities": 6445212840277.0,
  "total_debt": 6445212840277.0,
  "current_assets": 8598346699061.0,
  "current_liabilities": 6422042545663.0,
  "cash": 300233633348.0,
  "accounts_receivable": 92158563915.0,
  "fixed_assets": 57879676464.0,
  "ppe": 57879676464.0,
  "depreciation": 9411694366.0,
  "roe": 10.77115844,
  "roa": 2.69407667,
  "roic": 6.263786570000001,
  "net_profit_margin": 22.386776566180828,
  "net_margin": 22.386776566180828,
  "gross_profit_margin": 65.51448440245956,
  "gross_margin": 65.51448440245956,
  "ebit_margin": 52.085622078523244,
  "pe_ratio": 25.4641062032,
  "pb_ratio": 2.3338268433,
  "ps_ratio": 5.0936457552,
  "ev_ebitda": 20.6342593799,
  "ebitda": 547063837266.0,
  "dividend_per_share": 0.0,
  "eps": 1553.64662099733,
  "eps_ttm": 1553.64662099733,
  "earnings_per_share": 1553.64662099733,
  "bvps": 15146.7963876099,
  "book_value_per_share": 15146.7963876099,
  "market_cap": 5257899293850.0,
  "debt_to_equity": 2.8608404036,
  "current_ratio": 1.3388803699,
  "quick_ratio": 0.4616967201,
  "cash_ratio": 0.4473463692,
  "interest_coverage": -2.139355881737808,
  "asset_turnover": 0.1203423217,
  "inventory_turnover": 0.0,
  "fixed_asset_turnover": 16.5813292368,
  "current_price": 36100.0,
  "working_capital": 2176304153398.0
}