{
  "symbol": "CTT",
  "data_source": "VCI",
  "data_period": "year",
  "last_updated": "2025-11-17T13:50:23.099671",
  "name": "Công ty Cổ phần Chế tạo máy - Vinacomin",
  "exchange": "HNX",
  "sector": "Hàng & Dịch vụ Công nghiệp",
  "shares_outstanding": 4697351.0,
  "charter_capital": 46973510000.0,
  "revenue": 2292714757592.0,
  "revenue_ttm": 2292714757592.0,
  "net_income": 13310133519.0,
  "net_income_ttm": 13310133519.0,
  "total_assets": 737471163750.0,
  "total_equity": 68603130879.0,
  "total_liabilities": 668868032871.0,
  "total_debt": 668868032871.0,
  "current_assets": 614489166435.0,
  "current_liabilities": 651653926471.0,
  "cash": 7620885084.0,
  "accounts_receivable": 363761526909.0,
  "fixed_assets": 98024921056.0,
  "ppe": 98024921056.0,
  "depreciation": 39040225150.0,
  "roe": 19.692764269999998,
  "roa": 1.8697425699999999,
  "roic": 23.2709853,
  "net_profit_margin": 0.5805489194882105,
  "net_margin": 0.5805489194882105,
  "gross_profit_margin": 6.923778462694302,
  "gross_margin": 6.923778462694302,
  "ebit_margin": 0.9608956099102426,
  "pe_ratio": 18.7882557228,
  "pb_ratio": 1.3488861735,
  "ps_ratio": 0.0403622761,
  "ev_ebitda": 1.8172801507,
  "ebitda": 61070494153.0,
  "dividend_per_share": 0.0,
  "eps": 2833.540333477315,
  "eps_ttm": 2833.540333477315,
  "earnings_per_share": 2833.540333477315,
  "bvps": 14604.6422502811,
  "book_value_per_share": 14604.6422502811,
  "market_cap": 92537814700.0,
  "debt_to_equity": 9.7498178917,
  "current_ratio": 0.9429685627,
  "quick_ratio": 0.5699074262,
  "cash_ratio": 0.0116946814,
  "interest_coverage": -4.281382917588814,
  "asset_turnover": 3.2206460202,
  "inventory_turnover": 8.7916734477,
  "fixed_asset_turnover": 20.264770459,
  "current_price": 19700.0,
  "working_capital": -37164760036.0
}