{
  "symbol": "CVT",
  "data_source": "VCI",
  "data_period": "year",
  "last_updated": "2025-11-17T15:51:13.921619",
  "name": "Công ty Cổ phần CMC",
  "exchange": "HSX",
  "sector": "Xây dựng và Vật liệu",
  "shares_outstanding": 36690887.0,
  "charter_capital": 366908870000.0,
  "revenue": 1872286382309.0,
  "revenue_ttm": 1872286382309.0,
  "net_income": 59817899826.0,
  "net_income_ttm": 59817899826.0,
  "total_assets": 3334553021946.0,
  "total_equity": 970513804393.0,
  "total_liabilities": 2364039217553.0,
  "total_debt": 2364039217553.0,
  "current_assets": 2588727672219.0,
  "current_liabilities": 1681874371557.0,
  "cash": 312075289505.0,
  "accounts_receivable": 1493048658427.0,
  "fixed_assets": 681056911597.0,
  "ppe": 681056911597.0,
  "depreciation": 117147418803.0,
  "roe": 6.35640593,
  "roa": 1.7997633200000003,
  "roic": 4.77838869,
  "net_profit_margin": 3.493779345456139,
  "net_margin": 3.493779345456139,
  "gross_profit_margin": 15.389191938934005,
  "gross_margin": 15.389191938934005,
  "ebit_margin": 7.504509595089651,
  "pe_ratio": 15.8276621784,
  "pb_ratio": 0.9791620687,
  "ps_ratio": 0.5529835921,
  "ev_ebitda": 9.5781190618,
  "ebitda": 245613355794.0,
  "dividend_per_share": 0.0,
  "eps": 1630.0575352947994,
  "eps_ttm": 1630.0575352947994,
  "earnings_per_share": 1630.0575352947994,
  "bvps": 26349.059898988,
  "book_value_per_share": 26349.059898988,
  "market_cap": 946624884600.0,
  "debt_to_equity": 2.4358635672,
  "current_ratio": 1.5391920562,
  "quick_ratio": 1.0732810836,
  "cash_ratio": 0.1855520809,
  "interest_coverage": -0.825547624777829,
  "asset_turnover": 0.5151336548,
  "inventory_turnover": 2.1093335935,
  "fixed_asset_turnover": 2.3152129172,
  "current_price": 25800.0,
  "working_capital": 906853300662.0
}