{
  "symbol": "CX8",
  "data_source": "VCI",
  "data_period": "year",
  "last_updated": "2025-11-17T13:50:31.260755",
  "name": "Công ty Cổ phần Đầu tư và Xây lắp Constrexim số 8",
  "exchange": "HNX",
  "sector": "Xây dựng và Vật liệu",
  "shares_outstanding": 2553771.0,
  "charter_capital": 26721570000.0,
  "revenue": 89689542628.0,
  "revenue_ttm": 89689542628.0,
  "net_income": 523678641.0,
  "net_income_ttm": 523678641.0,
  "total_assets": 83536529168.0,
  "total_equity": 28188745075.0,
  "total_liabilities": 55347784093.0,
  "total_debt": 55347784093.0,
  "current_assets": 79801157417.0,
  "current_liabilities": 52787662486.0,
  "cash": 3110875588.0,
  "accounts_receivable": 64964129063.0,
  "fixed_assets": 436706870.0,
  "ppe": 436706870.0,
  "depreciation": 0.0,
  "roe": 1.8657731800000001,
  "roa": 0.5484323400000001,
  "roic": 1.32563933,
  "net_profit_margin": 0.5838792635748304,
  "net_margin": 0.5838792635748304,
  "gross_profit_margin": 4.196939747605376,
  "gross_margin": 4.196939747605376,
  "ebit_margin": 0.7166382759536353,
  "pe_ratio": 47.4547903129,
  "pb_ratio": 0.8815951201,
  "ps_ratio": 0.2770786802,
  "ev_ebitda": 60.0961923105,
  "ebitda": 699502680.0,
  "dividend_per_share": 0.0,
  "eps": 195.97600028740825,
  "eps_ttm": 195.97600028740825,
  "earnings_per_share": 195.97600028740825,
  "bvps": 10549.0602067917,
  "book_value_per_share": 10549.0602067917,
  "market_cap": 24851060100.0,
  "debt_to_equity": 1.9634710217,
  "current_ratio": 1.5117387976,
  "quick_ratio": 1.2896006651,
  "cash_ratio": 0.0589318686,
  "interest_coverage": 0.0,
  "asset_turnover": 0.9392906636,
  "inventory_turnover": 6.2903602842,
  "fixed_asset_turnover": 192.8461431394,
  "current_price": 10000.0,
  "working_capital": 27013494931.0
}