{
  "symbol": "D11",
  "data_source": "VCI",
  "data_period": "year",
  "last_updated": "2025-11-17T13:50:39.278313",
  "name": "Công ty Cổ phần Địa ốc 11",
  "exchange": "HNX",
  "sector": "Bất động sản",
  "shares_outstanding": 8218456.0,
  "charter_capital": 82184560000.0,
  "revenue": 106293882447.0,
  "revenue_ttm": 106293882447.0,
  "net_income": 3896943492.0,
  "net_income_ttm": 3896943492.0,
  "total_assets": 364566988810.0,
  "total_equity": 189082079200.0,
  "total_liabilities": 175484909610.0,
  "total_debt": 175484909610.0,
  "current_assets": 269172080799.0,
  "current_liabilities": 154970593808.0,
  "cash": 16222990014.0,
  "accounts_receivable": 176029994855.0,
  "fixed_assets": 3565698014.0,
  "ppe": 3565698014.0,
  "depreciation": 2275832830.0,
  "roe": 2.07750143,
  "roa": 1.0891858,
  "roic": 0.56359737,
  "net_profit_margin": 3.66619734107754,
  "net_margin": 3.66619734107754,
  "gross_profit_margin": 15.060718309901025,
  "gross_margin": 15.060718309901025,
  "ebit_margin": 1.0349053376129147,
  "pe_ratio": 22.8291729677,
  "pb_ratio": 0.4036164375,
  "ps_ratio": 0.7179776808,
  "ev_ebitda": 19.6078548204,
  "ebitda": 3375873893.0,
  "dividend_per_share": 0.0,
  "eps": 531.0534487086506,
  "eps_ttm": 531.0534487086506,
  "earnings_per_share": 531.0534487086506,
  "bvps": 25767.0377962366,
  "book_value_per_share": 25767.0377962366,
  "market_cap": 76316635200.0,
  "debt_to_equity": 0.9280885336,
  "current_ratio": 1.7369235942,
  "quick_ratio": 1.4561705349,
  "cash_ratio": 0.3202776501,
  "interest_coverage": 0.0,
  "asset_turnover": 0.2970886989,
  "inventory_turnover": 2.1635858057,
  "fixed_asset_turnover": 29.2486618625,
  "current_price": 10400.0,
  "working_capital": 114201486991.0
}