{
  "symbol": "D2D",
  "data_source": "VCI",
  "data_period": "year",
  "last_updated": "2025-11-17T15:51:23.535703",
  "name": "Công ty Cổ phần Phát triển Đô thị Công nghiệp số 2",
  "exchange": "HSX",
  "sector": "Bất động sản",
  "shares_outstanding": 30304758.0,
  "charter_capital": 303047580000.0,
  "revenue": 346321381873.0,
  "revenue_ttm": 346321381873.0,
  "net_income": 88209222744.0,
  "net_income_ttm": 88209222744.0,
  "total_assets": 1516265990842.0,
  "total_equity": 746798926698.0,
  "total_liabilities": 769467064144.0,
  "total_debt": 769467064144.0,
  "current_assets": 389993139712.0,
  "current_liabilities": 245889969283.0,
  "cash": 64622263772.0,
  "accounts_receivable": 63671023218.0,
  "fixed_assets": 82072807883.0,
  "ppe": 82072807883.0,
  "depreciation": 20762047608.0,
  "roe": 10.47968514,
  "roa": 5.73712765,
  "roic": 14.69665775,
  "net_profit_margin": 25.470336906991015,
  "net_margin": 25.470336906991015,
  "gross_profit_margin": 44.73548563392314,
  "gross_margin": 44.73548563392314,
  "ebit_margin": 31.691512004086487,
  "pe_ratio": 14.8583247576,
  "pb_ratio": 1.4608634922,
  "ps_ratio": 3.1501701746,
  "ev_ebitda": 7.863747411,
  "ebitda": 130516529917.0,
  "dividend_per_share": 0.0,
  "eps": 2910.738397712993,
  "eps_ttm": 2910.738397712993,
  "earnings_per_share": 2910.738397712993,
  "bvps": 24642.9595873361,
  "book_value_per_share": 24642.9595873361,
  "market_cap": 1090971288000.0,
  "debt_to_equity": 1.030353736,
  "current_ratio": 1.5860473725,
  "quick_ratio": 0.5217507951,
  "cash_ratio": 0.2628096785,
  "interest_coverage": -112.05702375798576,
  "asset_turnover": 0.225247419,
  "inventory_turnover": 1.1234953907,
  "fixed_asset_turnover": 7.2348059563,
  "current_price": 35900.0,
  "working_capital": 144103170429.0
}