{
  "symbol": "DAD",
  "data_source": "VCI",
  "data_period": "year",
  "last_updated": "2025-11-17T13:50:47.337779",
  "name": "Công ty Cổ phần Đầu tư và Phát triển Giáo dục Đà Nẵng",
  "exchange": "HNX",
  "sector": "Truyền thông",
  "shares_outstanding": 5000000.0,
  "charter_capital": 50000000000.0,
  "revenue": 515447587688.0,
  "revenue_ttm": 515447587688.0,
  "net_income": 11400603629.0,
  "net_income_ttm": 11400603629.0,
  "total_assets": 163240409284.0,
  "total_equity": 97285647019.0,
  "total_liabilities": 65954762265.0,
  "total_debt": 65954762265.0,
  "current_assets": 139846226690.0,
  "current_liabilities": 65954762265.0,
  "cash": 68203733540.0,
  "accounts_receivable": 32883078722.0,
  "fixed_assets": 16305939826.0,
  "ppe": 16305939826.0,
  "depreciation": 0.0,
  "roe": 11.67261995,
  "roa": 6.91693266,
  "roic": 12.683518020000001,
  "net_profit_margin": 2.2800939486685188,
  "net_margin": 2.2800939486685188,
  "gross_profit_margin": 15.758305770074099,
  "gross_margin": 15.758305770074099,
  "ebit_margin": 2.4678195332432824,
  "pe_ratio": 9.8678985485,
  "pb_ratio": 0.9251107718,
  "ps_ratio": 0.1799978861,
  "ev_ebitda": 1.5472438165,
  "ebitda": 14087156935.0,
  "dividend_per_share": 0.0,
  "eps": 2280.1207258,
  "eps_ttm": 2280.1207258,
  "earnings_per_share": 2280.1207258,
  "bvps": 19457.1294038,
  "book_value_per_share": 19457.1294038,
  "market_cap": 90000000000.0,
  "debt_to_equity": 0.6779495669,
  "current_ratio": 2.1203355434,
  "quick_ratio": 1.5969120901,
  "cash_ratio": 1.0983418945,
  "interest_coverage": -28.032236722462343,
  "asset_turnover": 3.0336173916,
  "inventory_turnover": 11.2292302704,
  "fixed_asset_turnover": 29.1041251156,
  "current_price": 17800.0,
  "working_capital": 73891464425.0
}