{
  "symbol": "DAE",
  "data_source": "VCI",
  "data_period": "year",
  "last_updated": "2025-11-17T13:52:14.259363",
  "name": "Công ty Cổ phần Sách Giáo dục tại Thành phố Đà Nẵng",
  "exchange": "HNX",
  "sector": "Truyền thông",
  "shares_outstanding": 1925658.0,
  "charter_capital": 19256580000.0,
  "revenue": 68108461924.0,
  "revenue_ttm": 68108461924.0,
  "net_income": 3165372456.0,
  "net_income_ttm": 3165372456.0,
  "total_assets": 50771124351.0,
  "total_equity": 41891926121.0,
  "total_liabilities": 8879198230.0,
  "total_debt": 8879198230.0,
  "current_assets": 46185224362.0,
  "current_liabilities": 8870198230.0,
  "cash": 4947198085.0,
  "accounts_receivable": 7115062951.0,
  "fixed_assets": 3653787379.0,
  "ppe": 3653787379.0,
  "depreciation": 0.0,
  "roe": 7.576073880000001,
  "roa": 6.33152334,
  "roic": 8.77818446,
  "net_profit_margin": 4.741409351510482,
  "net_margin": 4.741409351510482,
  "gross_profit_margin": 27.3101368911361,
  "gross_margin": 27.3101368911361,
  "ebit_margin": 5.5083010053875325,
  "pe_ratio": 8.8106080393,
  "pb_ratio": 0.5791877588,
  "ps_ratio": 0.3634396757,
  "ev_ebitda": 4.4886218963,
  "ebitda": 4303345918.0,
  "dividend_per_share": 0.0,
  "eps": 1643.7874513542904,
  "eps_ttm": 1643.7874513542904,
  "earnings_per_share": 1643.7874513542904,
  "bvps": 21754.6034243879,
  "book_value_per_share": 21754.6034243879,
  "market_cap": 24263290800.0,
  "debt_to_equity": 0.2119548813,
  "current_ratio": 5.2067860452,
  "quick_ratio": 1.9977058109,
  "cash_ratio": 1.1955745883,
  "interest_coverage": 0.0,
  "asset_turnover": 1.335367371,
  "inventory_turnover": 2.6004512771,
  "fixed_asset_turnover": 8.3839344699,
  "current_price": 12600.0,
  "working_capital": 37315026132.0
}