{
  "symbol": "DAH",
  "data_source": "VCI",
  "data_period": "year",
  "last_updated": "2025-11-17T15:51:33.505541",
  "name": "Công ty Cổ phần Tập đoàn Khách sạn Đông Á",
  "exchange": "HSX",
  "sector": "Du lịch và Giải trí",
  "shares_outstanding": 84200000.0,
  "charter_capital": 842000000000.0,
  "revenue": 74268617674.0,
  "revenue_ttm": 74268617674.0,
  "net_income": 6905284418.0,
  "net_income_ttm": 6905284418.0,
  "total_assets": 1087640004404.0,
  "total_equity": 921400601002.0,
  "total_liabilities": 166239403402.0,
  "total_debt": 166239403402.0,
  "current_assets": 19653187084.0,
  "current_liabilities": 17069407254.0,
  "cash": 2193463824.0,
  "accounts_receivable": 6062976790.0,
  "fixed_assets": 690822726989.0,
  "ppe": 690822726989.0,
  "depreciation": 38755888538.0,
  "roe": 0.74598625,
  "roa": 0.6196465299999999,
  "roic": 0.78580792,
  "net_profit_margin": 9.220555744095051,
  "net_margin": 9.220555744095051,
  "gross_profit_margin": 36.43062127500989,
  "gross_margin": 36.43062127500989,
  "ebit_margin": 11.420648728418934,
  "pe_ratio": 45.6166683096,
  "pb_ratio": 0.3390295162,
  "ps_ratio": 4.2061103301,
  "ev_ebitda": 9.9111466136,
  "ebitda": 47237846478.0,
  "dividend_per_share": 0.0,
  "eps": 81.32992034441806,
  "eps_ttm": 81.32992034441806,
  "earnings_per_share": 81.32992034441806,
  "bvps": 10943.0000119002,
  "book_value_per_share": 10943.0000119002,
  "market_cap": 312382000000.0,
  "debt_to_equity": 0.1804203332,
  "current_ratio": 1.1513690424,
  "quick_ratio": 0.4836981444,
  "cash_ratio": 0.1285026358,
  "interest_coverage": -0.5654722719179168,
  "asset_turnover": 0.0672027316,
  "inventory_turnover": 16.201312771,
  "fixed_asset_turnover": 0.1059482231,
  "current_price": 3800.0,
  "working_capital": 2583779830.0
}