{
  "symbol": "DAT",
  "data_source": "VCI",
  "data_period": "year",
  "last_updated": "2025-11-17T15:51:42.364577",
  "name": "Công ty Cổ phần Đầu tư Du lịch và Phát triển Thủy sản",
  "exchange": "HSX",
  "sector": "Thực phẩm và đồ uống",
  "shares_outstanding": 69228341.0,
  "charter_capital": 692283410000.0,
  "revenue": 2938534598760.0,
  "revenue_ttm": 2938534598760.0,
  "net_income": 58876691423.0,
  "net_income_ttm": 58876691423.0,
  "total_assets": 1521136081288.0,
  "total_equity": 900615136734.0,
  "total_liabilities": 620520944554.0,
  "total_debt": 620520944554.0,
  "current_assets": 1215365133185.0,
  "current_liabilities": 620175558333.0,
  "cash": 66280890265.0,
  "accounts_receivable": 567906699566.0,
  "fixed_assets": 196336015479.0,
  "ppe": 196336015479.0,
  "depreciation": 50632846608.0,
  "roe": 6.758294300000001,
  "roa": 3.6985907399999998,
  "roic": 4.70296084,
  "net_profit_margin": 2.003607221362809,
  "net_margin": 2.003607221362809,
  "gross_profit_margin": 2.888800669960501,
  "gross_margin": 2.888800669960501,
  "ebit_margin": 2.3386718896554606,
  "pe_ratio": 10.1355610344,
  "pb_ratio": 0.670238811,
  "ps_ratio": 0.2030768328,
  "ev_ebitda": 9.1417336935,
  "ebitda": 119355529237.0,
  "dividend_per_share": 0.0,
  "eps": 850.4709281275425,
  "eps_ttm": 850.4709281275425,
  "earnings_per_share": 850.4709281275425,
  "bvps": 12861.0875079904,
  "book_value_per_share": 12861.0875079904,
  "market_cap": 596748299420.0,
  "debt_to_equity": 0.688996797,
  "current_ratio": 1.9597114347,
  "quick_ratio": 1.0225936532,
  "cash_ratio": 0.1068743993,
  "interest_coverage": -1.9271249718587466,
  "asset_turnover": 1.8459659657,
  "inventory_turnover": 36.8960044303,
  "fixed_asset_turnover": 13.5279889263,
  "current_price": 9110.0,
  "working_capital": 595189574852.0
}