{
  "symbol": "DBD",
  "data_source": "VCI",
  "data_period": "year",
  "last_updated": "2025-11-17T15:53:14.443055",
  "name": "Công ty Cổ phần Dược - Trang thiết bị y tế Bình Định (BIDIPHAR)",
  "exchange": "HSX",
  "sector": "Y tế",
  "shares_outstanding": 94529347.0,
  "charter_capital": 945293470000.0,
  "revenue": 1817259164083.0,
  "revenue_ttm": 1817259164083.0,
  "net_income": 275181949187.0,
  "net_income_ttm": 275181949187.0,
  "total_assets": 2264206532716.0,
  "total_equity": 1661140815717.0,
  "total_liabilities": 603065716999.0,
  "total_debt": 603065716999.0,
  "current_assets": 1476280617777.0,
  "current_liabilities": 460154613654.0,
  "cash": 314198731825.0,
  "accounts_receivable": 520222627983.0,
  "fixed_assets": 337549679184.0,
  "ppe": 337549679184.0,
  "depreciation": 48112079145.0,
  "roe": 17.78820417,
  "roa": 12.940251790000001,
  "roic": 17.71494851,
  "net_profit_margin": 15.929044371018545,
  "net_margin": 15.929044371018545,
  "gross_profit_margin": 48.19391774175601,
  "gross_margin": 48.19391774175601,
  "ebit_margin": 17.689373344076046,
  "pe_ratio": 19.4622064691,
  "pb_ratio": 2.9058824862,
  "ps_ratio": 2.7901291536,
  "ev_ebitda": 12.9198160436,
  "ebitda": 353704563122.0,
  "dividend_per_share": 0.0,
  "eps": 2940.1713681776537,
  "eps_ttm": 2940.1713681776537,
  "earnings_per_share": 2940.1713681776537,
  "bvps": 17722.6712522245,
  "book_value_per_share": 17722.6712522245,
  "market_cap": 4820083120500.0,
  "debt_to_equity": 0.3630431034,
  "current_ratio": 3.2082273522,
  "quick_ratio": 1.8133530086,
  "cash_ratio": 0.682814245,
  "interest_coverage": -75.30362200627228,
  "asset_turnover": 0.8123683688,
  "inventory_turnover": 1.7366357719,
  "fixed_asset_turnover": 4.9723966304,
  "current_price": 51500.0,
  "working_capital": 1016126004123.0
}