{
  "symbol": "DBT",
  "data_source": "VCI",
  "data_period": "year",
  "last_updated": "2025-11-17T15:53:25.161759",
  "name": "Công ty Cổ phần Dược phẩm Bến Tre",
  "exchange": "HSX",
  "sector": "Y tế",
  "shares_outstanding": 21967262.0,
  "charter_capital": 219672620000.0,
  "revenue": 869111065995.0,
  "revenue_ttm": 869111065995.0,
  "net_income": 12252958459.0,
  "net_income_ttm": 12252958459.0,
  "total_assets": 993757091255.0,
  "total_equity": 284032914585.0,
  "total_liabilities": 709724176670.0,
  "total_debt": 709724176670.0,
  "current_assets": 742334955548.0,
  "current_liabilities": 675728390391.0,
  "cash": 7862938945.0,
  "accounts_receivable": 193036057088.0,
  "fixed_assets": 130654376541.0,
  "ppe": 130654376541.0,
  "depreciation": 17108637928.0,
  "roe": 5.77048915,
  "roa": 1.57685277,
  "roic": 5.9237142700000005,
  "net_profit_margin": 1.6790297090329687,
  "net_margin": 1.6790297090329687,
  "gross_profit_margin": 39.85469165752355,
  "gross_margin": 39.85469165752355,
  "ebit_margin": 5.655369214685196,
  "pe_ratio": 17.3875237603,
  "pb_ratio": 0.8741570643,
  "ps_ratio": 0.2671502933,
  "ev_ebitda": 11.6153248176,
  "ebitda": 66220505685.0,
  "dividend_per_share": 0.0,
  "eps": 710.2008191654916,
  "eps_ttm": 710.2008191654916,
  "earnings_per_share": 710.2008191654916,
  "bvps": 12926.7387544476,
  "book_value_per_share": 12926.7387544476,
  "market_cap": 231996345000.0,
  "debt_to_equity": 2.4987391961,
  "current_ratio": 1.0985700262,
  "quick_ratio": 0.3557526107,
  "cash_ratio": 0.0700815337,
  "interest_coverage": -1.224334846315476,
  "asset_turnover": 0.9391452484,
  "inventory_turnover": 1.2529958578,
  "fixed_asset_turnover": 8.8205588738,
  "current_price": 11250.0,
  "working_capital": 66606565157.0
}