{
  "symbol": "DC2",
  "data_source": "VCI",
  "data_period": "year",
  "last_updated": "2025-11-17T13:52:22.244428",
  "name": "Công ty Cổ phần Đầu tư Phát triển - Xây dựng (DIC) số 2",
  "exchange": "HNX",
  "sector": "Xây dựng và Vật liệu",
  "shares_outstanding": 11304699.0,
  "charter_capital": 113046990000.0,
  "revenue": 250229267995.0,
  "revenue_ttm": 250229267995.0,
  "net_income": 5573790896.0,
  "net_income_ttm": 5573790896.0,
  "total_assets": 322381483043.0,
  "total_equity": 119672074441.0,
  "total_liabilities": 202709408602.0,
  "total_debt": 202709408602.0,
  "current_assets": 253357712736.0,
  "current_liabilities": 202709408602.0,
  "cash": 26909660225.0,
  "accounts_receivable": 197659535745.0,
  "fixed_assets": 51028814211.0,
  "ppe": 51028814211.0,
  "depreciation": 0.0,
  "roe": 5.57732698,
  "roa": 1.5518523,
  "roic": 7.45842028,
  "net_profit_margin": 2.227473604770875,
  "net_margin": 2.227473604770875,
  "gross_profit_margin": 14.084859912831718,
  "gross_margin": 14.084859912831718,
  "ebit_margin": 7.45882036124285,
  "pe_ratio": 16.2165584539,
  "pb_ratio": 0.6420006535,
  "ps_ratio": 0.3070366253,
  "ev_ebitda": 8.2981619463,
  "ebitda": 21750660831.0,
  "dividend_per_share": 0.0,
  "eps": 507.83241958335043,
  "eps_ttm": 507.83241958335043,
  "earnings_per_share": 507.83241958335043,
  "bvps": 10903.4156921002,
  "book_value_per_share": 10903.4156921002,
  "market_cap": 76829550000.0,
  "debt_to_equity": 1.693873943,
  "current_ratio": 1.2498567012,
  "quick_ratio": 1.1078380501,
  "cash_ratio": 0.1327499321,
  "interest_coverage": -1.5761814829325578,
  "asset_turnover": 0.6966871785,
  "inventory_turnover": 10.8242169389,
  "fixed_asset_turnover": 5.4836276565,
  "current_price": 6500.0,
  "working_capital": 50648304134.0
}