{
  "symbol": "DC4",
  "data_source": "VCI",
  "data_period": "year",
  "last_updated": "2025-11-17T15:53:35.201370",
  "name": "Công ty Cổ phần Dicera Holdings",
  "exchange": "HSX",
  "sector": "Xây dựng và Vật liệu",
  "shares_outstanding": 95285704.0,
  "charter_capital": 982357040000.0,
  "revenue": 1094423750678.0,
  "revenue_ttm": 1094423750678.0,
  "net_income": 120371597298.0,
  "net_income_ttm": 120371597298.0,
  "total_assets": 2420047732183.0,
  "total_equity": 806299287405.0,
  "total_liabilities": 1613748444778.0,
  "total_debt": 1613748444778.0,
  "current_assets": 2028412535559.0,
  "current_liabilities": 1219833263431.0,
  "cash": 127476123992.0,
  "accounts_receivable": 1539647424021.0,
  "fixed_assets": 24578691817.0,
  "ppe": 24578691817.0,
  "depreciation": 11510243739.0,
  "roe": 16.03099233,
  "roa": 5.88932886,
  "roic": 14.30916544,
  "net_profit_margin": 11.025898661578243,
  "net_margin": 11.025898661578243,
  "gross_profit_margin": 22.164838162706392,
  "gross_margin": 22.164838162706392,
  "ebit_margin": 16.974989782240158,
  "pe_ratio": 6.4466416724,
  "pb_ratio": 0.8213894681,
  "ps_ratio": 0.6041801512,
  "ev_ebitda": 5.199341636,
  "ebitda": 197288563591.0,
  "dividend_per_share": 0.0,
  "eps": 2089.551260936351,
  "eps_ttm": 2089.551260936351,
  "earnings_per_share": 2089.551260936351,
  "bvps": 13939.7940258012,
  "book_value_per_share": 13939.7940258012,
  "market_cap": 661229107150.0,
  "debt_to_equity": 2.0014261081,
  "current_ratio": 1.6628604879,
  "quick_ratio": 1.3666814949,
  "cash_ratio": 0.1045029086,
  "interest_coverage": -5.15849385026689,
  "asset_turnover": 0.5341359502,
  "inventory_turnover": 1.3293994001,
  "fixed_asset_turnover": 39.1946731183,
  "current_price": 11650.0,
  "working_capital": 808579272128.0
}