{
  "symbol": "DCL",
  "data_source": "VCI",
  "data_period": "year",
  "last_updated": "2025-11-17T15:53:45.148401",
  "name": "Công ty Cổ phần Dược phẩm Cửu Long",
  "exchange": "HSX",
  "sector": "Y tế",
  "shares_outstanding": 73041030.0,
  "charter_capital": 730410300000.0,
  "revenue": 1332626539204.0,
  "revenue_ttm": 1332626539204.0,
  "net_income": 54145499702.0,
  "net_income_ttm": 54145499702.0,
  "total_assets": 2424145751708.0,
  "total_equity": 1503192998882.0,
  "total_liabilities": 920952752826.0,
  "total_debt": 920952752826.0,
  "current_assets": 1432009216451.0,
  "current_liabilities": 654983520031.0,
  "cash": 51068879639.0,
  "accounts_receivable": 773563090580.0,
  "fixed_assets": 458431056011.0,
  "ppe": 458431056011.0,
  "depreciation": 38257502225.0,
  "roe": 3.67362226,
  "roa": 2.2788428699999996,
  "roic": 2.64965682,
  "net_profit_margin": 4.099418802824693,
  "net_margin": 4.099418802824693,
  "gross_profit_margin": 15.664553517994037,
  "gross_margin": 15.664553517994037,
  "ebit_margin": 4.578383903668853,
  "pe_ratio": 49.0838731592,
  "pb_ratio": 1.7716733466,
  "ps_ratio": 2.0121535254,
  "ev_ebitda": 33.9823540923,
  "ebitda": 98087705964.0,
  "dividend_per_share": 0.0,
  "eps": 733.438453058507,
  "eps_ttm": 733.438453058507,
  "earnings_per_share": 733.438453058507,
  "bvps": 20319.7728686192,
  "book_value_per_share": 20319.7728686192,
  "market_cap": 2629477080000.0,
  "debt_to_equity": 0.6126643442,
  "current_ratio": 2.1863286215,
  "quick_ratio": 1.4190081762,
  "cash_ratio": 0.2379661089,
  "interest_coverage": -2.356755410351578,
  "asset_turnover": 0.5558941342,
  "inventory_turnover": 3.0241870579,
  "fixed_asset_turnover": 2.9061371098,
  "current_price": 34500.0,
  "working_capital": 777025696420.0
}