{
  "symbol": "DCM",
  "data_source": "VCI",
  "data_period": "year",
  "last_updated": "2025-11-17T15:53:55.265003",
  "name": "Công ty Cổ phần - Tổng Công ty Phân bón Dầu Khí Cà Mau",
  "exchange": "HSX",
  "sector": "Hóa chất",
  "shares_outstanding": 529400000.0,
  "charter_capital": 5294000000000.0,
  "revenue": 13942548247107.0,
  "revenue_ttm": 13942548247107.0,
  "net_income": 1428006581442.0,
  "net_income_ttm": 1428006581442.0,
  "total_assets": 15728847338145.0,
  "total_equity": 10177176600982.0,
  "total_liabilities": 5551670737163.0,
  "total_debt": 5551670737163.0,
  "current_assets": 12920862784796.0,
  "current_liabilities": 4680730113512.0,
  "cash": 1903248325989.0,
  "accounts_receivable": 528623191927.0,
  "fixed_assets": 1946194464286.0,
  "ppe": 1946194464286.0,
  "depreciation": 268081458415.0,
  "roe": 14.13989074,
  "roa": 9.16889899,
  "roic": 8.8328427,
  "net_profit_margin": 10.550696400445895,
  "net_margin": 10.550696400445895,
  "gross_profit_margin": 18.67985842054775,
  "gross_margin": 18.67985842054775,
  "ebit_margin": 7.566132885564164,
  "pe_ratio": 14.5583970348,
  "pb_ratio": 1.7952148207,
  "ps_ratio": 1.3534424403,
  "ev_ebitda": 13.7284781172,
  "ebitda": 1286148911367.0,
  "dividend_per_share": 0.0,
  "eps": 2681.6356970948245,
  "eps_ttm": 2681.6356970948245,
  "earnings_per_share": 2681.6356970948245,
  "bvps": 19162.0521416736,
  "book_value_per_share": 19162.0521416736,
  "market_cap": 18211360000000.0,
  "debt_to_equity": 0.5455020537,
  "current_ratio": 2.7604374684,
  "quick_ratio": 0.5195496128,
  "cash_ratio": 0.4066135581,
  "interest_coverage": -22.939364151688963,
  "asset_turnover": 0.8690325877,
  "inventory_turnover": 4.2210338646,
  "fixed_asset_turnover": 7.5883709328,
  "current_price": 35000.0,
  "working_capital": 8240132671284.0
}