{
  "symbol": "DDG",
  "data_source": "VCI",
  "data_period": "year",
  "last_updated": "2025-11-17T13:52:30.919864",
  "name": "Công ty Cổ phần Đầu tư Công nghiệp Xuất nhập khẩu Đông Dương",
  "exchange": "HNX",
  "sector": "Điện, nước & xăng dầu khí đốt",
  "shares_outstanding": 59839886.0,
  "charter_capital": 798398860000.0,
  "revenue": 358031339686.0,
  "revenue_ttm": 358031339686.0,
  "net_income": -68756550231.0,
  "net_income_ttm": -68756550231.0,
  "total_assets": 1703488449028.0,
  "total_equity": 782857638340.0,
  "total_liabilities": 920630810688.0,
  "total_debt": 920630810688.0,
  "current_assets": 711995589943.0,
  "current_liabilities": 914671767388.0,
  "cash": 5129649347.0,
  "accounts_receivable": 680941727129.0,
  "fixed_assets": 789680016558.0,
  "ppe": 789680016558.0,
  "depreciation": 62845329684.0,
  "roe": -9.621233830000001,
  "roa": -3.88108959,
  "roic": 1.13848455,
  "net_profit_margin": -17.654406841897778,
  "net_margin": -17.654406841897778,
  "gross_profit_margin": 21.92670641432664,
  "gross_margin": 21.92670641432664,
  "ebit_margin": 4.65752514175757,
  "pe_ratio": -2.1487342148,
  "pb_ratio": 0.1805880349,
  "ps_ratio": 0.3793462802,
  "ev_ebitda": 10.2059383842,
  "ebitda": 79509673128.0,
  "dividend_per_share": 0.0,
  "eps": -791.1634618441213,
  "eps_ttm": -791.1634618441213,
  "earnings_per_share": -791.1634618441213,
  "bvps": 9413.6912285671,
  "book_value_per_share": 9413.6912285671,
  "market_cap": 135727806200.0,
  "debt_to_equity": 1.1759875175,
  "current_ratio": 0.7784164936,
  "quick_ratio": 0.7500738527,
  "cash_ratio": 0.0056081859,
  "interest_coverage": -0.16717976044912208,
  "asset_turnover": 0.2198368728,
  "inventory_turnover": 16.119226602,
  "fixed_asset_turnover": 0.4310640509,
  "current_price": 1700.0,
  "working_capital": -202676177445.0
}