{
  "symbol": "DHA",
  "data_source": "VCI",
  "data_period": "year",
  "last_updated": "2025-11-17T15:55:35.296374",
  "name": "Công ty Cổ phần Hóa An",
  "exchange": "HSX",
  "sector": "Xây dựng và Vật liệu",
  "shares_outstanding": 15119946.0,
  "charter_capital": 151199460000.0,
  "revenue": 296193414952.0,
  "revenue_ttm": 296193414952.0,
  "net_income": 51706620002.0,
  "net_income_ttm": 51706620002.0,
  "total_assets": 470446189023.0,
  "total_equity": 427206293687.0,
  "total_liabilities": 43239895336.0,
  "total_debt": 43239895336.0,
  "current_assets": 368317433857.0,
  "current_liabilities": 36524473442.0,
  "cash": 85960835809.0,
  "accounts_receivable": 37439801835.0,
  "fixed_assets": 43948773241.0,
  "ppe": 43948773241.0,
  "depreciation": 8398938443.0,
  "roe": 12.34085766,
  "roa": 11.006769669999999,
  "roic": 14.8511393,
  "net_profit_margin": 17.457045765308248,
  "net_margin": 17.457045765308248,
  "gross_profit_margin": 29.28064625645196,
  "gross_margin": 29.28064625645196,
  "ebit_margin": 21.420125693976573,
  "pe_ratio": 17.4244949268,
  "pb_ratio": 2.0456928929,
  "ps_ratio": 2.9505479686,
  "ev_ebitda": 10.9678288878,
  "ebitda": 71843940223.0,
  "dividend_per_share": 0.0,
  "eps": 3419.762213568752,
  "eps_ttm": 3419.762213568752,
  "earnings_per_share": 3419.762213568752,
  "bvps": 28254.4854119849,
  "book_value_per_share": 28254.4854119849,
  "market_cap": 873932878800.0,
  "debt_to_equity": 0.1012154923,
  "current_ratio": 10.0841271385,
  "quick_ratio": 7.6945419145,
  "cash_ratio": 6.6694812276,
  "interest_coverage": 0.0,
  "asset_turnover": 0.630505861,
  "inventory_turnover": 120.9900337342,
  "fixed_asset_turnover": 6.6326380407,
  "current_price": 57900.0,
  "working_capital": 331792960415.0
}