{
  "symbol": "DHM",
  "data_source": "VCI",
  "data_period": "year",
  "last_updated": "2025-11-17T15:57:13.588447",
  "name": "Công ty Cổ phần Thương mại & Khai thác Khoáng sản Dương Hiếu",
  "exchange": "HSX",
  "sector": "Tài nguyên Cơ bản",
  "shares_outstanding": 34535699.0,
  "charter_capital": 345356990000.0,
  "revenue": 3426471448193.0,
  "revenue_ttm": 3426471448193.0,
  "net_income": 2775000948.0,
  "net_income_ttm": 2775000948.0,
  "total_assets": 979988472137.0,
  "total_equity": 355246362975.0,
  "total_liabilities": 624742109162.0,
  "total_debt": 624742109162.0,
  "current_assets": 766255990821.0,
  "current_liabilities": 624742109162.0,
  "cash": 26806713352.0,
  "accounts_receivable": 547115518484.0,
  "fixed_assets": 77297384856.0,
  "ppe": 77297384856.0,
  "depreciation": 3528664008.0,
  "roe": 0.78421123,
  "roa": 0.29021874999999997,
  "roic": 1.53828761,
  "net_profit_margin": 0.08099322898569197,
  "net_margin": 0.08099322898569197,
  "gross_profit_margin": 0.7680733942931618,
  "gross_margin": 0.7680733942931618,
  "ebit_margin": 0.4028954692411893,
  "pe_ratio": 67.8836092419,
  "pb_ratio": 0.5302716639,
  "ps_ratio": 0.0549811271,
  "ev_ebitda": 40.5988883843,
  "ebitda": 17332722978.0,
  "dividend_per_share": 0.0,
  "eps": 88.38657913160137,
  "eps_ttm": 88.38657913160137,
  "earnings_per_share": 88.38657913160137,
  "bvps": 11314.9549714328,
  "book_value_per_share": 11314.9549714328,
  "market_cap": 188377080000.0,
  "debt_to_equity": 1.7586164822,
  "current_ratio": 1.2265156768,
  "quick_ratio": 1.0043052771,
  "cash_ratio": 0.1285590924,
  "interest_coverage": -0.4682573048656549,
  "asset_turnover": 3.5832470235,
  "inventory_turnover": 36.7239579676,
  "fixed_asset_turnover": 43.5085827197,
  "current_price": 6100.0,
  "working_capital": 141513881659.0
}