{
  "symbol": "DHP",
  "data_source": "VCI",
  "data_period": "year",
  "last_updated": "2025-11-17T13:52:39.921736",
  "name": "Công ty Cổ phần Điện cơ Hải Phòng",
  "exchange": "HNX",
  "sector": "Hàng & Dịch vụ Công nghiệp",
  "shares_outstanding": 9492200.0,
  "charter_capital": 94922000000.0,
  "revenue": 238935229455.0,
  "revenue_ttm": 238935229455.0,
  "net_income": 13204714222.0,
  "net_income_ttm": 13204714222.0,
  "total_assets": 194410928647.0,
  "total_equity": 174410199629.0,
  "total_liabilities": 20000729018.0,
  "total_debt": 20000729018.0,
  "current_assets": 133383898878.0,
  "current_liabilities": 20000729018.0,
  "cash": 12360154682.0,
  "accounts_receivable": 9758700349.0,
  "fixed_assets": 40104018542.0,
  "ppe": 40104018542.0,
  "depreciation": 0.0,
  "roe": 7.63972815,
  "roa": 6.49867692,
  "roic": 9.32693335,
  "net_profit_margin": 5.553274734954486,
  "net_margin": 5.553274734954486,
  "gross_profit_margin": 14.747059298263126,
  "gross_margin": 14.747059298263126,
  "ebit_margin": 6.993120212434002,
  "pe_ratio": 8.4105371864,
  "pb_ratio": 0.6367674611,
  "ps_ratio": 0.4670602366,
  "ev_ebitda": 4.6083952288,
  "ebitda": 22257687463.0,
  "dividend_per_share": 0.0,
  "eps": 1391.1120943511514,
  "eps_ttm": 1391.1120943511514,
  "earnings_per_share": 1391.1120943511514,
  "bvps": 18374.0544477571,
  "book_value_per_share": 18374.0544477571,
  "market_cap": 111058740000.0,
  "debt_to_equity": 0.1146763725,
  "current_ratio": 6.6689518546,
  "quick_ratio": 1.1059024404,
  "cash_ratio": 0.617985208,
  "interest_coverage": -102.45398197056956,
  "asset_turnover": 1.1702422857,
  "inventory_turnover": 1.7737317986,
  "fixed_asset_turnover": 5.597074315,
  "current_price": 11700.0,
  "working_capital": 113383169860.0
}