{
  "symbol": "DHT",
  "data_source": "VCI",
  "data_period": "year",
  "last_updated": "2025-11-17T13:52:48.145676",
  "name": "Công ty Cổ phần Dược phẩm Hà Tây",
  "exchange": "HNX",
  "sector": "Y tế",
  "shares_outstanding": 82341773.0,
  "charter_capital": 823417730000.0,
  "revenue": 2087096726853.0,
  "revenue_ttm": 2087096726853.0,
  "net_income": 75194063435.0,
  "net_income_ttm": 75194063435.0,
  "total_assets": 1926305253006.0,
  "total_equity": 1056760321717.0,
  "total_liabilities": 869544931289.0,
  "total_debt": 869544931289.0,
  "current_assets": 924861085892.0,
  "current_liabilities": 767752475817.0,
  "cash": 90269672873.0,
  "accounts_receivable": 192360480643.0,
  "fixed_assets": 187367778307.0,
  "ppe": 187367778307.0,
  "depreciation": 20480691356.0,
  "roe": 6.941790139999999,
  "roa": 3.81301606,
  "roic": 5.01081901,
  "net_profit_margin": 3.440061460616712,
  "net_margin": 3.440061460616712,
  "gross_profit_margin": 10.53601273048217,
  "gross_margin": 10.53601273048217,
  "ebit_margin": 3.6672878308199097,
  "pe_ratio": 86.0453729911,
  "pb_ratio": 5.9984027984,
  "ps_ratio": 2.9600137149,
  "ev_ebitda": 67.5876921486,
  "ebitda": 96993254601.0,
  "dividend_per_share": 0.0,
  "eps": 871.6331557738015,
  "eps_ttm": 871.6331557738015,
  "earnings_per_share": 871.6331557738015,
  "bvps": 12503.3283892855,
  "book_value_per_share": 12503.3283892855,
  "market_cap": 6175632975000.0,
  "debt_to_equity": 0.8228402538,
  "current_ratio": 1.2046344558,
  "quick_ratio": 0.3681266585,
  "cash_ratio": 0.1175765311,
  "interest_coverage": -5.689040804447694,
  "asset_turnover": 1.1084150977,
  "inventory_turnover": 4.0988245137,
  "fixed_asset_turnover": 12.2141532604,
  "current_price": 75200.0,
  "working_capital": 157108610075.0
}