{
  "symbol": "DIH",
  "data_source": "VCI",
  "data_period": "year",
  "last_updated": "2025-11-17T13:54:13.270805",
  "name": "Công ty Cổ phần Đầu tư Phát triển Xây dựng - Hội An",
  "exchange": "HNX",
  "sector": "Xây dựng và Vật liệu",
  "shares_outstanding": 6894164.0,
  "charter_capital": 68941640000.0,
  "revenue": 222112989462.0,
  "revenue_ttm": 222112989462.0,
  "net_income": 13364366925.0,
  "net_income_ttm": 13364366925.0,
  "total_assets": 622851514452.0,
  "total_equity": 119856761398.0,
  "total_liabilities": 502994753054.0,
  "total_debt": 502994753054.0,
  "current_assets": 617985456817.0,
  "current_liabilities": 459674253054.0,
  "cash": 3665761501.0,
  "accounts_receivable": 112579716245.0,
  "fixed_assets": 2063241844.0,
  "ppe": 2063241844.0,
  "depreciation": 0.0,
  "roe": 11.842991,
  "roa": 1.91072891,
  "roic": 4.21494531,
  "net_profit_margin": 6.016922719094928,
  "net_margin": 6.016922719094928,
  "gross_profit_margin": 18.88169580112515,
  "gross_margin": 18.88169580112515,
  "ebit_margin": 10.48218213774626,
  "pe_ratio": 6.8781549613,
  "pb_ratio": 0.6902403088,
  "ps_ratio": 0.3724679417,
  "ev_ebitda": 20.9526690114,
  "ebitda": 24416081009.0,
  "dividend_per_share": 0.0,
  "eps": 1938.504353102131,
  "eps_ttm": 1938.504353102131,
  "earnings_per_share": 1938.504353102131,
  "bvps": 17385.2495238001,
  "book_value_per_share": 17385.2495238001,
  "market_cap": 82729968000.0,
  "debt_to_equity": 4.1966322733,
  "current_ratio": 1.3443986752,
  "quick_ratio": 0.2528866409,
  "cash_ratio": 0.007974694,
  "interest_coverage": -3.829198270373762,
  "asset_turnover": 0.317559158,
  "inventory_turnover": 0.3230211881,
  "fixed_asset_turnover": 108.9560506907,
  "current_price": 12000.0,
  "working_capital": 158311203763.0
}