{
  "symbol": "DL1",
  "data_source": "VCI",
  "data_period": "year",
  "last_updated": "2025-11-17T13:54:21.727822",
  "name": "Công ty Cổ phần Tập đoàn Alpha Seven",
  "exchange": "HNX",
  "sector": "Hàng & Dịch vụ Công nghiệp",
  "shares_outstanding": 106236094.0,
  "charter_capital": 1062360940000.0,
  "revenue": 525470723348.0,
  "revenue_ttm": 525470723348.0,
  "net_income": 26387321697.0,
  "net_income_ttm": 26387321697.0,
  "total_assets": 2570195106497.0,
  "total_equity": 1371356443573.0,
  "total_liabilities": 1198838662924.0,
  "total_debt": 1198838662924.0,
  "current_assets": 1199216369297.0,
  "current_liabilities": 570003227114.0,
  "cash": 152088431637.0,
  "accounts_receivable": 800337720509.0,
  "fixed_assets": 815320180361.0,
  "ppe": 815320180361.0,
  "depreciation": 79105523593.0,
  "roe": 0.11251856000000002,
  "roa": 0.055488270000000006,
  "roic": 4.82999221,
  "net_profit_margin": 0.2638572810691713,
  "net_margin": 0.2638572810691713,
  "gross_profit_margin": 34.81386488962161,
  "gross_margin": 34.81386488962161,
  "ebit_margin": 20.674286408273503,
  "pe_ratio": 421.4241562727,
  "pb_ratio": 0.4723832331,
  "ps_ratio": 1.1119583205,
  "ev_ebitda": 6.9779994175,
  "ebitda": 187742283313.0,
  "dividend_per_share": 0.0,
  "eps": 13.050984188104657,
  "eps_ttm": 13.050984188104657,
  "earnings_per_share": 13.050984188104657,
  "bvps": 11643.088947585,
  "book_value_per_share": 11643.088947585,
  "market_cap": 584298517000.0,
  "debt_to_equity": 0.8741991687,
  "current_ratio": 2.1038764559,
  "quick_ratio": 1.7677551709,
  "cash_ratio": 0.3636618562,
  "interest_coverage": -1.564023109382059,
  "asset_turnover": 0.2102965287,
  "inventory_turnover": 5.1366939341,
  "fixed_asset_turnover": 0.6749807375,
  "current_price": 6000.0,
  "working_capital": 629213142183.0
}