{
  "symbol": "DLG",
  "data_source": "VCI",
  "data_period": "year",
  "last_updated": "2025-11-17T15:57:29.613179",
  "name": "Công ty Cổ phần Tập đoàn Đức Long Gia Lai",
  "exchange": "HSX",
  "sector": "Xây dựng và Vật liệu",
  "shares_outstanding": 299309720.0,
  "charter_capital": 2993097200000.0,
  "revenue": 1058723073994.0,
  "revenue_ttm": 1058723073994.0,
  "net_income": 244031208456.0,
  "net_income_ttm": 244031208456.0,
  "total_assets": 4348369468808.0,
  "total_equity": 751873345995.0,
  "total_liabilities": 3596496122813.0,
  "total_debt": 3596496122813.0,
  "current_assets": 1513597804072.0,
  "current_liabilities": 2093435831695.0,
  "cash": 95024595087.0,
  "accounts_receivable": 1304127171255.0,
  "fixed_assets": 2180546884151.0,
  "ppe": 2180546884151.0,
  "depreciation": 250787761401.0,
  "roe": 42.19593562,
  "roa": 4.4235416800000005,
  "roic": -2.1161323700000003,
  "net_profit_margin": 19.638160734147565,
  "net_margin": 19.638160734147565,
  "gross_profit_margin": 29.901896764204743,
  "gross_margin": 29.901896764204743,
  "ebit_margin": -6.096245338603041,
  "pe_ratio": 3.9156784632,
  "pb_ratio": 1.372104428,
  "ps_ratio": 0.7689672304,
  "ev_ebitda": 16.2003189458,
  "ebitda": 186245477624.0,
  "dividend_per_share": 0.0,
  "eps": 694.6433486790874,
  "eps_ttm": 694.6433486790874,
  "earnings_per_share": 694.6433486790874,
  "bvps": 1982.3564041522,
  "book_value_per_share": 1982.3564041522,
  "market_cap": 814122438400.0,
  "debt_to_equity": 4.7833802621,
  "current_ratio": 0.7230208737,
  "quick_ratio": 0.6683518765,
  "cash_ratio": 0.0453916923,
  "interest_coverage": 0.22457372422912714,
  "asset_turnover": 0.2252523411,
  "inventory_turnover": 3.2318840104,
  "fixed_asset_turnover": 0.460514671,
  "current_price": 2720.0,
  "working_capital": -579838027623.0
}