{
  "symbol": "DMC",
  "data_source": "VCI",
  "data_period": "year",
  "last_updated": "2025-11-17T15:57:38.622538",
  "name": "Công ty Cổ phần Xuất nhập khẩu Y tế DOMESCO",
  "exchange": "HSX",
  "sector": "Y tế",
  "shares_outstanding": 34727465.0,
  "charter_capital": 347274650000.0,
  "revenue": 1903750269217.0,
  "revenue_ttm": 1903750269217.0,
  "net_income": 202706657601.0,
  "net_income_ttm": 202706657601.0,
  "total_assets": 1840613593755.0,
  "total_equity": 1612567902687.0,
  "total_liabilities": 228045691068.0,
  "total_debt": 228045691068.0,
  "current_assets": 1527251936152.0,
  "current_liabilities": 227584641038.0,
  "cash": 129732290067.0,
  "accounts_receivable": 622318968124.0,
  "fixed_assets": 157654473674.0,
  "ppe": 157654473674.0,
  "depreciation": 17329344658.0,
  "roe": 12.93976453,
  "roa": 10.98746809,
  "roic": 14.01667516,
  "net_profit_margin": 10.671990618094977,
  "net_margin": 10.671990618094977,
  "gross_profit_margin": 21.97927852188593,
  "gross_margin": 21.97927852188593,
  "ebit_margin": 11.899821359729684,
  "pe_ratio": 11.9923172666,
  "pb_ratio": 1.2813625796,
  "ps_ratio": 1.0878461275,
  "ev_ebitda": 7.9576339069,
  "ebitda": 243357749311.0,
  "dividend_per_share": 0.0,
  "eps": 5837.070387976779,
  "eps_ttm": 5837.070387976779,
  "earnings_per_share": 5837.070387976779,
  "bvps": 46434.944292277,
  "book_value_per_share": 46434.944292277,
  "market_cap": 2066284167500.0,
  "debt_to_equity": 0.1414177293,
  "current_ratio": 6.7106986183,
  "quick_ratio": 3.3044903855,
  "cash_ratio": 0.570039742,
  "interest_coverage": 0.0,
  "asset_turnover": 1.0295612588,
  "inventory_turnover": 3.4752048035,
  "fixed_asset_turnover": 12.3660373259,
  "current_price": 59500.0,
  "working_capital": 1299667295114.0
}