{
  "symbol": "DNC",
  "data_source": "VCI",
  "data_period": "year",
  "last_updated": "2025-11-17T13:54:29.835500",
  "name": "Công ty Cổ phần Điện nước Lắp máy Hải Phòng",
  "exchange": "HNX",
  "sector": "Điện, nước & xăng dầu khí đốt",
  "shares_outstanding": 10034681.0,
  "charter_capital": 100346810000.0,
  "revenue": 937408787887.0,
  "revenue_ttm": 937408787887.0,
  "net_income": 42140543763.0,
  "net_income_ttm": 42140543763.0,
  "total_assets": 202740929725.0,
  "total_equity": 133262136333.0,
  "total_liabilities": 69478793392.0,
  "total_debt": 69478793392.0,
  "current_assets": 113460963189.0,
  "current_liabilities": 68789408743.0,
  "cash": 20631732678.0,
  "accounts_receivable": 65484182496.0,
  "fixed_assets": 59744826839.0,
  "ppe": 59744826839.0,
  "depreciation": 8415006551.0,
  "roe": 34.162415540000005,
  "roa": 22.38398359,
  "roic": 36.27162185,
  "net_profit_margin": 4.495428708108061,
  "net_margin": 4.495428708108061,
  "gross_profit_margin": 8.193360006590689,
  "gross_margin": 8.193360006590689,
  "ebit_margin": 5.715734644303205,
  "pe_ratio": 9.8767498937,
  "pb_ratio": 2.9819055955,
  "ps_ratio": 0.4239080273,
  "ev_ebitda": 6.3101976268,
  "ebitda": 61994805399.0,
  "dividend_per_share": 0.0,
  "eps": 5249.339638480377,
  "eps_ttm": 5249.339638480377,
  "earnings_per_share": 5249.339638480377,
  "bvps": 16600.1231141112,
  "book_value_per_share": 16600.1231141112,
  "market_cap": 397375110000.0,
  "debt_to_equity": 0.5213693499,
  "current_ratio": 1.6493958192,
  "quick_ratio": 1.3956014742,
  "cash_ratio": 0.4436499501,
  "interest_coverage": -104.47146642193448,
  "asset_turnover": 4.9792767374,
  "inventory_turnover": 62.8468047885,
  "fixed_asset_turnover": 16.3750345566,
  "current_price": 49500.0,
  "working_capital": 44671554446.0
}