{
  "symbol": "DP3",
  "data_source": "VCI",
  "data_period": "year",
  "last_updated": "2025-11-17T13:54:46.156407",
  "name": "Công ty Cổ Phần Dược Phẩm Trung Ương 3",
  "exchange": "HNX",
  "sector": "Y tế",
  "shares_outstanding": 21499933.0,
  "charter_capital": 214999330000.0,
  "revenue": 422590077558.0,
  "revenue_ttm": 422590077558.0,
  "net_income": 121171578583.0,
  "net_income_ttm": 121171578583.0,
  "total_assets": 607776710589.0,
  "total_equity": 518880695410.0,
  "total_liabilities": 88896015179.0,
  "total_debt": 88896015179.0,
  "current_assets": 433326056406.0,
  "current_liabilities": 88896015179.0,
  "cash": 13706392977.0,
  "accounts_receivable": 47209658306.0,
  "fixed_assets": 139826921768.0,
  "ppe": 139826921768.0,
  "depreciation": 12940560389.0,
  "roe": 24.54473843,
  "roa": 20.56538548,
  "roic": 26.34165017,
  "net_profit_margin": 29.024144912552025,
  "net_margin": 29.024144912552025,
  "gross_profit_margin": 66.12298357137604,
  "gross_margin": 66.12298357137604,
  "ebit_margin": 32.73928263267484,
  "pe_ratio": 9.1910705664,
  "pb_ratio": 2.1463441197,
  "ps_ratio": 2.6676296402,
  "ev_ebitda": 7.3517794566,
  "ebitda": 149622297964.0,
  "dividend_per_share": 0.0,
  "eps": 5635.904939006089,
  "eps_ttm": 5635.904939006089,
  "earnings_per_share": 5635.904939006089,
  "bvps": 24134.0610414925,
  "book_value_per_share": 24134.0610414925,
  "market_cap": 1113696529400.0,
  "debt_to_equity": 0.1713226489,
  "current_ratio": 4.87452734,
  "quick_ratio": 0.6852506399,
  "cash_ratio": 0.1541845599,
  "interest_coverage": -846.3009812539472,
  "asset_turnover": 0.7085612871,
  "inventory_turnover": 2.9386256281,
  "fixed_asset_turnover": 2.8697638947,
  "current_price": 51000.0,
  "working_capital": 344430041227.0
}