{
  "symbol": "DPG",
  "data_source": "VCI",
  "data_period": "year",
  "last_updated": "2025-11-17T15:57:47.084168",
  "name": "Công ty Cổ phần Tập đoàn Đạt Phương",
  "exchange": "HSX",
  "sector": "Xây dựng và Vật liệu",
  "shares_outstanding": 100799032.0,
  "charter_capital": 1007990320000.0,
  "revenue": 3577535172372.0,
  "revenue_ttm": 3577535172372.0,
  "net_income": 304095162043.0,
  "net_income_ttm": 304095162043.0,
  "total_assets": 6418594868132.0,
  "total_equity": 2612536834392.0,
  "total_liabilities": 3806058033740.0,
  "total_debt": 3806058033740.0,
  "current_assets": 3527394763967.0,
  "current_liabilities": 2481447488907.0,
  "cash": 1016565558779.0,
  "accounts_receivable": 1106563573676.0,
  "fixed_assets": 2199511918819.0,
  "ppe": 2199511918819.0,
  "depreciation": 143117566736.0,
  "roe": 11.856267410000001,
  "roa": 3.41573873,
  "roic": 8.85489898,
  "net_profit_margin": 6.257612791842083,
  "net_margin": 6.257612791842083,
  "gross_profit_margin": 15.28278937930028,
  "gross_margin": 15.28278937930028,
  "ebit_margin": 12.573481214630716,
  "pe_ratio": 12.4942861078,
  "pb_ratio": 1.4161632417,
  "ps_ratio": 0.7783516171,
  "ev_ebitda": 7.1430466507,
  "ebitda": 592938279581.0,
  "dividend_per_share": 0.0,
  "eps": 3553.4902132640495,
  "eps_ttm": 3553.4902132640495,
  "earnings_per_share": 3553.4902132640495,
  "bvps": 31211.0911356293,
  "book_value_per_share": 31211.0911356293,
  "market_cap": 2784580286800.0,
  "debt_to_equity": 1.4568437787,
  "current_ratio": 1.4215069147,
  "quick_ratio": 0.8556838637,
  "cash_ratio": 0.4097491508,
  "interest_coverage": -3.980068427049613,
  "asset_turnover": 0.5458533224,
  "inventory_turnover": 2.5609042339,
  "fixed_asset_turnover": 1.5819119612,
  "current_price": 44950.0,
  "working_capital": 1045947275060.0
}