{
  "symbol": "DPM",
  "data_source": "VCI",
  "data_period": "year",
  "last_updated": "2025-11-17T15:58:14.192294",
  "name": "Tổng Công ty Phân bón và Hóa chất Dầu khí - Công ty Cổ phần",
  "exchange": "HSX",
  "sector": "Hóa chất",
  "shares_outstanding": 679990761.0,
  "charter_capital": 6799907610000.0,
  "revenue": 13657031176628.0,
  "revenue_ttm": 13657031176628.0,
  "net_income": 554266541498.0,
  "net_income_ttm": 554266541498.0,
  "total_assets": 16552286447507.0,
  "total_equity": 11179836420269.0,
  "total_liabilities": 5372450027238.0,
  "total_debt": 5372450027238.0,
  "current_assets": 13219573591341.0,
  "current_liabilities": 5198718914842.0,
  "cash": 1004912303570.0,
  "accounts_receivable": 653185512324.0,
  "fixed_assets": 2711222351120.0,
  "ppe": 2711222351120.0,
  "depreciation": 393838974383.0,
  "roe": 4.80729116,
  "roa": 3.6017134200000003,
  "roic": 2.45250819,
  "net_profit_margin": 3.984573185739971,
  "net_margin": 3.984573185739971,
  "gross_profit_margin": 14.064252722562081,
  "gross_margin": 14.064252722562081,
  "ebit_margin": 2.6534387535577046,
  "pe_ratio": 23.266253012,
  "pb_ratio": 0.8484388093,
  "ps_ratio": 0.6916709861,
  "ev_ebitda": 15.6286859421,
  "ebitda": 751950842382.0,
  "dividend_per_share": 0.0,
  "eps": 1373.949065291262,
  "eps_ttm": 1373.949065291262,
  "earnings_per_share": 1373.949065291262,
  "bvps": 28110.4538574042,
  "book_value_per_share": 28110.4538574042,
  "market_cap": 9334890000000.0,
  "debt_to_equity": 0.4805481785,
  "current_ratio": 2.5428521541,
  "quick_ratio": 0.3189435403,
  "cash_ratio": 0.1932999879,
  "interest_coverage": -7.485900183877673,
  "asset_turnover": 0.9039144864,
  "inventory_turnover": 6.3145164087,
  "fixed_asset_turnover": 4.7357642212,
  "current_price": 24350.0,
  "working_capital": 8020854676499.0
}