{
  "symbol": "DPR",
  "data_source": "VCI",
  "data_period": "year",
  "last_updated": "2025-11-17T15:58:22.607568",
  "name": "Công ty Cổ phần Cao su Đồng Phú",
  "exchange": "HSX",
  "sector": "Hóa chất",
  "shares_outstanding": 86885932.0,
  "charter_capital": 868859320000.0,
  "revenue": 1225313177658.0,
  "revenue_ttm": 1225313177658.0,
  "net_income": 324254719041.0,
  "net_income_ttm": 324254719041.0,
  "total_assets": 4488156217220.0,
  "total_equity": 3234975168902.0,
  "total_liabilities": 1253181048318.0,
  "total_debt": 1253181048318.0,
  "current_assets": 2200223977759.0,
  "current_liabilities": 255622730709.0,
  "cash": 325585437397.0,
  "accounts_receivable": 87513221493.0,
  "fixed_assets": 1380599187540.0,
  "ppe": 1380599187540.0,
  "depreciation": 136552111768.0,
  "roe": 10.84711811,
  "roa": 5.990869480000001,
  "roic": 7.10416217,
  "net_profit_margin": 21.396708577655996,
  "net_margin": 21.396708577655996,
  "gross_profit_margin": 31.822928400437995,
  "gross_margin": 31.822928400437995,
  "ebit_margin": 18.768990504175108,
  "pe_ratio": 15.2221951975,
  "pb_ratio": 1.3283560366,
  "ps_ratio": 2.6964362492,
  "ev_ebitda": 8.1231542626,
  "ebitda": 366369994019.0,
  "dividend_per_share": 0.0,
  "eps": 3015.36862294347,
  "eps_ttm": 3015.36862294347,
  "earnings_per_share": 3015.36862294347,
  "bvps": 28606.7883563475,
  "book_value_per_share": 28606.7883563475,
  "market_cap": 3301665416000.0,
  "debt_to_equity": 0.3873850595,
  "current_ratio": 8.6073095755,
  "quick_ratio": 1.6160482198,
  "cash_ratio": 1.2736951698,
  "interest_coverage": 0.0,
  "asset_turnover": 0.2799902358,
  "inventory_turnover": 5.069092302,
  "fixed_asset_turnover": 0.8870793418,
  "current_price": 38900.0,
  "working_capital": 1944601247050.0
}