{
  "symbol": "DQC",
  "data_source": "VCI",
  "data_period": "year",
  "last_updated": "2025-11-17T15:58:30.752801",
  "name": "Công ty Cổ phần Tập đoàn Điện Quang",
  "exchange": "HSX",
  "sector": "Hàng cá nhân & Gia dụng",
  "shares_outstanding": 34359416.0,
  "charter_capital": 343594160000.0,
  "revenue": 824040711992.0,
  "revenue_ttm": 824040711992.0,
  "net_income": -121906476648.0,
  "net_income_ttm": -121906476648.0,
  "total_assets": 1209917381905.0,
  "total_equity": 778637279568.0,
  "total_liabilities": 431280102337.0,
  "total_debt": 431280102337.0,
  "current_assets": 763105716541.0,
  "current_liabilities": 425395178374.0,
  "cash": 35571943138.0,
  "accounts_receivable": 339215887230.0,
  "fixed_assets": 306890539499.0,
  "ppe": 306890539499.0,
  "depreciation": 26953392753.0,
  "roe": -14.83063426,
  "roa": -9.236270450000001,
  "roic": -11.24817097,
  "net_profit_margin": -15.063914734183395,
  "net_margin": -15.063914734183395,
  "gross_profit_margin": 22.658311566788207,
  "gross_margin": 22.658311566788207,
  "ebit_margin": -13.00780559373392,
  "pe_ratio": -3.0416676583,
  "pb_ratio": 0.4904900818,
  "ps_ratio": 0.4581942225,
  "ev_ebitda": -6.3322665117,
  "ebitda": -78881759917.0,
  "dividend_per_share": 0.0,
  "eps": -3567.1221247474055,
  "eps_ttm": -3567.1221247474055,
  "earnings_per_share": -3567.1221247474055,
  "bvps": 22120.7327181871,
  "book_value_per_share": 22120.7327181871,
  "market_cap": 372799663600.0,
  "debt_to_equity": 0.5538908984,
  "current_ratio": 1.7938748612,
  "quick_ratio": 0.9032095575,
  "cash_ratio": 0.1057959889,
  "interest_coverage": 17.466522198225338,
  "asset_turnover": 0.6131387895,
  "inventory_turnover": 1.9383188334,
  "fixed_asset_turnover": 2.5479773346,
  "current_price": 10900.0,
  "working_capital": 337710538167.0
}