{
  "symbol": "DRC",
  "data_source": "VCI",
  "data_period": "year",
  "last_updated": "2025-11-17T15:59:13.612977",
  "name": "Công ty Cổ phần Cao su Đà Nẵng",
  "exchange": "HSX",
  "sector": "Ô tô và phụ tùng",
  "shares_outstanding": 154429283.0,
  "charter_capital": 1544292830000.0,
  "revenue": 4852424350104.0,
  "revenue_ttm": 4852424350104.0,
  "net_income": 231618562349.0,
  "net_income_ttm": 231618562349.0,
  "total_assets": 4200077502846.0,
  "total_equity": 1915455791676.0,
  "total_liabilities": 2284621711170.0,
  "total_debt": 2284621711170.0,
  "current_assets": 2794028277059.0,
  "current_liabilities": 2138999850756.0,
  "cash": 220742923592.0,
  "accounts_receivable": 696914940457.0,
  "fixed_assets": 1212844160341.0,
  "ppe": 1212844160341.0,
  "depreciation": 0.0,
  "roe": 12.29778641,
  "roa": 6.10775061,
  "roic": 9.9794508,
  "net_profit_margin": 4.9564975828471125,
  "net_margin": 4.9564975828471125,
  "gross_profit_margin": 15.608415647174287,
  "gross_margin": 15.608415647174287,
  "ebit_margin": 6.138742899475117,
  "pe_ratio": 8.9469124466,
  "pb_ratio": 0.9738112779,
  "ps_ratio": 0.3991081492,
  "ev_ebitda": 6.5216629587,
  "ebitda": 399193343952.0,
  "dividend_per_share": 0.0,
  "eps": 1949.772566642511,
  "eps_ttm": 1949.772566642511,
  "earnings_per_share": 1949.772566642511,
  "bvps": 16122.2203482784,
  "book_value_per_share": 16122.2203482784,
  "market_cap": 1865043898500.0,
  "debt_to_equity": 1.1927300651,
  "current_ratio": 1.3062311697,
  "quick_ratio": 0.4290125891,
  "cash_ratio": 0.10319913,
  "interest_coverage": -13.428097616192945,
  "asset_turnover": 1.2322714788,
  "inventory_turnover": 2.8625397227,
  "fixed_asset_turnover": 4.3436032795,
  "current_price": 15750.0,
  "working_capital": 655028426303.0
}