{
  "symbol": "DRH",
  "data_source": "VCI",
  "data_period": "year",
  "last_updated": "2025-11-17T15:59:21.814958",
  "name": "Công ty Cổ phần DRH Holdings",
  "exchange": "HSX",
  "sector": "Bất động sản",
  "shares_outstanding": 124353866.0,
  "charter_capital": 1243538660000.0,
  "revenue": 3571276701.0,
  "revenue_ttm": 3571276701.0,
  "net_income": -203365887440.0,
  "net_income_ttm": -203365887440.0,
  "total_assets": 3900908942371.0,
  "total_equity": 1306723936573.0,
  "total_liabilities": 2594185005798.0,
  "total_debt": 2594185005798.0,
  "current_assets": 2804068289381.0,
  "current_liabilities": 2579753378416.0,
  "cash": 93650650.0,
  "accounts_receivable": 1511879676754.0,
  "fixed_assets": 312469657.0,
  "ppe": 312469657.0,
  "depreciation": 2178304610.0,
  "roe": -14.53600183,
  "roa": -5.16852188,
  "roic": -1.25214961,
  "net_profit_margin": -56.88803416607623,
  "net_margin": -56.88803416607623,
  "gross_profit_margin": -1.0698251683859095,
  "gross_margin": -1.0698251683859095,
  "ebit_margin": -7.2163878121747365,
  "pe_ratio": -1.4751354743,
  "pb_ratio": 0.2312316371,
  "ps_ratio": 83.9175572635,
  "ev_ebitda": -44.5494331908,
  "ebitda": -23593413049.0,
  "dividend_per_share": 0.0,
  "eps": -1633.7482501991535,
  "eps_ttm": -1633.7482501991535,
  "earnings_per_share": -1633.7482501991535,
  "bvps": 10422.4492397044,
  "book_value_per_share": 10422.4492397044,
  "market_cap": 299692817060.0,
  "debt_to_equity": 1.9852586558,
  "current_ratio": 1.0869520757,
  "quick_ratio": 0.5860921978,
  "cash_ratio": 3.63022e-05,
  "interest_coverage": 0.20171775805585646,
  "asset_turnover": 0.0009085429,
  "inventory_turnover": 0.006089279,
  "fixed_asset_turnover": 9.5758120873,
  "current_price": 2390.0,
  "working_capital": 224314910965.0
}