{
  "symbol": "DRL",
  "data_source": "VCI",
  "data_period": "year",
  "last_updated": "2025-11-17T15:59:30.086661",
  "name": "Công ty Cổ phần Thủy điện - Điện lực 3",
  "exchange": "HSX",
  "sector": "Điện, nước & xăng dầu khí đốt",
  "shares_outstanding": 9500000.0,
  "charter_capital": 95000000000.0,
  "revenue": 91341413148.0,
  "revenue_ttm": 91341413148.0,
  "net_income": 44762427034.0,
  "net_income_ttm": 44762427034.0,
  "total_assets": 127253141224.0,
  "total_equity": 113412927517.0,
  "total_liabilities": 13840213707.0,
  "total_debt": 13840213707.0,
  "current_assets": 88888375983.0,
  "current_liabilities": 13840213707.0,
  "cash": 4278875769.0,
  "accounts_receivable": 13792667228.0,
  "fixed_assets": 36853487147.0,
  "ppe": 36853487147.0,
  "depreciation": 0.0,
  "roe": 38.7998368,
  "roa": 34.22129193,
  "roic": 46.45443306,
  "net_profit_margin": 49.005621318198436,
  "net_margin": 49.005621318198436,
  "gross_profit_margin": 65.04001417707516,
  "gross_margin": 65.04001417707516,
  "ebit_margin": 57.679567980445235,
  "pe_ratio": 11.3992888016,
  "pb_ratio": 4.2217409468,
  "ps_ratio": 5.2418720436,
  "ev_ebitda": 8.6222729223,
  "ebitda": 55034342859.0,
  "dividend_per_share": 0.0,
  "eps": 4711.834424631579,
  "eps_ttm": 4711.834424631579,
  "earnings_per_share": 4711.834424631579,
  "bvps": 11938.2028965263,
  "book_value_per_share": 11938.2028965263,
  "market_cap": 478800000000.0,
  "debt_to_equity": 0.1220338282,
  "current_ratio": 6.422471348,
  "quick_ratio": 1.3057271643,
  "cash_ratio": 0.3091625505,
  "asset_turnover": 0.6983136017,
  "inventory_turnover": 38.5900350456,
  "fixed_asset_turnover": 2.4683210322,
  "current_price": 50600.0,
  "working_capital": 75048162276.0
}