{
  "symbol": "DS3",
  "data_source": "VCI",
  "data_period": "year",
  "last_updated": "2025-11-17T13:55:13.698852",
  "name": "Công ty Cổ phần DS3",
  "exchange": "HNX",
  "sector": "Hàng & Dịch vụ Công nghiệp",
  "shares_outstanding": 10669730.0,
  "charter_capital": 106697300000.0,
  "revenue": 51242863961.0,
  "revenue_ttm": 51242863961.0,
  "net_income": 8826669973.0,
  "net_income_ttm": 8826669973.0,
  "total_assets": 156372748193.0,
  "total_equity": 91532871416.0,
  "total_liabilities": 64839876777.0,
  "total_debt": 64839876777.0,
  "current_assets": 40828087403.0,
  "current_liabilities": 22606129454.0,
  "cash": 5650243915.0,
  "accounts_receivable": 26347209511.0,
  "fixed_assets": 1296556428.0,
  "ppe": 1296556428.0,
  "depreciation": 0.0,
  "roe": 10.13167693,
  "roa": 6.03051428,
  "roic": 7.449684769999999,
  "net_profit_margin": 17.22516910787386,
  "net_margin": 17.22516910787386,
  "gross_profit_margin": 28.521132146562383,
  "gross_margin": 28.521132146562383,
  "ebit_margin": 20.229995132375304,
  "pe_ratio": 7.2528348965,
  "pb_ratio": 0.6994031653,
  "ps_ratio": 1.249313076,
  "ev_ebitda": 8.8958768317,
  "ebitda": 11914266683.0,
  "dividend_per_share": 0.0,
  "eps": 827.2627304533479,
  "eps_ttm": 827.2627304533479,
  "earnings_per_share": 827.2627304533479,
  "bvps": 8578.7429874983,
  "book_value_per_share": 8578.7429874983,
  "market_cap": 64018380000.0,
  "debt_to_equity": 0.708378048,
  "current_ratio": 1.8060627091,
  "quick_ratio": 1.415432637,
  "cash_ratio": 0.2499430045,
  "interest_coverage": -6.177343211842803,
  "asset_turnover": 0.3500989886,
  "inventory_turnover": 4.0401189381,
  "fixed_asset_turnover": 30.2689760678,
  "current_price": 6400.0,
  "working_capital": 18221957949.0
}