{
  "symbol": "DSC",
  "data_source": "VCI",
  "data_period": "year",
  "last_updated": "2025-11-17T15:59:38.328410",
  "name": "Công ty Cổ phần Chứng khoán DSC",
  "exchange": "HSX",
  "sector": "Dịch vụ tài chính",
  "shares_outstanding": 239661453.0,
  "charter_capital": 2396614530000.0,
  "revenue": 503109234914.0,
  "revenue_ttm": 503109234914.0,
  "net_income": 176819852316.0,
  "net_income_ttm": 176819852316.0,
  "total_assets": 5792290122830.0,
  "total_equity": 2401613929951.0,
  "total_liabilities": 3390676192879.0,
  "total_debt": 3390676192879.0,
  "current_assets": 5756139855473.0,
  "current_liabilities": 3388326479655.0,
  "cash": 480274656275.0,
  "accounts_receivable": 71823509653.0,
  "fixed_assets": 13889090993.0,
  "ppe": 13889090993.0,
  "depreciation": 3897088210.0,
  "roe": 7.62909552,
  "roa": 3.5667362899999997,
  "roic": 5.05279122,
  "net_profit_margin": 35.14541973101032,
  "net_margin": 35.14541973101032,
  "gross_profit_margin": 67.10699284097062,
  "gross_margin": 67.10699284097062,
  "ebit_margin": 57.66652820845024,
  "pe_ratio": 18.4194307974,
  "pb_ratio": 1.3305582509,
  "ps_ratio": 6.3514779858,
  "ev_ebitda": 20.5953030563,
  "ebitda": 294022717081.0,
  "dividend_per_share": 0.0,
  "eps": 863.2141196601183,
  "eps_ttm": 863.2141196601183,
  "earnings_per_share": 863.2141196601183,
  "bvps": 11724.4021367081,
  "book_value_per_share": 11724.4021367081,
  "market_cap": 3195487230000.0,
  "debt_to_equity": 1.411832331,
  "current_ratio": 1.698815002,
  "quick_ratio": 0.9833438055,
  "cash_ratio": 0.9621464652,
  "interest_coverage": -4.033289608428305,
  "asset_turnover": 0.101485096,
  "fixed_asset_turnover": 34.0183588747,
  "current_price": 15650.0,
  "working_capital": 2367813375818.0
}