{
  "symbol": "DSE",
  "data_source": "VCI",
  "data_period": "year",
  "last_updated": "2025-11-17T15:59:46.674398",
  "name": "Công ty Cổ phần Chứng khoán DNSE",
  "exchange": "HSX",
  "sector": "Dịch vụ tài chính",
  "shares_outstanding": 342600000.0,
  "charter_capital": 3426000000000.0,
  "revenue": 807411969647.0,
  "revenue_ttm": 807411969647.0,
  "net_income": 181770625492.0,
  "net_income_ttm": 181770625492.0,
  "total_assets": 10637252118272.0,
  "total_equity": 4029800184357.0,
  "total_liabilities": 6607451933915.0,
  "total_debt": 6607451933915.0,
  "current_assets": 8172043402888.0,
  "current_liabilities": 6589049715018.0,
  "cash": 1093162138811.0,
  "accounts_receivable": 291115303269.0,
  "fixed_assets": 96209664181.0,
  "ppe": 96209664181.0,
  "depreciation": 25938672289.0,
  "roe": 4.9561559,
  "roa": 2.01036842,
  "roic": 2.23633981,
  "net_profit_margin": 22.512748426490383,
  "net_margin": 22.512748426490383,
  "gross_profit_margin": 48.04665325268892,
  "gross_margin": 48.04665325268892,
  "ebit_margin": 29.232278795072848,
  "pe_ratio": 46.3853825511,
  "pb_ratio": 2.0922873627,
  "ps_ratio": 10.4426244804,
  "ev_ebitda": 52.9180787047,
  "ebitda": 261963590281.0,
  "dividend_per_share": 0.0,
  "eps": 550.8200772484848,
  "eps_ttm": 550.8200772484848,
  "earnings_per_share": 550.8200772484848,
  "bvps": 12211.5157101727,
  "book_value_per_share": 12211.5157101727,
  "market_cap": 8431500000000.0,
  "debt_to_equity": 1.6396475338,
  "current_ratio": 1.240246129,
  "quick_ratio": 0.2354454912,
  "cash_ratio": 0.1912638086,
  "interest_coverage": -8.417484492150074,
  "asset_turnover": 0.0892991111,
  "fixed_asset_turnover": 8.9251318304,
  "current_price": 25650.0,
  "working_capital": 1582993687870.0
}