{
  "symbol": "DSN",
  "data_source": "VCI",
  "data_period": "year",
  "last_updated": "2025-11-17T16:00:13.941103",
  "name": "Công ty Cổ phần Công viên nước Đầm Sen",
  "exchange": "HSX",
  "sector": "Du lịch và Giải trí",
  "shares_outstanding": 12083009.0,
  "charter_capital": 120830090000.0,
  "revenue": 217636663313.0,
  "revenue_ttm": 217636663313.0,
  "net_income": 92592415761.0,
  "net_income_ttm": 92592415761.0,
  "total_assets": 374158399169.0,
  "total_equity": 316249857356.0,
  "total_liabilities": 57908541813.0,
  "total_debt": 57908541813.0,
  "current_assets": 348939495211.0,
  "current_liabilities": 56848840255.0,
  "cash": 71659210972.0,
  "accounts_receivable": 7492819422.0,
  "fixed_assets": 21540889983.0,
  "ppe": 21540889983.0,
  "depreciation": 4827766749.0,
  "roe": 29.32912045,
  "roa": 25.72161851,
  "roic": 31.171098470000004,
  "net_profit_margin": 42.58634247470737,
  "net_margin": 42.58634247470737,
  "gross_profit_margin": 60.65941223337726,
  "gross_margin": 60.65941223337726,
  "ebit_margin": 45.29501277881044,
  "pe_ratio": 5.7362143843,
  "pb_ratio": 1.6838384781,
  "ps_ratio": 2.4428439028,
  "ev_ebitda": 4.4484048911,
  "ebitda": 103406321208.0,
  "dividend_per_share": 0.0,
  "eps": 7670.564077954424,
  "eps_ttm": 7670.564077954424,
  "earnings_per_share": 7670.564077954424,
  "bvps": 26130.7723821111,
  "book_value_per_share": 26130.7723821111,
  "market_cap": 531652396000.0,
  "debt_to_equity": 0.1831100962,
  "current_ratio": 6.1380231091,
  "quick_ratio": 2.1323088778,
  "cash_ratio": 2.0005063751,
  "interest_coverage": 0.0,
  "asset_turnover": 0.6039874996,
  "inventory_turnover": 68.9086121952,
  "fixed_asset_turnover": 11.7825352664,
  "current_price": 44100.0,
  "working_capital": 292090654956.0
}