{
  "symbol": "DST",
  "data_source": "VCI",
  "data_period": "year",
  "last_updated": "2025-11-17T13:55:22.381579",
  "name": "Công ty Cổ phần Đầu tư Sao Thăng Long",
  "exchange": "HNX",
  "sector": "Truyền thông",
  "shares_outstanding": 32300000.0,
  "charter_capital": 323000000000.0,
  "revenue": 60947940360.0,
  "revenue_ttm": 60947940360.0,
  "net_income": 1775943588.0,
  "net_income_ttm": 1775943588.0,
  "total_assets": 400630961589.0,
  "total_equity": 398904233337.0,
  "total_liabilities": 1726728252.0,
  "total_debt": 1726728252.0,
  "current_assets": 4352647805.0,
  "current_liabilities": 1529347574.0,
  "cash": 1686599228.0,
  "accounts_receivable": 818112854.0,
  "fixed_assets": 0.0,
  "ppe": 0.0,
  "depreciation": 168645556.0,
  "roe": 0.44615972000000004,
  "roa": 0.43148583,
  "roic": -1.14043764,
  "net_profit_margin": 2.9136153912847336,
  "net_margin": 2.9136153912847336,
  "gross_profit_margin": 2.1279280683472797,
  "gross_margin": 2.1279280683472797,
  "ebit_margin": -7.4641636995918335,
  "pe_ratio": 163.7019207958,
  "pb_ratio": 0.7287463399,
  "ps_ratio": 4.7696443601,
  "ev_ebitda": -65.9756291455,
  "ebitda": -4380608484.0,
  "dividend_per_share": 0.0,
  "eps": 54.97797433436533,
  "eps_ttm": 54.97797433436533,
  "earnings_per_share": 54.97797433436533,
  "bvps": 12349.9762643034,
  "book_value_per_share": 12349.9762643034,
  "market_cap": 290700000000.0,
  "debt_to_equity": 0.0043286787,
  "current_ratio": 2.8460814788,
  "quick_ratio": 4.9149669858,
  "cash_ratio": 4.3800245908,
  "interest_coverage": 8.996105287566161,
  "asset_turnover": 0.1480929256,
  "inventory_turnover": 27.1573408133,
  "fixed_asset_turnover": 32.8872928506,
  "current_price": 9000.0,
  "working_capital": 2823300231.0
}