{
  "symbol": "DTA",
  "data_source": "VCI",
  "data_period": "year",
  "last_updated": "2025-11-17T16:00:22.315361",
  "name": "Công ty Cổ phần Đệ Tam",
  "exchange": "HSX",
  "sector": "Bất động sản",
  "shares_outstanding": 18059832.0,
  "charter_capital": 180598320000.0,
  "revenue": 142968937296.0,
  "revenue_ttm": 142968937296.0,
  "net_income": 1497515310.0,
  "net_income_ttm": 1497515310.0,
  "total_assets": 634367597621.0,
  "total_equity": 204350611080.0,
  "total_liabilities": 430016986541.0,
  "total_debt": 430016986541.0,
  "current_assets": 211841809993.0,
  "current_liabilities": 328075031609.0,
  "cash": 2286164275.0,
  "accounts_receivable": 35424719375.0,
  "fixed_assets": 18842851007.0,
  "ppe": 18842851007.0,
  "depreciation": 1600186766.0,
  "roe": 0.73545145,
  "roa": 0.22296693999999997,
  "roic": 3.92378341,
  "net_profit_margin": 1.0556143190892833,
  "net_margin": 1.0556143190892833,
  "gross_profit_margin": 17.043491373746523,
  "gross_margin": 17.043491373746523,
  "ebit_margin": 8.881938938380223,
  "pe_ratio": 55.6609139332,
  "pb_ratio": 0.3976951357,
  "ps_ratio": 0.5728754631,
  "ev_ebitda": 13.785185515,
  "ebitda": 14200280666.0,
  "dividend_per_share": 0.0,
  "eps": 82.91967001686395,
  "eps_ttm": 82.91967001686395,
  "earnings_per_share": 82.91967001686395,
  "bvps": 11315.2000018605,
  "book_value_per_share": 11315.2000018605,
  "market_cap": 81269244000.0,
  "debt_to_equity": 2.1043097658,
  "current_ratio": 0.6457114671,
  "quick_ratio": 0.1149459118,
  "cash_ratio": 0.006968419,
  "interest_coverage": -1.1693461735404023,
  "asset_turnover": 0.2112200759,
  "inventory_turnover": 0.8307655191,
  "fixed_asset_turnover": 7.3126287464,
  "current_price": 4510.0,
  "working_capital": -116233221616.0
}