{
  "symbol": "DTD",
  "data_source": "VCI",
  "data_period": "year",
  "last_updated": "2025-11-17T13:55:30.976770",
  "name": "Công ty Cổ phần Đầu tư Phát triển Thành Đạt",
  "exchange": "HNX",
  "sector": "Bất động sản",
  "shares_outstanding": 66686055.0,
  "charter_capital": 666860550000.0,
  "revenue": 494682619709.0,
  "revenue_ttm": 494682619709.0,
  "net_income": 176202189653.0,
  "net_income_ttm": 176202189653.0,
  "total_assets": 2213793416540.0,
  "total_equity": 1320795458547.0,
  "total_liabilities": 892997957993.0,
  "total_debt": 892997957993.0,
  "current_assets": 876169210658.0,
  "current_liabilities": 253561840591.0,
  "cash": 242507970844.0,
  "accounts_receivable": 135207211035.0,
  "fixed_assets": 353472347551.0,
  "ppe": 353472347551.0,
  "depreciation": 99724028979.0,
  "roe": 11.832731820000001,
  "roa": 5.4748826799999994,
  "roic": 13.250683650000001,
  "net_profit_margin": 24.34222598983483,
  "net_margin": 24.34222598983483,
  "gross_profit_margin": 44.2046884241932,
  "gross_margin": 44.2046884241932,
  "ebit_margin": 37.78007654805823,
  "pe_ratio": 8.8321801027,
  "pb_ratio": 0.9876179817,
  "ps_ratio": 2.1499492404,
  "ev_ebitda": 3.1773159327,
  "ebitda": 286615501375.0,
  "dividend_per_share": 0.0,
  "eps": 2094.6130836127427,
  "eps_ttm": 2094.6130836127427,
  "earnings_per_share": 2094.6130836127427,
  "bvps": 18731.9392132048,
  "book_value_per_share": 18731.9392132048,
  "market_cap": 1063542522500.0,
  "debt_to_equity": 0.6761061694,
  "current_ratio": 3.4554458534,
  "quick_ratio": 1.4896373248,
  "cash_ratio": 0.9564056259,
  "interest_coverage": -33.10033331038036,
  "asset_turnover": 0.2249129839,
  "inventory_turnover": 2.701326063,
  "fixed_asset_turnover": 1.7601499573,
  "current_price": 18800.0,
  "working_capital": 622607370067.0
}