{
  "symbol": "DTG",
  "data_source": "VCI",
  "data_period": "year",
  "last_updated": "2025-11-17T13:55:38.960043",
  "name": "Công ty Cổ phần Dược phẩm Tipharco",
  "exchange": "HNX",
  "sector": "Y tế",
  "shares_outstanding": 9605318.0,
  "charter_capital": 96053180000.0,
  "revenue": 367489387265.0,
  "revenue_ttm": 367489387265.0,
  "net_income": 23137343805.0,
  "net_income_ttm": 23137343805.0,
  "total_assets": 336829794615.0,
  "total_equity": 186058063106.0,
  "total_liabilities": 150771731509.0,
  "total_debt": 150771731509.0,
  "current_assets": 229500850814.0,
  "current_liabilities": 150044223176.0,
  "cash": 16360889595.0,
  "accounts_receivable": 108504362863.0,
  "fixed_assets": 97526831759.0,
  "ppe": 97526831759.0,
  "depreciation": 11058783288.0,
  "roe": 13.26979143,
  "roa": 7.192075589999999,
  "roic": 11.53657639,
  "net_profit_margin": 6.3541157303079325,
  "net_margin": 6.3541157303079325,
  "gross_profit_margin": 21.390682464120044,
  "gross_margin": 21.390682464120044,
  "ebit_margin": 9.420796283444265,
  "pe_ratio": 5.8842942841,
  "pb_ratio": 0.7317443685,
  "ps_ratio": 0.3738948687,
  "ev_ebitda": 5.0940050738,
  "ebitda": 45362880314.0,
  "dividend_per_share": 0.0,
  "eps": 2770.085793323806,
  "eps_ttm": 2770.085793323806,
  "earnings_per_share": 2770.085793323806,
  "bvps": 22275.538699991,
  "book_value_per_share": 22275.538699991,
  "market_cap": 136146939900.0,
  "debt_to_equity": 0.810347743,
  "current_ratio": 1.529554727,
  "quick_ratio": 0.8321896693,
  "cash_ratio": 0.1090404499,
  "interest_coverage": -5.023383531744077,
  "asset_turnover": 1.1318767077,
  "inventory_turnover": 2.3897018505,
  "fixed_asset_turnover": 3.9140088433,
  "current_price": 16200.0,
  "working_capital": 79456627638.0
}