{
  "symbol": "DTK",
  "data_source": "VCI",
  "data_period": "year",
  "last_updated": "2025-11-17T13:55:46.978531",
  "name": "Tổng Công ty Điện lực TKV - Công ty Cổ phần",
  "exchange": "HNX",
  "sector": "Điện, nước & xăng dầu khí đốt",
  "shares_outstanding": 682767475.0,
  "charter_capital": 6827674750000.0,
  "revenue": 12839301284671.0,
  "revenue_ttm": 12839301284671.0,
  "net_income": 689207885650.0,
  "net_income_ttm": 689207885650.0,
  "total_assets": 15531079056956.0,
  "total_equity": 8524104498089.0,
  "total_liabilities": 7006974558867.0,
  "total_debt": 7006974558867.0,
  "current_assets": 5526582357753.0,
  "current_liabilities": 5972835994986.0,
  "cash": 551544842814.0,
  "accounts_receivable": 3909681118256.0,
  "fixed_assets": 8327158905784.0,
  "ppe": 8327158905784.0,
  "depreciation": 1318816829588.0,
  "roe": 8.307202010000001,
  "roa": 4.3167933099999996,
  "roic": 6.8794224,
  "net_profit_margin": 5.384392082779251,
  "net_margin": 5.384392082779251,
  "gross_profit_margin": 9.564152370441597,
  "gross_margin": 9.564152370441597,
  "ebit_margin": 6.486468355340416,
  "pe_ratio": 12.5973221472,
  "pb_ratio": 0.9227472026,
  "ps_ratio": 0.611546204,
  "ev_ebitda": 5.0575953481,
  "ebitda": 2151634044465.0,
  "dividend_per_share": 0.0,
  "eps": 1012.5238052032282,
  "eps_ttm": 1012.5238052032282,
  "earnings_per_share": 1012.5238052032282,
  "bvps": 12462.7850045742,
  "book_value_per_share": 12462.7850045742,
  "market_cap": 7851825962500.0,
  "debt_to_equity": 0.8220188479,
  "current_ratio": 0.9252861392,
  "quick_ratio": 0.7469192131,
  "cash_ratio": 0.0923422045,
  "interest_coverage": -3.7855598287998955,
  "asset_turnover": 0.8017234333,
  "inventory_turnover": 32.0868396511,
  "fixed_asset_turnover": 1.4416627573,
  "current_price": 11400.0,
  "working_capital": -446253637233.0
}