{
  "symbol": "DTL",
  "data_source": "VCI",
  "data_period": "year",
  "last_updated": "2025-11-17T16:00:30.562333",
  "name": "Công ty Cổ phần Đại Thiên Lộc",
  "exchange": "HSX",
  "sector": "Tài nguyên Cơ bản",
  "shares_outstanding": 61435604.0,
  "charter_capital": 614356040000.0,
  "revenue": 1966999544521.0,
  "revenue_ttm": 1966999544521.0,
  "net_income": 4252561514.0,
  "net_income_ttm": 4252561514.0,
  "total_assets": 2119835976286.0,
  "total_equity": 759474770394.0,
  "total_liabilities": 1360361205892.0,
  "total_debt": 1360361205892.0,
  "current_assets": 1516100652199.0,
  "current_liabilities": 1298786898608.0,
  "cash": 4513620649.0,
  "accounts_receivable": 362721958479.0,
  "fixed_assets": 305718365709.0,
  "ppe": 305718365709.0,
  "depreciation": 61316868735.0,
  "roe": 0.56147697,
  "roa": 0.20285839,
  "roic": -1.99515748,
  "net_profit_margin": 0.21621821224511398,
  "net_margin": 0.21621821224511398,
  "gross_profit_margin": -0.2662435456994213,
  "gross_margin": -0.2662435456994213,
  "ebit_margin": -1.6992193828068591,
  "pe_ratio": 208.0328984513,
  "pb_ratio": 1.1648480398,
  "ps_ratio": 0.4498050139,
  "ev_ebitda": 64.3710905368,
  "ebitda": 27896765608.0,
  "dividend_per_share": 0.0,
  "eps": 69.21982103407008,
  "eps_ttm": 69.21982103407008,
  "earnings_per_share": 69.21982103407008,
  "bvps": 12362.1275114997,
  "book_value_per_share": 12362.1275114997,
  "market_cap": 884672697600.0,
  "debt_to_equity": 1.7911868293,
  "current_ratio": 1.1673205618,
  "quick_ratio": 0.2827527591,
  "cash_ratio": 0.0034752588,
  "interest_coverage": 0.4541660729287457,
  "asset_turnover": 0.9382114132,
  "inventory_turnover": 1.754951559,
  "fixed_asset_turnover": 6.4496435547,
  "current_price": 14500.0,
  "working_capital": 217313753591.0
}