{
  "symbol": "DTT",
  "data_source": "VCI",
  "data_period": "year",
  "last_updated": "2025-11-17T16:00:38.676131",
  "name": "Công ty Cổ phần Kỹ nghệ Đô Thành",
  "exchange": "HSX",
  "sector": "Hóa chất",
  "shares_outstanding": 8151820.0,
  "charter_capital": 81518200000.0,
  "revenue": 197639958310.0,
  "revenue_ttm": 197639958310.0,
  "net_income": 11418249966.0,
  "net_income_ttm": 11418249966.0,
  "total_assets": 181437914368.0,
  "total_equity": 134209910551.0,
  "total_liabilities": 47228003817.0,
  "total_debt": 47228003817.0,
  "current_assets": 98092267363.0,
  "current_liabilities": 46721083817.0,
  "cash": 37105635669.0,
  "accounts_receivable": 24690471536.0,
  "fixed_assets": 80217618755.0,
  "ppe": 80217618755.0,
  "depreciation": 0.0,
  "roe": 8.63298791,
  "roa": 6.47078296,
  "roic": 10.20288983,
  "net_profit_margin": 5.784720153588744,
  "net_margin": 5.784720153588744,
  "gross_profit_margin": 17.023024512571926,
  "gross_margin": 17.023024512571926,
  "ebit_margin": 8.379375150867586,
  "pe_ratio": 11.9665598715,
  "pb_ratio": 0.9110899448,
  "ps_ratio": 0.6194819379,
  "ev_ebitda": 4.2885777797,
  "ebitda": 26365429471.0,
  "dividend_per_share": 0.0,
  "eps": 1400.6994715290573,
  "eps_ttm": 1400.6994715290573,
  "earnings_per_share": 1400.6994715290573,
  "bvps": 16463.7971092345,
  "book_value_per_share": 16463.7971092345,
  "market_cap": 122277300000.0,
  "debt_to_equity": 0.3518965449,
  "current_ratio": 2.0995289353,
  "quick_ratio": 1.3226615086,
  "cash_ratio": 0.7941962095,
  "interest_coverage": -10.883286884880368,
  "asset_turnover": 1.1185991346,
  "inventory_turnover": 4.6989553648,
  "fixed_asset_turnover": 2.5035280331,
  "current_price": 15000.0,
  "working_capital": 51371183546.0
}