{
  "symbol": "DVM",
  "data_source": "VCI",
  "data_period": "year",
  "last_updated": "2025-11-17T13:57:13.615664",
  "name": "Công ty Cổ phần Dược liệu Việt Nam",
  "exchange": "HNX",
  "sector": "Y tế",
  "shares_outstanding": 47057787.0,
  "charter_capital": 470577870000.0,
  "revenue": 1580015291142.0,
  "revenue_ttm": 1580015291142.0,
  "net_income": 47874884656.0,
  "net_income_ttm": 47874884656.0,
  "total_assets": 1634570045617.0,
  "total_equity": 736547007127.0,
  "total_liabilities": 898023038490.0,
  "total_debt": 898023038490.0,
  "current_assets": 940864723951.0,
  "current_liabilities": 869787379806.0,
  "cash": 85716381492.0,
  "accounts_receivable": 497612779269.0,
  "fixed_assets": 369926562095.0,
  "ppe": 369926562095.0,
  "roe": 6.71824896,
  "roa": 3.02289044,
  "roic": 6.714345839999999,
  "net_profit_margin": 3.0301149455273824,
  "net_margin": 3.0301149455273824,
  "gross_profit_margin": 8.898759784247408,
  "gross_margin": 8.898759784247408,
  "ebit_margin": 6.3876749796895576,
  "pe_ratio": 6.0474431577,
  "pb_ratio": 0.3891475146,
  "ps_ratio": 0.1814120342,
  "ev_ebitda": 7.6957599616,
  "ebitda": 125713586165.0,
  "dividend_per_share": 0.0,
  "eps": 1119.0972103825543,
  "eps_ttm": 1119.0972103825543,
  "earnings_per_share": 1119.0972103825543,
  "bvps": 17217.1213970359,
  "book_value_per_share": 17217.1213970359,
  "market_cap": 286625437200.0,
  "debt_to_equity": 1.2192338436,
  "current_ratio": 1.0817180679,
  "quick_ratio": 0.6706571908,
  "cash_ratio": 0.0985486608,
  "interest_coverage": -2.115772256106938,
  "asset_turnover": 0.9976157637,
  "inventory_turnover": 6.1352280361,
  "fixed_asset_turnover": 4.4697395468,
  "current_price": 6700.0,
  "working_capital": 71077344145.0
}