{
  "symbol": "DVP",
  "data_source": "VCI",
  "data_period": "year",
  "last_updated": "2025-11-17T16:00:46.878188",
  "name": "Công ty Cổ phần Đầu tư và Phát triển Cảng Đình Vũ",
  "exchange": "HSX",
  "sector": "Hàng & Dịch vụ Công nghiệp",
  "shares_outstanding": 40000000.0,
  "charter_capital": 400000000000.0,
  "revenue": 694341855567.0,
  "revenue_ttm": 694341855567.0,
  "net_income": 336224822010.0,
  "net_income_ttm": 336224822010.0,
  "total_assets": 1639149377286.0,
  "total_equity": 1488937699913.0,
  "total_liabilities": 150211677373.0,
  "total_debt": 150211677373.0,
  "current_assets": 1291745252469.0,
  "current_liabilities": 150211677373.0,
  "cash": 27281383279.0,
  "accounts_receivable": 102356067384.0,
  "fixed_assets": 218212559233.0,
  "ppe": 218212559233.0,
  "depreciation": 0.0,
  "roe": 23.47159666,
  "roa": 20.5332814,
  "roic": 16.73847583,
  "net_profit_margin": 48.423527879568574,
  "net_margin": 48.423527879568574,
  "gross_profit_margin": 47.08242680776354,
  "gross_margin": 47.08242680776354,
  "ebit_margin": 35.89377120719337,
  "pe_ratio": 9.1622896877,
  "pb_ratio": 1.8751624062,
  "ps_ratio": 4.0210740252,
  "ev_ebitda": 8.9847670106,
  "ebitda": 307711776328.0,
  "dividend_per_share": 0.0,
  "eps": 8405.62055025,
  "eps_ttm": 8405.62055025,
  "earnings_per_share": 8405.62055025,
  "bvps": 37223.442497825,
  "book_value_per_share": 37223.442497825,
  "market_cap": 2792000000000.0,
  "debt_to_equity": 0.1008851327,
  "current_ratio": 8.5994995533,
  "quick_ratio": 0.8630317758,
  "cash_ratio": 0.1816195901,
  "interest_coverage": 0.0,
  "asset_turnover": 0.4240352222,
  "inventory_turnover": 33.229744467,
  "fixed_asset_turnover": 3.0378089274,
  "current_price": 69000.0,
  "working_capital": 1141533575096.0
}