{
  "symbol": "DXP",
  "data_source": "VCI",
  "data_period": "year",
  "last_updated": "2025-11-17T13:57:21.475271",
  "name": "Công ty Cổ phần Cảng Đoạn Xá",
  "exchange": "HNX",
  "sector": "Hàng & Dịch vụ Công nghiệp",
  "shares_outstanding": 59910133.0,
  "charter_capital": 599101330000.0,
  "revenue": 681740913400.0,
  "revenue_ttm": 681740913400.0,
  "net_income": 53783079207.0,
  "net_income_ttm": 53783079207.0,
  "total_assets": 1007102946503.0,
  "total_equity": 862064024874.0,
  "total_liabilities": 145038921629.0,
  "total_debt": 145038921629.0,
  "current_assets": 537734045161.0,
  "current_liabilities": 144988921629.0,
  "cash": 28205454330.0,
  "accounts_receivable": 92157336008.0,
  "fixed_assets": 23292135284.0,
  "ppe": 23292135284.0,
  "depreciation": 3775008606.0,
  "roe": 6.31922071,
  "roa": 5.4007245,
  "roic": 6.0356806899999995,
  "net_profit_margin": 7.889078996120581,
  "net_margin": 7.889078996120581,
  "gross_profit_margin": 11.965536697096812,
  "gross_margin": 11.965536697096812,
  "ebit_margin": 8.451156864073283,
  "pe_ratio": 12.3518786256,
  "pb_ratio": 0.7505584478,
  "ps_ratio": 0.9490840636,
  "ev_ebitda": 11.5871182282,
  "ebitda": 61390002604.0,
  "dividend_per_share": 0.0,
  "eps": 897.7292573695338,
  "eps_ttm": 897.7292573695338,
  "earnings_per_share": 897.7292573695338,
  "bvps": 14389.2857803203,
  "book_value_per_share": 14389.2857803203,
  "market_cap": 647029436400.0,
  "debt_to_equity": 0.1682461133,
  "current_ratio": 3.7087940176,
  "quick_ratio": 0.8301516349,
  "cash_ratio": 0.1945352377,
  "interest_coverage": -23.683160842029316,
  "asset_turnover": 0.6845823837,
  "inventory_turnover": 114.1455119152,
  "fixed_asset_turnover": 41.7688588275,
  "current_price": 10900.0,
  "working_capital": 392745123532.0
}