{
  "symbol": "DXS",
  "data_source": "VCI",
  "data_period": "year",
  "last_updated": "2025-11-17T16:02:21.322987",
  "name": "Công ty Cổ phần Dịch vụ Bất động sản Đất Xanh",
  "exchange": "HSX",
  "sector": "Bất động sản",
  "shares_outstanding": 579103124.0,
  "charter_capital": 5741031240000.0,
  "revenue": 2609745694557.0,
  "revenue_ttm": 2609745694557.0,
  "net_income": 248079309374.0,
  "net_income_ttm": 248079309374.0,
  "total_assets": 15068518802220.0,
  "total_equity": 8316412827479.0,
  "total_liabilities": 6752105974741.0,
  "total_debt": 6752105974741.0,
  "current_assets": 14276268088427.0,
  "current_liabilities": 6313080101657.0,
  "cash": 416086372405.0,
  "accounts_receivable": 9221207827910.0,
  "fixed_assets": 202864473344.0,
  "ppe": 202864473344.0,
  "depreciation": 48639907440.0,
  "roe": 2.36849867,
  "roa": 0.92165704,
  "roic": 4.221916719999999,
  "net_profit_margin": 5.770196254859038,
  "net_margin": 5.770196254859038,
  "gross_profit_margin": 48.31690484167533,
  "gross_margin": 48.31690484167533,
  "ebit_margin": 18.23372281111433,
  "pe_ratio": 42.0160534763,
  "pb_ratio": 0.9535697952,
  "ps_ratio": 2.3516764818,
  "ev_ebitda": 15.2678020809,
  "ebitda": 493157419286.0,
  "dividend_per_share": 0.0,
  "eps": 242.91157123338192,
  "eps_ttm": 242.91157123338192,
  "earnings_per_share": 242.91157123338192,
  "bvps": 10382.0402557058,
  "book_value_per_share": 10382.0402557058,
  "market_cap": 5733120927600.0,
  "debt_to_equity": 0.8119012506,
  "current_ratio": 2.2613792093,
  "quick_ratio": 1.5265597846,
  "cash_ratio": 0.065908616,
  "interest_coverage": -4.542477732419489,
  "asset_turnover": 0.1597271571,
  "inventory_turnover": 0.2961112376,
  "fixed_asset_turnover": 12.124716559,
  "current_price": 10200.0,
  "working_capital": 7963187986770.0
}