{
  "symbol": "DXV",
  "data_source": "VCI",
  "data_period": "year",
  "last_updated": "2025-11-17T16:02:29.126768",
  "name": "Công ty Cổ phần VICEM Vật liệu Xây dựng Đà Nẵng",
  "exchange": "HSX",
  "sector": "Xây dựng và Vật liệu",
  "shares_outstanding": 9900000.0,
  "charter_capital": 99000000000.0,
  "revenue": 182200201728.0,
  "revenue_ttm": 182200201728.0,
  "net_income": -5661351111.0,
  "net_income_ttm": -5661351111.0,
  "total_assets": 124316673801.0,
  "total_equity": 96764522821.0,
  "total_liabilities": 27552150980.0,
  "total_debt": 27552150980.0,
  "current_assets": 115085518985.0,
  "current_liabilities": 27552150980.0,
  "cash": 14066422944.0,
  "accounts_receivable": 68891654219.0,
  "fixed_assets": 8411650150.0,
  "ppe": 8411650150.0,
  "depreciation": 1275689062.0,
  "roe": -5.6843615,
  "roa": -4.4346001699999995,
  "roic": -8.00929203,
  "net_profit_margin": -3.1872455752570383,
  "net_margin": -3.1872455752570383,
  "gross_profit_margin": 4.524509569810578,
  "gross_margin": 4.524509569810578,
  "ebit_margin": -4.3632060723569746,
  "pe_ratio": -6.5751088866,
  "pb_ratio": 0.384686442,
  "ps_ratio": 0.2095648671,
  "ev_ebitda": -3.5767557755,
  "ebitda": -6474464154.0,
  "dividend_per_share": 0.0,
  "eps": -571.8536475757576,
  "eps_ttm": -571.8536475757576,
  "earnings_per_share": -571.8536475757576,
  "bvps": 9774.1942243434,
  "book_value_per_share": 9774.1942243434,
  "market_cap": 37224000000.0,
  "debt_to_equity": 0.2847340138,
  "current_ratio": 4.1770066906,
  "quick_ratio": 3.0109473929,
  "cash_ratio": 0.5105381048,
  "interest_coverage": 0.0,
  "asset_turnover": 1.39135817,
  "inventory_turnover": 5.3246422444,
  "fixed_asset_turnover": 21.537015832,
  "current_price": 3760.0,
  "working_capital": 87533368005.0
}