{
  "symbol": "EBS",
  "data_source": "VCI",
  "data_period": "year",
  "last_updated": "2025-11-17T13:57:29.891451",
  "name": "Công ty Cổ phần Sách Giáo dục tại Thành phố Hà Nội",
  "exchange": "HNX",
  "sector": "Truyền thông",
  "shares_outstanding": 10219484.0,
  "charter_capital": 102194840000.0,
  "revenue": 72619116292.0,
  "revenue_ttm": 72619116292.0,
  "net_income": 15317511613.0,
  "net_income_ttm": 15317511613.0,
  "total_assets": 182255057263.0,
  "total_equity": 154998287622.0,
  "total_liabilities": 27256769641.0,
  "total_debt": 27256769641.0,
  "current_assets": 103231437852.0,
  "current_liabilities": 22754798422.0,
  "cash": 18785212765.0,
  "accounts_receivable": 54182826132.0,
  "fixed_assets": 35338023125.0,
  "ppe": 35338023125.0,
  "depreciation": 2362069757.0,
  "roe": 6.78203438,
  "roa": 5.132306369999999,
  "roic": 5.59341896,
  "net_profit_margin": 12.868816168766164,
  "net_margin": 12.868816168766164,
  "gross_profit_margin": 39.51879134359764,
  "gross_margin": 39.51879134359764,
  "ebit_margin": 12.461086333815503,
  "pe_ratio": 12.7945575804,
  "pb_ratio": 0.8688393311,
  "ps_ratio": 1.6465080946,
  "ev_ebitda": 9.4263707595,
  "ebitda": 11411200533.0,
  "dividend_per_share": 0.0,
  "eps": 914.4513146652023,
  "eps_ttm": 914.4513146652023,
  "earnings_per_share": 914.4513146652023,
  "bvps": 13466.2412033719,
  "book_value_per_share": 13466.2412033719,
  "market_cap": 119567962800.0,
  "debt_to_equity": 0.1758520695,
  "current_ratio": 4.5366887431,
  "quick_ratio": 3.8734095909,
  "cash_ratio": 1.4922491373,
  "interest_coverage": -12.008329352643173,
  "asset_turnover": 0.3988172884,
  "inventory_turnover": 2.6182843852,
  "fixed_asset_turnover": 1.9885265465,
  "current_price": 11700.0,
  "working_capital": 80476639430.0
}