{
  "symbol": "ECI",
  "data_source": "VCI",
  "data_period": "year",
  "last_updated": "2025-11-17T13:57:37.924204",
  "name": "Công ty Cổ phần Tập đoàn ECI",
  "exchange": "HNX",
  "sector": "Truyền thông",
  "shares_outstanding": 1860000.0,
  "charter_capital": 18600000000.0,
  "revenue": 3437781685.0,
  "revenue_ttm": 3437781685.0,
  "net_income": -473666733.0,
  "net_income_ttm": -473666733.0,
  "total_assets": 47874890321.0,
  "total_equity": 34168909417.0,
  "total_liabilities": 13705980904.0,
  "total_debt": 13705980904.0,
  "current_assets": 44493415674.0,
  "current_liabilities": 11374764410.0,
  "cash": 12717780973.0,
  "accounts_receivable": 14102104468.0,
  "fixed_assets": 3343856391.0,
  "ppe": 3343856391.0,
  "depreciation": 980566392.0,
  "roe": -1.54550644,
  "roa": -0.96070997,
  "roic": -19.741583430000002,
  "net_profit_margin": -13.861965670458215,
  "net_margin": -13.861965670458215,
  "gross_profit_margin": 11.14880004371191,
  "gross_margin": 11.14880004371191,
  "ebit_margin": -2.124719324054459,
  "pe_ratio": -34.3472921312,
  "pb_ratio": 0.5337501762,
  "ps_ratio": 4.761209844,
  "ev_ebitda": -1.0248629386,
  "ebitda": -6323754786.0,
  "dividend_per_share": 0.0,
  "eps": -256.206514516129,
  "eps_ttm": -256.206514516129,
  "earnings_per_share": -256.206514516129,
  "bvps": 16487.1139962366,
  "book_value_per_share": 16487.1139962366,
  "market_cap": 16368000000.0,
  "debt_to_equity": 0.4011243302,
  "current_ratio": 3.911590084,
  "quick_ratio": 2.3578409604,
  "cash_ratio": 1.1180698355,
  "interest_coverage": 27.525016839584115,
  "asset_turnover": 0.0693054648,
  "inventory_turnover": 0.7487480576,
  "fixed_asset_turnover": 0.8966240292,
  "current_price": 8800.0,
  "working_capital": 33118651264.0
}