{
  "symbol": "EIB",
  "data_source": "VCI",
  "data_period": "year",
  "last_updated": "2025-11-17T16:02:37.238958",
  "name": "Ngân hàng Thương mại Cổ phần Xuất nhập khẩu Việt Nam",
  "exchange": "HSX",
  "sector": "Ngân hàng",
  "shares_outstanding": 1868810607.0,
  "charter_capital": 18688106070000.0,
  "revenue": 13234075000000.0,
  "revenue_ttm": 13234075000000.0,
  "net_income": 3326804000000.0,
  "net_income_ttm": 3326804000000.0,
  "total_assets": 239767994000000.0,
  "total_equity": 25099406000000.0,
  "total_liabilities": 214668588000000.0,
  "total_debt": 214668588000000.0,
  "cash": 2095973000000.0,
  "fixed_assets": 3775847000000.0,
  "ppe": 3775847000000.0,
  "roe": 13.99451313,
  "roa": 1.50812257,
  "net_profit_margin": 56.16257211710932,
  "net_margin": 56.16257211710932,
  "pe_ratio": 12.8839624045,
  "pb_ratio": 1.5896434485,
  "ps_ratio": 4.6623987013,
  "dividend_per_share": 0.0,
  "eps": 1780.1718376383353,
  "eps_ttm": 1780.1718376383353,
  "earnings_per_share": 1780.1718376383353,
  "bvps": 13430.6847360562,
  "book_value_per_share": 13430.6847360562,
  "market_cap": 39899106310000.0,
  "current_price": 22150.0
}