{
  "symbol": "EID",
  "data_source": "VCI",
  "data_period": "year",
  "last_updated": "2025-11-17T13:57:46.651671",
  "name": "Công ty Cổ phần Đầu tư và Phát triển Giáo dục Hà Nội",
  "exchange": "HNX",
  "sector": "Truyền thông",
  "shares_outstanding": 15000000.0,
  "charter_capital": 150000000000.0,
  "revenue": 1139938529004.0,
  "revenue_ttm": 1139938529004.0,
  "net_income": 75683766746.0,
  "net_income_ttm": 75683766746.0,
  "total_assets": 668414975850.0,
  "total_equity": 460509202651.0,
  "total_liabilities": 207905773199.0,
  "total_debt": 207905773199.0,
  "current_assets": 597231337319.0,
  "current_liabilities": 206609094499.0,
  "cash": 435963730806.0,
  "accounts_receivable": 27389564551.0,
  "fixed_assets": 5922532448.0,
  "ppe": 5922532448.0,
  "depreciation": 4916459276.0,
  "roe": 17.20818553,
  "roa": 11.51527694,
  "roic": 17.60034133,
  "net_profit_margin": 6.638816566945224,
  "net_margin": 6.638816566945224,
  "gross_profit_margin": 25.894223729218297,
  "gross_margin": 25.894223729218297,
  "ebit_margin": 7.462103990381895,
  "pe_ratio": 5.2647904278,
  "pb_ratio": 0.7853654423,
  "ps_ratio": 0.3181211584,
  "ev_ebitda": -0.634327319,
  "ebitda": 89360934768.0,
  "dividend_per_share": 0.0,
  "eps": 5008.519345266666,
  "eps_ttm": 5008.519345266666,
  "earnings_per_share": 5008.519345266666,
  "bvps": 30559.0222188667,
  "book_value_per_share": 30559.0222188667,
  "market_cap": 360000000000.0,
  "debt_to_equity": 0.4514693127,
  "current_ratio": 2.89063431,
  "quick_ratio": 2.2431263081,
  "cash_ratio": 2.1105592271,
  "interest_coverage": -37.17455805657139,
  "asset_turnover": 1.7345375977,
  "inventory_turnover": 7.5259800472,
  "fixed_asset_turnover": 232.4337938222,
  "current_price": 23700.0,
  "working_capital": 390622242820.0
}