{
  "symbol": "ELC",
  "data_source": "VCI",
  "data_period": "year",
  "last_updated": "2025-11-17T16:02:45.226993",
  "name": "Công ty Cổ phần Công nghệ - Viễn thông ELCOM",
  "exchange": "HSX",
  "sector": "Công nghệ Thông tin",
  "shares_outstanding": 110088903.0,
  "charter_capital": 1100889030000.0,
  "revenue": 800145221381.0,
  "revenue_ttm": 800145221381.0,
  "net_income": 99252768162.0,
  "net_income_ttm": 99252768162.0,
  "depreciation": 12492410093.0,
  "roe": 9.45473024,
  "roa": 5.00886965,
  "roic": 8.29415937,
  "net_profit_margin": 11.928794087436197,
  "net_margin": 11.928794087436197,
  "gross_profit_margin": 30.51881234865531,
  "gross_margin": 30.51881234865531,
  "ebit_margin": 13.317544012958638,
  "pe_ratio": 18.8777275069,
  "pb_ratio": 1.6151541905,
  "ps_ratio": 2.1339208595,
  "ev_ebitda": 11.9014253385,
  "ebitda": 119052102118.0,
  "dividend_per_share": 0.0,
  "eps": 1145.9669542507447,
  "eps_ttm": 1145.9669542507447,
  "earnings_per_share": 1145.9669542507447,
  "bvps": 12692.2866685908,
  "book_value_per_share": 12692.2866685908,
  "market_cap": 1707446578500.0,
  "debt_to_equity": 0.593704803,
  "current_ratio": 1.8198126995,
  "quick_ratio": 1.5197635599,
  "cash_ratio": 0.5029605927,
  "interest_coverage": -35.06613271263361,
  "asset_turnover": 0.4198974021,
  "inventory_turnover": 5.9659838811,
  "fixed_asset_turnover": 8.4232768063,
  "current_price": 20750.0
}