{
  "symbol": "EVE",
  "data_source": "VCI",
  "data_period": "year",
  "last_updated": "2025-11-17T16:03:14.336162",
  "name": "Công ty Cổ phần Everpia",
  "exchange": "HSX",
  "sector": "Hàng cá nhân & Gia dụng",
  "shares_outstanding": 41979773.0,
  "charter_capital": 419797730000.0,
  "revenue": 743880737377.0,
  "revenue_ttm": 743880737377.0,
  "net_income": -29093858237.0,
  "net_income_ttm": -29093858237.0,
  "total_assets": 1284187996713.0,
  "total_equity": 948498494718.0,
  "total_liabilities": 335689501995.0,
  "total_debt": 335689501995.0,
  "current_assets": 740856476417.0,
  "current_liabilities": 232635718734.0,
  "cash": 19500426548.0,
  "accounts_receivable": 154559767472.0,
  "fixed_assets": 315335836967.0,
  "ppe": 315335836967.0,
  "depreciation": 38071627052.0,
  "roe": -3.1358306199999997,
  "roa": -2.28677194,
  "roic": -3.2316949999999998,
  "net_profit_margin": -4.07236470623883,
  "net_margin": -4.07236470623883,
  "gross_profit_margin": 31.44664170990653,
  "gross_margin": 31.44664170990653,
  "ebit_margin": -5.117934501967633,
  "pe_ratio": -15.7844497075,
  "pb_ratio": 0.5088672948,
  "ps_ratio": 0.642800359,
  "ev_ebitda": 5040.913751487,
  "ebitda": 135362925.0,
  "dividend_per_share": 0.0,
  "eps": -719.0621282540046,
  "eps_ttm": -719.0621282540046,
  "earnings_per_share": -719.0621282540046,
  "bvps": 22304.4399133125,
  "book_value_per_share": 22304.4399133125,
  "market_cap": 476470423550.0,
  "debt_to_equity": 0.3539167472,
  "current_ratio": 3.1846204893,
  "quick_ratio": 0.7482092387,
  "cash_ratio": 0.0838238713,
  "interest_coverage": 3.3808680680439656,
  "asset_turnover": 0.5615341704,
  "inventory_turnover": 1.5437126651,
  "fixed_asset_turnover": 2.2209453859,
  "current_price": 11250.0,
  "working_capital": 508220757683.0
}