{
  "symbol": "EVF",
  "data_source": "VCI",
  "data_period": "year",
  "last_updated": "2025-11-17T16:03:23.986614",
  "name": "Công ty Tài chính Tổng hợp Cổ phần Điện Lực",
  "exchange": "HSX",
  "sector": "Dịch vụ tài chính",
  "shares_outstanding": 760565802.0,
  "charter_capital": 7605658020000.0,
  "revenue": 4276780000000.0,
  "revenue_ttm": 4276780000000.0,
  "net_income": 560822000000.0,
  "net_income_ttm": 560822000000.0,
  "total_assets": 59598561000000.0,
  "total_equity": 9007188000000.0,
  "total_liabilities": 50591373000000.0,
  "total_debt": 50591373000000.0,
  "cash": 4360000000.0,
  "fixed_assets": 65309000000.0,
  "ppe": 65309000000.0,
  "roe": 6.42282496,
  "roa": 1.03073624,
  "net_profit_margin": 38.829080511100265,
  "net_margin": 38.829080511100265,
  "pe_ratio": 17.126795435,
  "pb_ratio": 1.0343884296,
  "ps_ratio": 6.2026656614,
  "dividend_per_share": 0.0,
  "eps": 737.3747281300316,
  "eps_ttm": 737.3747281300316,
  "earnings_per_share": 737.3747281300316,
  "bvps": 11842.7465447434,
  "book_value_per_share": 11842.7465447434,
  "market_cap": 9316931050000.0,
  "current_price": 12450.0
}