{
  "symbol": "EVG",
  "data_source": "VCI",
  "data_period": "year",
  "last_updated": "2025-11-17T16:03:31.942465",
  "name": "Công ty Cổ phần Tập đoàn Everland",
  "exchange": "HSX",
  "sector": "Xây dựng và Vật liệu",
  "shares_outstanding": 215249836.0,
  "charter_capital": 2152498360000.0,
  "revenue": 1192875784911.0,
  "revenue_ttm": 1192875784911.0,
  "net_income": 33747100605.0,
  "net_income_ttm": 33747100605.0,
  "total_assets": 4858702923298.0,
  "total_equity": 2812691336629.0,
  "total_liabilities": 2046011586669.0,
  "total_debt": 2046011586669.0,
  "current_assets": 4227992529494.0,
  "current_liabilities": 1041400435843.0,
  "cash": 464198442713.0,
  "accounts_receivable": 2021359430626.0,
  "fixed_assets": 934155684.0,
  "ppe": 934155684.0,
  "depreciation": 331173002.0,
  "roe": 1.3862913,
  "roa": 0.74254304,
  "roic": 1.10730601,
  "net_profit_margin": 2.633431417797369,
  "net_margin": 2.633431417797369,
  "gross_profit_margin": 4.920297360969673,
  "gross_margin": 4.920297360969673,
  "ebit_margin": 3.661881567954016,
  "pe_ratio": 57.2314385543,
  "pb_ratio": 0.766189126,
  "ps_ratio": 1.4546075084,
  "ev_ebitda": 54.5899244789,
  "ebitda": 44006517610.0,
  "dividend_per_share": 0.0,
  "eps": 145.91879324358695,
  "eps_ttm": 145.91879324358695,
  "earnings_per_share": 145.91879324358695,
  "bvps": 10519.5959153669,
  "book_value_per_share": 10519.5959153669,
  "market_cap": 1734913678160.0,
  "debt_to_equity": 0.7274212993,
  "current_ratio": 4.0599104667,
  "quick_ratio": 2.3867455666,
  "cash_ratio": 0.4457444291,
  "interest_coverage": -2.5699689151475655,
  "asset_turnover": 0.2819678683,
  "inventory_turnover": 0.9310683195,
  "fixed_asset_turnover": 1234.6594751407,
  "current_price": 8250.0,
  "working_capital": 3186592093651.0
}