{
  "symbol": "EVS",
  "data_source": "VCI",
  "data_period": "year",
  "last_updated": "2025-11-17T13:59:13.785592",
  "name": "Công ty Cổ phần Chứng khoán EVS",
  "exchange": "HNX",
  "sector": "Dịch vụ tài chính",
  "shares_outstanding": 164800618.0,
  "charter_capital": 1648006180000.0,
  "revenue": 251595463296.0,
  "revenue_ttm": 251595463296.0,
  "net_income": 17177035087.0,
  "net_income_ttm": 17177035087.0,
  "total_assets": 2466957188296.0,
  "total_equity": 1967562290170.0,
  "total_liabilities": 499394898126.0,
  "total_debt": 499394898126.0,
  "current_assets": 2409371761105.0,
  "current_liabilities": 499394898126.0,
  "cash": 108953346950.0,
  "accounts_receivable": 1236070729885.0,
  "fixed_assets": 25929153951.0,
  "ppe": 25929153951.0,
  "depreciation": 5741815434.0,
  "roe": 0.87646583,
  "roa": 0.71222967,
  "roic": 1.82153596,
  "net_profit_margin": 6.827243568693192,
  "net_margin": 6.827243568693192,
  "gross_profit_margin": 43.02159640480324,
  "gross_margin": 43.02159640480324,
  "ebit_margin": 17.584171466935732,
  "pe_ratio": 61.6051278065,
  "pb_ratio": 0.5109285611,
  "ps_ratio": 3.9956355199,
  "ev_ebitda": 27.1601740194,
  "ebitda": 49982793103.0,
  "dividend_per_share": 0.0,
  "eps": 104.22919097912606,
  "eps_ttm": 104.22919097912606,
  "earnings_per_share": 104.22919097912606,
  "bvps": 11939.0467951401,
  "book_value_per_share": 11939.0467951401,
  "market_cap": 1005283769800.0,
  "debt_to_equity": 0.2538140219,
  "current_ratio": 4.8245822497,
  "quick_ratio": 4.3471403607,
  "cash_ratio": 1.872003481,
  "interest_coverage": -1.3363619981914954,
  "asset_turnover": 0.1043217022,
  "fixed_asset_turnover": 9.720962266,
  "current_price": 6200.0,
  "working_capital": 1909976862979.0
}