{
  "symbol": "FCM",
  "data_source": "VCI",
  "data_period": "year",
  "last_updated": "2025-11-17T16:03:40.016051",
  "name": "Công ty Cổ phần Bê tông Phan Vũ Hà Nam",
  "exchange": "HSX",
  "sector": "Xây dựng và Vật liệu",
  "shares_outstanding": 46226626.0,
  "charter_capital": 462266260000.0,
  "revenue": 469074237334.0,
  "revenue_ttm": 469074237334.0,
  "net_income": 1005253302.0,
  "net_income_ttm": 1005253302.0,
  "total_assets": 631739686153.0,
  "total_equity": 535035968675.0,
  "total_liabilities": 96703717478.0,
  "total_debt": 96703717478.0,
  "current_assets": 557644884476.0,
  "current_liabilities": 96416717478.0,
  "cash": 31633185640.0,
  "accounts_receivable": 425165874125.0,
  "fixed_assets": 23198641742.0,
  "ppe": 23198641742.0,
  "depreciation": 15806195632.0,
  "roe": 0.28740759,
  "roa": 0.21392698999999998,
  "roic": 4.53834916,
  "net_profit_margin": 0.3282053168705137,
  "net_margin": 0.3282053168705137,
  "gross_profit_margin": 10.370392129713764,
  "gross_margin": 10.370392129713764,
  "ebit_margin": 5.17653677656792,
  "pe_ratio": 118.5379436677,
  "pb_ratio": 0.3188240049,
  "ps_ratio": 0.3636444647,
  "ev_ebitda": 3.4659518568,
  "ebitda": 40087996037.0,
  "dividend_per_share": 0.0,
  "eps": 33.30389258779129,
  "eps_ttm": 33.30389258779129,
  "earnings_per_share": 33.30389258779129,
  "bvps": 11573.7834769511,
  "book_value_per_share": 11573.7834769511,
  "market_cap": 170576249940.0,
  "debt_to_equity": 0.1807424606,
  "current_ratio": 5.783694976,
  "quick_ratio": 4.7377578465,
  "cash_ratio": 0.3280881829,
  "interest_coverage": -9.676352076537936,
  "asset_turnover": 0.6518084304,
  "inventory_turnover": 4.2660373399,
  "fixed_asset_turnover": 9.5356429981,
  "current_price": 3690.0,
  "working_capital": 461228166998.0
}