{
  "symbol": "FCN",
  "data_source": "VCI",
  "data_period": "year",
  "last_updated": "2025-11-17T16:05:13.232306",
  "name": "Công ty Cổ phần FECON",
  "exchange": "HSX",
  "sector": "Xây dựng và Vật liệu",
  "shares_outstanding": 157439005.0,
  "charter_capital": 1574390050000.0,
  "revenue": 3374697356483.0,
  "revenue_ttm": 3374697356483.0,
  "net_income": 30070564322.0,
  "net_income_ttm": 30070564322.0,
  "total_assets": 9706061959679.0,
  "total_equity": 3368024238639.0,
  "total_liabilities": 6338037721040.0,
  "total_debt": 6338037721040.0,
  "current_assets": 6369718313734.0,
  "current_liabilities": 4808696076470.0,
  "cash": 472986710028.0,
  "accounts_receivable": 4076944199950.0,
  "fixed_assets": 1581842338957.0,
  "ppe": 1581842338957.0,
  "depreciation": 168033461924.0,
  "roe": 0.37016404,
  "roa": 0.10136982,
  "roic": 2.80284435,
  "net_profit_margin": 0.2746619297636769,
  "net_margin": 0.2746619297636769,
  "gross_profit_margin": 13.060199894853008,
  "gross_margin": 13.060199894853008,
  "ebit_margin": 6.029444711334221,
  "pe_ratio": 277.1833175731,
  "pb_ratio": 0.9512987099,
  "ps_ratio": 0.7067895796,
  "ev_ebitda": 15.622228149,
  "ebitda": 371508973208.0,
  "dividend_per_share": 0.0,
  "eps": 58.87365003989958,
  "eps_ttm": 58.87365003989958,
  "earnings_per_share": 58.87365003989958,
  "bvps": 15925.5971258075,
  "book_value_per_share": 15925.5971258075,
  "market_cap": 2385200925750.0,
  "debt_to_equity": 1.8818266354,
  "current_ratio": 1.3246248489,
  "quick_ratio": 0.9461880804,
  "cash_ratio": 0.0983606996,
  "interest_coverage": -0.9483445728898392,
  "asset_turnover": 0.3690712272,
  "inventory_turnover": 1.744564844,
  "fixed_asset_turnover": 2.046437952,
  "current_price": 15600.0,
  "working_capital": 1561022237264.0
}