{
  "symbol": "FDC",
  "data_source": "VCI",
  "data_period": "year",
  "last_updated": "2025-11-17T16:05:21.991621",
  "name": "Công ty Cổ phần Ngoại thương và Phát triển Đầu tư Thành phố Hồ Chí Minh",
  "exchange": "HSX",
  "sector": "Bất động sản",
  "shares_outstanding": 38629988.0,
  "charter_capital": 386299880000.0,
  "revenue": 28938468889.0,
  "revenue_ttm": 28938468889.0,
  "net_income": 5062047483.0,
  "net_income_ttm": 5062047483.0,
  "total_assets": 821000271972.0,
  "total_equity": 450742905452.0,
  "total_liabilities": 370257366520.0,
  "total_debt": 370257366520.0,
  "current_assets": 104078112874.0,
  "current_liabilities": 59482753230.0,
  "cash": 35590809394.0,
  "accounts_receivable": 37870197272.0,
  "fixed_assets": 214950017.0,
  "ppe": 214950017.0,
  "depreciation": 2362175300.0,
  "roe": 1.12938717,
  "roa": 0.67932234,
  "roic": 1.6174099599999998,
  "net_profit_margin": 17.49245097388055,
  "net_margin": 17.49245097388055,
  "gross_profit_margin": 70.22391436101387,
  "gross_margin": 70.22391436101387,
  "ebit_margin": 31.31734415446184,
  "pe_ratio": 120.5744933152,
  "pb_ratio": 1.3541063054,
  "ps_ratio": 21.0914341302,
  "ev_ebitda": 59.8992948451,
  "ebitda": 11424935195.0,
  "dividend_per_share": 0.0,
  "eps": 131.03932320662383,
  "eps_ttm": 131.03932320662383,
  "earnings_per_share": 131.03932320662383,
  "bvps": 11668.2124118703,
  "book_value_per_share": 11668.2124118703,
  "market_cap": 610353810400.0,
  "debt_to_equity": 0.8214380349,
  "current_ratio": 1.7497191576,
  "quick_ratio": 1.2349967457,
  "cash_ratio": 0.5983382991,
  "interest_coverage": -2.766411844854802,
  "asset_turnover": 0.0388351719,
  "inventory_turnover": 0.0,
  "fixed_asset_turnover": 244.632758516,
  "current_price": 15800.0,
  "working_capital": 44595359644.0
}