{
  "symbol": "FID",
  "data_source": "VCI",
  "data_period": "year",
  "last_updated": "2025-11-17T13:59:22.034384",
  "name": "Công ty Cổ phần Đầu tư và Phát triển Doanh nghiệp Việt Nam",
  "exchange": "HNX",
  "sector": "Xây dựng và Vật liệu",
  "shares_outstanding": 24715958.0,
  "charter_capital": 247159580000.0,
  "revenue": 56128696800.0,
  "revenue_ttm": 56128696800.0,
  "net_income": 7949790294.0,
  "net_income_ttm": 7949790294.0,
  "total_assets": 361271893813.0,
  "total_equity": 255433507709.0,
  "total_liabilities": 105838386104.0,
  "total_debt": 105838386104.0,
  "current_assets": 56578310617.0,
  "current_liabilities": 105838386104.0,
  "cash": 20747358793.0,
  "accounts_receivable": 34141130003.0,
  "fixed_assets": 39443137355.0,
  "ppe": 39443137355.0,
  "depreciation": 11525911376.0,
  "roe": 1.92960689,
  "roa": 1.3017378499999999,
  "roic": 4.952530680000001,
  "net_profit_margin": 7.7626612791765375,
  "net_margin": 7.7626612791765375,
  "gross_profit_margin": 2.486051577096299,
  "gross_margin": 2.486051577096299,
  "ebit_margin": 25.796046579510108,
  "pe_ratio": 8.5088939804,
  "pb_ratio": 0.1649237079,
  "ps_ratio": 0.6605166183,
  "ev_ebitda": 2.0476277585,
  "ebitda": 26004896147.0,
  "dividend_per_share": 0.0,
  "eps": 176.28613113034098,
  "eps_ttm": 176.28613113034098,
  "earnings_per_share": 176.28613113034098,
  "bvps": 9095.1144577119,
  "book_value_per_share": 9095.1144577119,
  "market_cap": 37073937000.0,
  "debt_to_equity": 0.4143480902,
  "current_ratio": 0.5345726886,
  "quick_ratio": 0.5186066305,
  "cash_ratio": 0.1960286769,
  "interest_coverage": -2.7655704112488992,
  "asset_turnover": 0.1676922138,
  "inventory_turnover": 0.0,
  "fixed_asset_turnover": 1.356699153,
  "current_price": 1500.0,
  "working_capital": -49260075487.0
}