{
  "symbol": "FIR",
  "data_source": "VCI",
  "data_period": "year",
  "last_updated": "2025-11-17T16:05:32.664875",
  "name": "Công ty Cổ phần Địa ốc First Real",
  "exchange": "HSX",
  "sector": "Bất động sản",
  "shares_outstanding": 70669620.0,
  "charter_capital": 706696200000.0,
  "revenue": 69910645359.0,
  "revenue_ttm": 69910645359.0,
  "net_income": -22401476763.0,
  "net_income_ttm": -22401476763.0,
  "total_assets": 1227444480138.0,
  "total_equity": 728751890329.0,
  "total_liabilities": 498692589809.0,
  "total_debt": 498692589809.0,
  "current_assets": 752967908916.0,
  "current_liabilities": 428492419630.0,
  "cash": 5324815286.0,
  "accounts_receivable": 478752358250.0,
  "fixed_assets": 1388534532.0,
  "ppe": 1388534532.0,
  "depreciation": 1026440677.0,
  "roe": -3.02764284,
  "roa": -1.7446956,
  "roic": 2.29683794,
  "net_profit_margin": -32.041074879186915,
  "net_margin": -32.041074879186915,
  "gross_profit_margin": 64.92775652393044,
  "gross_margin": 64.92775652393044,
  "ebit_margin": 31.308726114029806,
  "pe_ratio": -20.7361985306,
  "pb_ratio": 0.6374681587,
  "ps_ratio": 6.6441008983,
  "ev_ebitda": 29.8231503474,
  "ebitda": 22914573157.0,
  "dividend_per_share": 0.0,
  "eps": -348.665643286703,
  "eps_ttm": -348.665643286703,
  "earnings_per_share": -348.665643286703,
  "bvps": 11341.7429572921,
  "book_value_per_share": 11341.7429572921,
  "market_cap": 464493381630.0,
  "debt_to_equity": 0.6843105266,
  "current_ratio": 1.757249077,
  "quick_ratio": 1.1297216738,
  "cash_ratio": 0.0124268599,
  "interest_coverage": -0.5667220828286021,
  "asset_turnover": 0.0544518436,
  "inventory_turnover": 0.0881881629,
  "fixed_asset_turnover": 42.7959211154,
  "current_price": 7230.0,
  "working_capital": 324475489286.0
}