{
  "symbol": "FIT",
  "data_source": "VCI",
  "data_period": "year",
  "last_updated": "2025-11-17T16:05:41.342938",
  "name": "Công ty Cổ phần Tập đoàn F.I.T",
  "exchange": "HSX",
  "sector": "Y tế",
  "shares_outstanding": 339933034.0,
  "charter_capital": 3399330340000.0,
  "revenue": 1984757327393.0,
  "revenue_ttm": 1984757327393.0,
  "net_income": 176503302953.0,
  "net_income_ttm": 176503302953.0,
  "total_assets": 7747808012890.0,
  "total_equity": 5940875048404.0,
  "total_liabilities": 1806932964486.0,
  "total_debt": 1806932964486.0,
  "current_assets": 5351692520963.0,
  "current_liabilities": 1366296163491.0,
  "cash": 101436456286.0,
  "accounts_receivable": 3861942225341.0,
  "fixed_assets": 663653481221.0,
  "ppe": 663653481221.0,
  "depreciation": 141768253706.0,
  "roe": 3.15241854,
  "roa": 1.54193282,
  "roic": 0.53586064,
  "net_profit_margin": 6.10462920131981,
  "net_margin": 6.10462920131981,
  "gross_profit_margin": 20.108610570437044,
  "gross_margin": 20.108610570437044,
  "ebit_margin": 2.0116447175723717,
  "pe_ratio": 13.2252382489,
  "pb_ratio": 0.4113521643,
  "ps_ratio": 0.8073517561,
  "ev_ebitda": 15.8453331659,
  "ebitda": 181068913174.0,
  "dividend_per_share": 0.0,
  "eps": 350.8443411504397,
  "eps_ttm": 350.8443411504397,
  "earnings_per_share": 350.8443411504397,
  "bvps": 11279.8725836189,
  "book_value_per_share": 11279.8725836189,
  "market_cap": 1577289277760.0,
  "debt_to_equity": 0.3041526627,
  "current_ratio": 3.9169344568,
  "quick_ratio": 3.0420920388,
  "cash_ratio": 0.2155143695,
  "interest_coverage": -0.781621795699576,
  "asset_turnover": 0.2525841897,
  "inventory_turnover": 3.6379147481,
  "fixed_asset_turnover": 3.0404918349,
  "current_price": 4640.0,
  "working_capital": 3985396357472.0
}