{
  "symbol": "FMC",
  "data_source": "VCI",
  "data_period": "year",
  "last_updated": "2025-11-17T16:05:50.565574",
  "name": "Công ty Cổ phần Thực phẩm Sao Ta",
  "exchange": "HSX",
  "sector": "Thực phẩm và đồ uống",
  "shares_outstanding": 65388889.0,
  "charter_capital": 653888890000.0,
  "revenue": 6920256745568.0,
  "revenue_ttm": 6920256745568.0,
  "net_income": 422616028545.0,
  "net_income_ttm": 422616028545.0,
  "total_assets": 3774888902983.0,
  "total_equity": 2465903411968.0,
  "total_liabilities": 1308985491015.0,
  "total_debt": 1308985491015.0,
  "current_assets": 2641239437985.0,
  "current_liabilities": 1297239673765.0,
  "cash": 1077460582378.0,
  "accounts_receivable": 370481462814.0,
  "fixed_assets": 768061167034.0,
  "ppe": 768061167034.0,
  "depreciation": 183806166364.0,
  "roe": 14.5695232,
  "roa": 8.573759189999999,
  "roic": 10.78616594,
  "net_profit_margin": 4.422351555722242,
  "net_margin": 4.422351555722242,
  "gross_profit_margin": 10.874025610738988,
  "gross_margin": 10.874025610738988,
  "ebit_margin": 5.254480616594999,
  "pe_ratio": 7.8500759039,
  "pb_ratio": 1.1070587673,
  "ps_ratio": 0.3471579539,
  "ev_ebitda": 4.0654045778,
  "ebitda": 547028627700.0,
  "dividend_per_share": 0.0,
  "eps": 4675.114030672704,
  "eps_ttm": 4675.114030672704,
  "earnings_per_share": 4675.114030672704,
  "bvps": 33150.9049790554,
  "book_value_per_share": 33150.9049790554,
  "market_cap": 2399772226300.0,
  "debt_to_equity": 0.5308340483,
  "current_ratio": 2.0360458375,
  "quick_ratio": 1.1161715714,
  "cash_ratio": 0.830579425,
  "interest_coverage": -15.661497875052994,
  "asset_turnover": 1.9387330654,
  "inventory_turnover": 6.1554808218,
  "fixed_asset_turnover": 8.5529180563,
  "current_price": 36700.0,
  "working_capital": 1343999764220.0
}