{
  "symbol": "FTS",
  "data_source": "VCI",
  "data_period": "year",
  "last_updated": "2025-11-17T16:07:32.876554",
  "name": "Công ty Cổ phần Chứng khoán FPT",
  "exchange": "HSX",
  "sector": "Dịch vụ tài chính",
  "shares_outstanding": 346498009.0,
  "charter_capital": 3464980090000.0,
  "revenue": 1147748531060.0,
  "revenue_ttm": 1147748531060.0,
  "net_income": 567317494337.0,
  "net_income_ttm": 567317494337.0,
  "total_assets": 9759561100433.0,
  "total_equity": 4117969099891.0,
  "total_liabilities": 5641592000542.0,
  "total_debt": 5641592000542.0,
  "current_assets": 9580161791615.0,
  "current_liabilities": 5641592000542.0,
  "cash": 565564523996.0,
  "accounts_receivable": 37750050074.0,
  "fixed_assets": 142596719735.0,
  "ppe": 142596719735.0,
  "depreciation": 19145813755.0,
  "roe": 14.6179966,
  "roa": 6.30554401,
  "roic": 6.79958923,
  "net_profit_margin": 49.42872754653456,
  "net_margin": 49.42872754653456,
  "gross_profit_margin": 64.66432086491614,
  "gross_margin": 64.66432086491614,
  "ebit_margin": 56.83701233357517,
  "pe_ratio": 19.6133393872,
  "pb_ratio": 2.5035356954,
  "ps_ratio": 8.9823531507,
  "ev_ebitda": 22.6657301999,
  "ebitda": 671491787912.0,
  "dividend_per_share": 0.0,
  "eps": 1854.4674100069885,
  "eps_ttm": 1854.4674100069885,
  "earnings_per_share": 1854.4674100069885,
  "bvps": 13460.9624546979,
  "book_value_per_share": 13460.9624546979,
  "market_cap": 10309482634200.0,
  "debt_to_equity": 1.3699937672,
  "current_ratio": 1.698130916,
  "quick_ratio": 0.4462126468,
  "cash_ratio": 0.4395212643,
  "interest_coverage": 0.0,
  "asset_turnover": 0.1275684065,
  "inventory_turnover": 0.0,
  "fixed_asset_turnover": 7.7007171999,
  "current_price": 34100.0,
  "working_capital": 3938569791073.0
}