{
  "symbol": "GDT",
  "data_source": "VCI",
  "data_period": "year",
  "last_updated": "2025-11-17T16:07:50.833995",
  "name": "Công ty Cổ phần Chế biến Gỗ Đức Thành",
  "exchange": "HSX",
  "sector": "Hàng cá nhân & Gia dụng",
  "shares_outstanding": 24957501.0,
  "charter_capital": 249307010000.0,
  "revenue": 336789909965.0,
  "revenue_ttm": 336789909965.0,
  "net_income": 54893926778.0,
  "net_income_ttm": 54893926778.0,
  "depreciation": 18013636512.0,
  "roe": 18.62089872,
  "roa": 11.72698038,
  "roic": 15.90775797,
  "net_profit_margin": 16.35515085599755,
  "net_margin": 16.35515085599755,
  "gross_profit_margin": 37.5948207711224,
  "gross_margin": 37.5948207711224,
  "ebit_margin": 21.25557367680777,
  "pe_ratio": 9.6428031106,
  "pb_ratio": 1.6794073713,
  "ps_ratio": 1.4907790813,
  "ev_ebitda": 7.2264656801,
  "ebitda": 89355192167.0,
  "dividend_per_share": 0.0,
  "eps": 2298.398298796113,
  "eps_ttm": 2298.398298796113,
  "earnings_per_share": 2298.398298796113,
  "bvps": 12474.6385887998,
  "book_value_per_share": 12474.6385887998,
  "market_cap": 500360519150.0,
  "debt_to_equity": 0.7697979037,
  "current_ratio": 1.6079254807,
  "quick_ratio": 0.6825403915,
  "cash_ratio": 0.0361029304,
  "interest_coverage": -11.866841535551274,
  "asset_turnover": 0.7170206184,
  "inventory_turnover": 2.5361362519,
  "fixed_asset_turnover": 3.1763906412,
  "current_price": 20950.0
}