{
  "symbol": "GDW",
  "data_source": "VCI",
  "data_period": "year",
  "last_updated": "2025-11-17T13:59:30.202386",
  "name": "Công ty Cổ phần Cấp nước Gia Định",
  "exchange": "HNX",
  "sector": "Điện, nước & xăng dầu khí đốt",
  "shares_outstanding": 9500000.0,
  "charter_capital": 95000000000.0,
  "revenue": 672772673551.0,
  "revenue_ttm": 672772673551.0,
  "net_income": 39893912383.0,
  "net_income_ttm": 39893912383.0,
  "total_assets": 294384930386.0,
  "total_equity": 188271531821.0,
  "total_liabilities": 106113398565.0,
  "total_debt": 106113398565.0,
  "current_assets": 125231925443.0,
  "current_liabilities": 102030172537.0,
  "cash": 58519180687.0,
  "accounts_receivable": 13902055134.0,
  "fixed_assets": 158719059374.0,
  "ppe": 158719059374.0,
  "depreciation": 34259441460.0,
  "roe": 21.92810694,
  "roa": 13.28017249,
  "roic": 20.25822302,
  "net_profit_margin": 5.9336949823297305,
  "net_margin": 5.9336949823297305,
  "gross_profit_margin": 39.062305637389905,
  "gross_margin": 39.062305637389905,
  "ebit_margin": 5.9262914720539195,
  "pe_ratio": 13.162530888,
  "pb_ratio": 1.8720302352,
  "ps_ratio": 0.5242230385,
  "ev_ebitda": 4.0799728755,
  "ebitda": 74103577946.0,
  "dividend_per_share": 0.0,
  "eps": 4199.359198210526,
  "eps_ttm": 4199.359198210526,
  "earnings_per_share": 4199.359198210526,
  "bvps": 19818.0559811579,
  "book_value_per_share": 19818.0559811579,
  "market_cap": 352450000000.0,
  "debt_to_equity": 0.563618926,
  "current_ratio": 1.2274008985,
  "quick_ratio": 0.7098021499,
  "cash_ratio": 0.573547797,
  "interest_coverage": -51.31779890940288,
  "asset_turnover": 2.2380949023,
  "inventory_turnover": 12.7368477375,
  "fixed_asset_turnover": 4.3278834422,
  "current_price": 37100.0,
  "working_capital": 23201752906.0
}