{
  "symbol": "GEE",
  "data_source": "VCI",
  "data_period": "year",
  "last_updated": "2025-11-17T16:09:14.714727",
  "name": "Công ty Cổ phần Điện lực Gelex",
  "exchange": "HSX",
  "sector": "Hàng & Dịch vụ Công nghiệp",
  "shares_outstanding": 365999956.0,
  "charter_capital": 3659999560000.0,
  "revenue": 21351265987360.0,
  "revenue_ttm": 21351265987360.0,
  "net_income": 1714575846387.0,
  "net_income_ttm": 1714575846387.0,
  "total_assets": 12903267306413.0,
  "total_equity": 6953437285925.0,
  "total_liabilities": 5949830020488.0,
  "total_debt": 5949830020488.0,
  "current_assets": 6860778186670.0,
  "current_liabilities": 5380609149671.0,
  "cash": 691648524113.0,
  "accounts_receivable": 2252910212253.0,
  "fixed_assets": 2452872283273.0,
  "ppe": 2452872283273.0,
  "depreciation": 399031377531.0,
  "roe": 26.84681778,
  "roa": 11.92986345,
  "roic": 21.16627003,
  "net_profit_margin": 7.516625940897162,
  "net_margin": 7.516625940897162,
  "gross_profit_margin": 14.50078437162767,
  "gross_margin": 14.50078437162767,
  "ebit_margin": 10.395955060434511,
  "pe_ratio": 32.8666803087,
  "pb_ratio": 8.1594819983,
  "ps_ratio": 2.470465418,
  "ev_ebitda": 21.1633746231,
  "ebitda": 2595657366308.0,
  "dividend_per_share": 0.0,
  "eps": 5294.115449616666,
  "eps_ttm": 5294.115449616666,
  "earnings_per_share": 5294.115449616666,
  "bvps": 21324.8831280733,
  "book_value_per_share": 21324.8831280733,
  "market_cap": 52200000000000.0,
  "debt_to_equity": 0.85566746,
  "current_ratio": 1.2750932089,
  "quick_ratio": 0.5472537875,
  "cash_ratio": 0.1285446508,
  "interest_coverage": -8.157045170812589,
  "asset_turnover": 1.587130122,
  "inventory_turnover": 5.2664412283,
  "fixed_asset_turnover": 7.146391801,
  "current_price": 171000.0,
  "working_capital": 1480169036999.0
}