{
  "symbol": "GEG",
  "data_source": "VCI",
  "data_period": "year",
  "last_updated": "2025-11-17T16:09:23.406047",
  "name": "Công ty Cổ phần Điện Gia Lai",
  "exchange": "HSX",
  "sector": "Điện, nước & xăng dầu khí đốt",
  "shares_outstanding": 358308371.0,
  "charter_capital": 4225083710000.0,
  "revenue": 2325314422750.0,
  "revenue_ttm": 2325314422750.0,
  "net_income": 92073390082.0,
  "net_income_ttm": 92073390082.0,
  "total_assets": 15173556340436.0,
  "total_equity": 5764489022478.0,
  "total_liabilities": 9409067317958.0,
  "total_debt": 9409067317958.0,
  "current_assets": 1381711542204.0,
  "current_liabilities": 785159808730.0,
  "cash": 163717707072.0,
  "accounts_receivable": 823295838075.0,
  "fixed_assets": 13296243774856.0,
  "ppe": 13296243774856.0,
  "depreciation": 804297740099.0,
  "roe": 2.61702046,
  "roa": 0.73355456,
  "roic": 6.26888203,
  "net_profit_margin": 4.937957096107724,
  "net_margin": 4.937957096107724,
  "gross_profit_margin": 46.15219413944092,
  "gross_margin": 46.15219413944092,
  "ebit_margin": 40.32439499536923,
  "pe_ratio": 57.5681470346,
  "pb_ratio": 1.4417670802,
  "ps_ratio": 2.7436618204,
  "ev_ebitda": 8.8458548574,
  "ebitda": 1741966712813.0,
  "dividend_per_share": 0.0,
  "eps": 271.76509727661704,
  "eps_ttm": 271.76509727661704,
  "earnings_per_share": 271.76509727661704,
  "bvps": 10473.25896663,
  "book_value_per_share": 10473.25896663,
  "market_cap": 6379876402100.0,
  "debt_to_equity": 1.6322465497,
  "current_ratio": 1.7597838387,
  "quick_ratio": 1.2570861806,
  "cash_ratio": 0.2085151395,
  "interest_coverage": -1.1933805656832632,
  "asset_turnover": 0.1485542597,
  "inventory_turnover": 8.8744721388,
  "fixed_asset_turnover": 0.1699540244,
  "current_price": 15150.0,
  "working_capital": 596551733474.0
}