{
  "symbol": "GIC",
  "data_source": "VCI",
  "data_period": "year",
  "last_updated": "2025-11-17T13:59:38.191695",
  "name": "Công ty Cổ phần VSC Green Logistics",
  "exchange": "HNX",
  "sector": "Hàng & Dịch vụ Công nghiệp",
  "shares_outstanding": 12120000.0,
  "charter_capital": 121200000000.0,
  "revenue": 159342953965.0,
  "revenue_ttm": 159342953965.0,
  "net_income": 16238924768.0,
  "net_income_ttm": 16238924768.0,
  "total_assets": 262562040922.0,
  "total_equity": 242364263642.0,
  "total_liabilities": 20197777280.0,
  "total_debt": 20197777280.0,
  "current_assets": 54068820897.0,
  "current_liabilities": 19543015338.0,
  "cash": 33445666939.0,
  "accounts_receivable": 17883341171.0,
  "fixed_assets": 29749493225.0,
  "ppe": 29749493225.0,
  "depreciation": 14382709207.0,
  "roe": 6.69646931,
  "roa": 6.12802366,
  "roic": 7.62435626,
  "net_profit_margin": 10.191178438656856,
  "net_margin": 10.191178438656856,
  "gross_profit_margin": 40.82965081800252,
  "gross_margin": 40.82965081800252,
  "ebit_margin": 11.596819590189652,
  "pe_ratio": 12.8025902438,
  "pb_ratio": 0.7701135357,
  "ps_ratio": 1.171360235,
  "ev_ebitda": 4.6620722388,
  "ebitda": 32861424108.0,
  "dividend_per_share": 0.0,
  "eps": 1339.8452778877888,
  "eps_ttm": 1339.8452778877888,
  "earnings_per_share": 1339.8452778877888,
  "bvps": 19997.0514556106,
  "book_value_per_share": 19997.0514556106,
  "market_cap": 186648000000.0,
  "debt_to_equity": 0.0833364498,
  "current_ratio": 2.7666570364,
  "quick_ratio": 2.6264630725,
  "cash_ratio": 1.7113872328,
  "interest_coverage": 0.0,
  "asset_turnover": 0.6013066788,
  "inventory_turnover": 34.0043487816,
  "fixed_asset_turnover": 4.3329861846,
  "current_price": 15400.0,
  "working_capital": 34525805559.0
}