{
  "symbol": "GIL",
  "data_source": "VCI",
  "data_period": "year",
  "last_updated": "2025-11-17T16:09:39.667988",
  "name": "Công ty Cổ phần Sản xuất Kinh doanh Xuất nhập khẩu Bình Thạnh",
  "exchange": "HSX",
  "sector": "Hàng cá nhân & Gia dụng",
  "shares_outstanding": 101600066.0,
  "charter_capital": 1016000660000.0,
  "revenue": 711479404991.0,
  "revenue_ttm": 711479404991.0,
  "net_income": 27630802360.0,
  "net_income_ttm": 27630802360.0,
  "total_assets": 3262218779672.0,
  "total_equity": 2560824610095.0,
  "total_liabilities": 701394169577.0,
  "total_debt": 701394169577.0,
  "current_assets": 2771023974593.0,
  "current_liabilities": 432012612113.0,
  "cash": 484495567200.0,
  "accounts_receivable": 271717592834.0,
  "fixed_assets": 238075304674.0,
  "ppe": 238075304674.0,
  "depreciation": 28184699980.0,
  "roe": 1.05617622,
  "roa": 0.78760158,
  "roic": -0.98708776,
  "net_profit_margin": 3.6668229851315783,
  "net_margin": 3.6668229851315783,
  "gross_profit_margin": 20.56432914681994,
  "gross_margin": 20.56432914681994,
  "ebit_margin": -4.032643343975435,
  "pe_ratio": 60.413213289,
  "pb_ratio": 0.6360484193,
  "ps_ratio": 2.2152455909,
  "ev_ebitda": -2968.1277296057,
  "ebitda": -483050853.0,
  "dividend_per_share": 0.0,
  "eps": 256.5663893072668,
  "eps_ttm": 256.5663893072668,
  "earnings_per_share": 256.5663893072668,
  "bvps": 24369.2139288473,
  "book_value_per_share": 24369.2139288473,
  "market_cap": 1574801023000.0,
  "debt_to_equity": 0.2738938726,
  "current_ratio": 6.4142200873,
  "quick_ratio": 1.8987203802,
  "cash_ratio": 1.2697628331,
  "interest_coverage": 13.40623971531379,
  "asset_turnover": 0.2147912734,
  "inventory_turnover": 0.3750793478,
  "fixed_asset_turnover": 2.9175058274,
  "current_price": 15800.0,
  "working_capital": 2339011362480.0
}