{
  "symbol": "GKM",
  "data_source": "VCI",
  "data_period": "year",
  "last_updated": "2025-11-17T13:59:46.084246",
  "name": "Công ty Cổ phần GKM Holdings",
  "exchange": "HNX",
  "sector": "Xây dựng và Vật liệu",
  "shares_outstanding": 31434237.0,
  "charter_capital": 314342370000.0,
  "revenue": 145483895789.0,
  "revenue_ttm": 145483895789.0,
  "net_income": 3845593671.0,
  "net_income_ttm": 3845593671.0,
  "total_assets": 462632327295.0,
  "total_equity": 340168809467.0,
  "total_liabilities": 122463517828.0,
  "total_debt": 122463517828.0,
  "current_assets": 157262876370.0,
  "current_liabilities": 122463517828.0,
  "cash": 37701101.0,
  "accounts_receivable": 134227352186.0,
  "fixed_assets": 527254814.0,
  "ppe": 527254814.0,
  "depreciation": 2781149550.0,
  "roe": 1.1366905,
  "roa": 0.85888575,
  "roic": -0.28406391,
  "net_profit_margin": 2.643312271880174,
  "net_margin": 2.643312271880174,
  "gross_profit_margin": 2.023324727479951,
  "gross_margin": 2.023324727479951,
  "ebit_margin": -0.7794364007440457,
  "pe_ratio": 21.2526395642,
  "pb_ratio": 0.2402601706,
  "ps_ratio": 0.5617736297,
  "ev_ebitda": 85.4254664066,
  "ebitda": 1647195109.0,
  "dividend_per_share": 0.0,
  "eps": 122.33774501986481,
  "eps_ttm": 122.33774501986481,
  "earnings_per_share": 122.33774501986481,
  "bvps": 10821.6022379357,
  "book_value_per_share": 10821.6022379357,
  "market_cap": 81729016200.0,
  "debt_to_equity": 0.3600080737,
  "current_ratio": 1.2841610233,
  "quick_ratio": 1.0963677646,
  "cash_ratio": 0.0003078558,
  "interest_coverage": 0.17901611903762502,
  "asset_turnover": 0.3249278403,
  "inventory_turnover": 9.730811279,
  "fixed_asset_turnover": 208.8653609252,
  "current_price": 2600.0,
  "working_capital": 34799358542.0
}