{
  "symbol": "GLT",
  "data_source": "VCI",
  "data_period": "year",
  "last_updated": "2025-11-17T14:01:13.783742",
  "name": "Công ty Cổ phần Kỹ thuật điện Toàn Cầu",
  "exchange": "HNX",
  "sector": "Hàng cá nhân & Gia dụng",
  "shares_outstanding": 10456092.0,
  "charter_capital": 104560920000.0,
  "revenue": 188489137588.0,
  "revenue_ttm": 188489137588.0,
  "net_income": 7222132186.0,
  "net_income_ttm": 7222132186.0,
  "total_assets": 350297873647.0,
  "total_equity": 149408386488.0,
  "total_liabilities": 200889487159.0,
  "total_debt": 200889487159.0,
  "current_assets": 325413713132.0,
  "current_liabilities": 199925423262.0,
  "cash": 10623772091.0,
  "accounts_receivable": 67217511526.0,
  "fixed_assets": 24132830252.0,
  "ppe": 24132830252.0,
  "depreciation": 3042275879.0,
  "roe": 4.92452506,
  "roa": 2.5579883000000003,
  "roic": 3.80665134,
  "net_profit_margin": 3.6204412420392194,
  "net_margin": 3.6204412420392194,
  "gross_profit_margin": 20.43164666824376,
  "gross_margin": 20.43164666824376,
  "ebit_margin": 4.583804008316529,
  "pe_ratio": 32.4830967667,
  "pb_ratio": 1.6160476812,
  "ps_ratio": 1.176031432,
  "ev_ebitda": 24.7047830031,
  "ebitda": 11682248523.0,
  "dividend_per_share": 0.0,
  "eps": 652.6471337474842,
  "eps_ttm": 652.6471337474842,
  "earnings_per_share": 652.6471337474842,
  "bvps": 13118.424813305,
  "book_value_per_share": 13118.424813305,
  "market_cap": 221669150400.0,
  "debt_to_equity": 1.3445663385,
  "current_ratio": 1.6276754993,
  "quick_ratio": 0.3893516009,
  "cash_ratio": 0.053138675,
  "interest_coverage": -15.315560447206634,
  "asset_turnover": 0.7065404825,
  "inventory_turnover": 1.2069344861,
  "fixed_asset_turnover": 7.6918177398,
  "current_price": 22400.0,
  "working_capital": 125488289870.0
}