{
  "symbol": "GMA",
  "data_source": "VCI",
  "data_period": "year",
  "last_updated": "2025-11-17T14:01:24.102571",
  "name": "Công ty Cổ phần G-Automobile",
  "exchange": "HNX",
  "sector": "Ô tô và phụ tùng",
  "shares_outstanding": 19999999.0,
  "charter_capital": 199999990000.0,
  "revenue": 2811806014530.0,
  "revenue_ttm": 2811806014530.0,
  "net_income": 15095911089.0,
  "net_income_ttm": 15095911089.0,
  "total_assets": 1496070049982.0,
  "total_equity": 477353786257.0,
  "total_liabilities": 1018716263725.0,
  "total_debt": 1018716263725.0,
  "current_assets": 757849077967.0,
  "current_liabilities": 843282693065.0,
  "cash": 46709635970.0,
  "accounts_receivable": 408960844114.0,
  "fixed_assets": 465961527882.0,
  "ppe": 465961527882.0,
  "depreciation": 64664458686.0,
  "roe": 4.47695656,
  "roa": 1.00499944,
  "roic": 4.97660511,
  "net_profit_margin": 0.5066334122761729,
  "net_margin": 0.5066334122761729,
  "gross_profit_margin": 8.48920180451706,
  "gross_margin": 8.48920180451706,
  "ebit_margin": 2.380896514092926,
  "pe_ratio": 44.5051278171,
  "pb_ratio": 1.9503769119,
  "ps_ratio": 0.2254778477,
  "ev_ebitda": 11.0565111498,
  "ebitda": 131610650069.0,
  "dividend_per_share": 0.0,
  "eps": 712.2774735138737,
  "eps_ttm": 712.2774735138737,
  "earnings_per_share": 712.2774735138737,
  "bvps": 16253.2686921134,
  "book_value_per_share": 16253.2686921134,
  "market_cap": 633999968300.0,
  "debt_to_equity": 2.1340906746,
  "current_ratio": 0.8986892346,
  "quick_ratio": 0.5403531744,
  "cash_ratio": 0.0553902462,
  "interest_coverage": -1.2821512803600308,
  "asset_turnover": 1.9836817244,
  "inventory_turnover": 10.0000405268,
  "fixed_asset_turnover": 6.3589370738,
  "current_price": 31700.0,
  "working_capital": -85433615098.0
}