{
  "symbol": "GMH",
  "data_source": "VCI",
  "data_period": "year",
  "last_updated": "2025-11-17T16:11:14.140619",
  "name": "Công ty Cổ phần Minh Hưng Quảng Trị",
  "exchange": "HSX",
  "sector": "Xây dựng và Vật liệu",
  "shares_outstanding": 16500000.0,
  "charter_capital": 165000000000.0,
  "revenue": 88057102128.0,
  "revenue_ttm": 88057102128.0,
  "net_income": 5955684370.0,
  "net_income_ttm": 5955684370.0,
  "total_assets": 184577708355.0,
  "total_equity": 177819587082.0,
  "total_liabilities": 6758121273.0,
  "total_debt": 6758121273.0,
  "current_assets": 159154280541.0,
  "current_liabilities": 6758121273.0,
  "cash": 6430101553.0,
  "accounts_receivable": 20236714326.0,
  "fixed_assets": 24605430234.0,
  "ppe": 24605430234.0,
  "depreciation": 5010037342.0,
  "roe": 3.25284156,
  "roa": 3.11920043,
  "roic": 0.69479341,
  "net_profit_margin": 6.763434437511701,
  "net_margin": 6.763434437511701,
  "gross_profit_margin": 17.876415344804546,
  "gross_margin": 17.876415344804546,
  "ebit_margin": 1.4030427292555068,
  "pe_ratio": 23.9645003216,
  "pb_ratio": 0.8026393624,
  "ps_ratio": 1.6208232675,
  "ev_ebitda": 21.8228399422,
  "ebitda": 6245516111.0,
  "dividend_per_share": 0.0,
  "eps": 360.95056787878787,
  "eps_ttm": 360.95056787878787,
  "earnings_per_share": 360.95056787878787,
  "bvps": 10776.9446716364,
  "book_value_per_share": 10776.9446716364,
  "market_cap": 142725000000.0,
  "debt_to_equity": 0.0380054941,
  "current_ratio": 23.5500776195,
  "quick_ratio": 4.4541100082,
  "cash_ratio": 1.4596810082,
  "interest_coverage": -8.535109016078314,
  "asset_turnover": 0.4611858758,
  "inventory_turnover": 1.4771754327,
  "fixed_asset_turnover": 3.248087202,
  "current_price": 8650.0,
  "working_capital": 152396159268.0
}