{
  "symbol": "GMX",
  "data_source": "VCI",
  "data_period": "year",
  "last_updated": "2025-11-17T14:01:32.387736",
  "name": "Công ty Cổ phần Gạch ngói Gốm xây dựng Mỹ Xuân",
  "exchange": "HNX",
  "sector": "Xây dựng và Vật liệu",
  "shares_outstanding": 9040697.0,
  "charter_capital": 90406970000.0,
  "revenue": 164814261304.0,
  "revenue_ttm": 164814261304.0,
  "net_income": 16555327583.0,
  "net_income_ttm": 16555327583.0,
  "total_assets": 160368193371.0,
  "total_equity": 117259960122.0,
  "total_liabilities": 43108233249.0,
  "total_debt": 43108233249.0,
  "current_assets": 57290091023.0,
  "current_liabilities": 43108233249.0,
  "cash": 5979659042.0,
  "accounts_receivable": 5733429784.0,
  "fixed_assets": 29887915423.0,
  "ppe": 29887915423.0,
  "depreciation": 9366739959.0,
  "roe": 13.99822913,
  "roa": 10.09008382,
  "roic": 18.08252388,
  "net_profit_margin": 10.044839234187197,
  "net_margin": 10.044839234187197,
  "gross_profit_margin": 32.049727574587024,
  "gross_margin": 32.049727574587024,
  "ebit_margin": 13.54679959146116,
  "pe_ratio": 11.0618208265,
  "pb_ratio": 1.2181738119,
  "ps_ratio": 0.8666908523,
  "ev_ebitda": 4.5143381709,
  "ebitda": 31693797636.0,
  "dividend_per_share": 0.0,
  "eps": 1831.2003580033709,
  "eps_ttm": 1831.2003580033709,
  "earnings_per_share": 1831.2003580033709,
  "bvps": 12970.2344987339,
  "book_value_per_share": 12970.2344987339,
  "market_cap": 142843012600.0,
  "debt_to_equity": 0.3676296086,
  "current_ratio": 1.3289825795,
  "quick_ratio": 0.2717134975,
  "cash_ratio": 0.1387126911,
  "interest_coverage": -24.040531174567906,
  "asset_turnover": 1.0045042614,
  "inventory_turnover": 2.5850666184,
  "fixed_asset_turnover": 4.7673744087,
  "current_price": 15800.0,
  "working_capital": 14181857774.0
}