{
  "symbol": "GSP",
  "data_source": "VCI",
  "data_period": "year",
  "last_updated": "2025-11-17T16:11:24.014296",
  "name": "Công ty Cổ phần Vận tải Sản phẩm Khí Quốc tế",
  "exchange": "HSX",
  "sector": "Hàng & Dịch vụ Công nghiệp",
  "shares_outstanding": 67517050.0,
  "charter_capital": 675170500000.0,
  "revenue": 2247003636730.0,
  "revenue_ttm": 2247003636730.0,
  "net_income": 100668131999.0,
  "net_income_ttm": 100668131999.0,
  "total_assets": 1692295374054.0,
  "total_equity": 852820345533.0,
  "total_liabilities": 839475028521.0,
  "total_debt": 839475028521.0,
  "current_assets": 626699366786.0,
  "current_liabilities": 444914503417.0,
  "cash": 129190043913.0,
  "accounts_receivable": 192675926904.0,
  "fixed_assets": 1059882033345.0,
  "ppe": 1059882033345.0,
  "depreciation": 129349053840.0,
  "roe": 12.49097534,
  "roa": 6.26470048,
  "roic": 8.64020984,
  "net_profit_margin": 4.480105432561714,
  "net_margin": 4.480105432561714,
  "gross_profit_margin": 8.481646647014324,
  "gross_margin": 8.481646647014324,
  "ebit_margin": 5.1779186550101866,
  "pe_ratio": 6.4325346353,
  "pb_ratio": 0.7593055784,
  "ps_ratio": 0.2881843336,
  "ev_ebitda": 4.1194172197,
  "ebitda": 245697074325.0,
  "dividend_per_share": 0.0,
  "eps": 1640.0999914058925,
  "eps_ttm": 1640.0999914058925,
  "earnings_per_share": 1640.0999914058925,
  "bvps": 13894.2743210268,
  "book_value_per_share": 13894.2743210268,
  "market_cap": 647551245750.0,
  "debt_to_equity": 0.9843515494,
  "current_ratio": 1.408583811,
  "quick_ratio": 0.7234333076,
  "cash_ratio": 0.2903704935,
  "interest_coverage": -4.1398169000773954,
  "asset_turnover": 1.3983377342,
  "inventory_turnover": 46.7951950112,
  "fixed_asset_turnover": 2.3353445652,
  "current_price": 10550.0,
  "working_capital": 181784863369.0
}