{
  "symbol": "GTA",
  "data_source": "VCI",
  "data_period": "year",
  "last_updated": "2025-11-17T16:11:33.143095",
  "name": "Công ty Cổ phần Chế biến Gỗ Thuận An",
  "exchange": "HSX",
  "sector": "Tài nguyên Cơ bản",
  "shares_outstanding": 10400000.0,
  "charter_capital": 104000000000.0,
  "revenue": 261393684841.0,
  "revenue_ttm": 261393684841.0,
  "net_income": 8554817300.0,
  "net_income_ttm": 8554817300.0,
  "total_assets": 319677905588.0,
  "total_equity": 161013459736.0,
  "total_liabilities": 158664445852.0,
  "total_debt": 158664445852.0,
  "current_assets": 286242338183.0,
  "current_liabilities": 158664445852.0,
  "cash": 2253147302.0,
  "accounts_receivable": 20367469915.0,
  "fixed_assets": 28474804631.0,
  "ppe": 28474804631.0,
  "depreciation": 0.0,
  "roe": 5.28442836,
  "roa": 2.60129116,
  "roic": 0.9787446,
  "net_profit_margin": 3.272771224447793,
  "net_margin": 3.272771224447793,
  "gross_profit_margin": 10.556589485237556,
  "gross_margin": 10.556589485237556,
  "ebit_margin": 1.0766658045743907,
  "pe_ratio": 20.656018659,
  "pb_ratio": 0.6452628257,
  "ps_ratio": 0.3974694341,
  "ev_ebitda": 26.0372520174,
  "ebitda": 8763402873.0,
  "dividend_per_share": 0.0,
  "eps": 822.5785865384615,
  "eps_ttm": 822.5785865384615,
  "earnings_per_share": 822.5785865384615,
  "bvps": 15482.0634361538,
  "book_value_per_share": 15482.0634361538,
  "market_cap": 103896000000.0,
  "debt_to_equity": 0.9854110713,
  "current_ratio": 1.804073601,
  "quick_ratio": 0.1425689107,
  "cash_ratio": 0.014200707,
  "interest_coverage": -0.5742221437720785,
  "asset_turnover": 0.7948282903,
  "inventory_turnover": 4.0556609465,
  "fixed_asset_turnover": 9.1133227463,
  "current_price": 9410.0,
  "working_capital": 127577892331.0
}