{
  "symbol": "HAD",
  "data_source": "VCI",
  "data_period": "year",
  "last_updated": "2025-11-17T14:01:41.247992",
  "name": "Công ty Cổ phần Bia Hà Nội - Hải Dương",
  "exchange": "HNX",
  "sector": "Thực phẩm và đồ uống",
  "shares_outstanding": 4000000.0,
  "charter_capital": 40000000000.0,
  "revenue": 174394759147.0,
  "revenue_ttm": 174394759147.0,
  "net_income": 6307588425.0,
  "net_income_ttm": 6307588425.0,
  "total_assets": 95109340477.0,
  "total_equity": 73901031994.0,
  "total_liabilities": 21208308483.0,
  "total_debt": 21208308483.0,
  "current_assets": 75744139662.0,
  "current_liabilities": 21208308483.0,
  "cash": 874168132.0,
  "accounts_receivable": 1593483549.0,
  "fixed_assets": 14927674630.0,
  "ppe": 14927674630.0,
  "depreciation": 5262219354.0,
  "roe": 8.51833048,
  "roa": 6.6857456,
  "roic": 6.57142758,
  "net_profit_margin": 3.6685135089597467,
  "net_margin": 3.6685135089597467,
  "gross_profit_margin": 22.984936082245945,
  "gross_margin": 22.984936082245945,
  "ebit_margin": 2.824470250436722,
  "pe_ratio": 12.4282880631,
  "pb_ratio": 0.77942078,
  "ps_ratio": 0.3350034338,
  "ev_ebitda": 5.606110328,
  "ebitda": 10118572156.0,
  "dividend_per_share": 0.0,
  "eps": 1576.89710625,
  "eps_ttm": 1576.89710625,
  "earnings_per_share": 1576.89710625,
  "bvps": 18475.2579985,
  "book_value_per_share": 18475.2579985,
  "market_cap": 57600000000.0,
  "debt_to_equity": 0.2869825754,
  "current_ratio": 3.5714370961,
  "quick_ratio": 0.1163530643,
  "cash_ratio": 0.041218192,
  "interest_coverage": 0.0,
  "asset_turnover": 1.8224672165,
  "inventory_turnover": 6.3646586134,
  "fixed_asset_turnover": 10.5082987549,
  "current_price": 14400.0,
  "working_capital": 54535831179.0
}