{
  "symbol": "HAG",
  "data_source": "VCI",
  "data_period": "year",
  "last_updated": "2025-11-17T16:11:51.694444",
  "name": "Công ty Cổ phần Hoàng Anh Gia Lai",
  "exchange": "HSX",
  "sector": "Thực phẩm và đồ uống",
  "shares_outstanding": 1267467947.0,
  "charter_capital": 12674679470000.0,
  "revenue": 5894531814000.0,
  "revenue_ttm": 5894531814000.0,
  "net_income": 1060121821000.0,
  "net_income_ttm": 1060121821000.0,
  "total_assets": 22280815839000.0,
  "total_equity": 9325628120000.0,
  "total_liabilities": 12955187719000.0,
  "total_debt": 12955187719000.0,
  "current_assets": 8435357672000.0,
  "current_liabilities": 11122837652000.0,
  "cash": 149708825000.0,
  "accounts_receivable": 7536948369000.0,
  "fixed_assets": 6567006867000.0,
  "ppe": 6567006867000.0,
  "depreciation": 487722491000.0,
  "roe": 13.42010117,
  "roa": 4.69355045,
  "roic": 9.88356536,
  "net_profit_margin": 17.524197139044553,
  "net_margin": 17.524197139044553,
  "gross_profit_margin": 37.55653140209525,
  "gross_margin": 37.55653140209525,
  "ebit_margin": 27.842424818100337,
  "pe_ratio": 18.4169133391,
  "pb_ratio": 2.1344674761,
  "ps_ratio": 3.2274162005,
  "ev_ebitda": 12.145721827,
  "ebitda": 2097863840000.0,
  "dividend_per_share": 0.0,
  "eps": 958.3582044969539,
  "eps_ttm": 958.3582044969539,
  "earnings_per_share": 958.3582044969539,
  "bvps": 8269.041434123,
  "book_value_per_share": 8269.041434123,
  "market_cap": 18664309264550.0,
  "debt_to_equity": 1.3892026952,
  "current_ratio": 0.7583818029,
  "quick_ratio": 0.6910698002,
  "cash_ratio": 0.0134595892,
  "interest_coverage": -2.2485034210245534,
  "asset_turnover": 0.2678325526,
  "inventory_turnover": 4.4366689128,
  "fixed_asset_turnover": 0.9205097046,
  "current_price": 18850.0,
  "working_capital": -2687479980000.0
}