{
  "symbol": "HAH",
  "data_source": "VCI",
  "data_period": "year",
  "last_updated": "2025-11-17T16:13:14.147368",
  "name": "Công ty Cổ phần Vận tải và Xếp dỡ Hải An",
  "exchange": "HSX",
  "sector": "Hàng & Dịch vụ Công nghiệp",
  "shares_outstanding": 168861212.0,
  "charter_capital": 1688612120000.0,
  "revenue": 3992094957163.0,
  "revenue_ttm": 3992094957163.0,
  "net_income": 800226211464.0,
  "net_income_ttm": 800226211464.0,
  "total_assets": 7289524568993.0,
  "total_equity": 3971692927731.0,
  "total_liabilities": 3317831641262.0,
  "total_debt": 3317831641262.0,
  "current_assets": 1752839556274.0,
  "current_liabilities": 1210096529973.0,
  "cash": 921889788422.0,
  "accounts_receivable": 504419818284.0,
  "fixed_assets": 4774994459130.0,
  "ppe": 4774994459130.0,
  "depreciation": 457172304973.0,
  "roe": 21.91024375,
  "roa": 10.28581497,
  "roic": 16.75935357,
  "net_profit_margin": 16.294685348098035,
  "net_margin": 16.294685348098035,
  "gross_profit_margin": 31.730348541964293,
  "gross_margin": 31.730348541964293,
  "ebit_margin": 26.45644206854161,
  "pe_ratio": 12.6311543502,
  "pb_ratio": 2.4069198304,
  "ps_ratio": 1.9757297859,
  "ev_ebitda": 6.1424914883,
  "ebitda": 1513338594636.0,
  "dividend_per_share": 0.0,
  "eps": 5360.826947015879,
  "eps_ttm": 5360.826947015879,
  "earnings_per_share": 5360.826947015879,
  "bvps": 27005.4694709977,
  "book_value_per_share": 27005.4694709977,
  "market_cap": 7887300915000.0,
  "debt_to_equity": 0.8353696274,
  "current_ratio": 1.4485121747,
  "quick_ratio": 1.1786742391,
  "cash_ratio": 0.7618316106,
  "interest_coverage": -10.437194058931308,
  "asset_turnover": 0.6312374094,
  "inventory_turnover": 29.4775556751,
  "fixed_asset_turnover": 1.0115903693,
  "current_price": 66000.0,
  "working_capital": 542743026301.0
}