{
  "symbol": "HAP",
  "data_source": "VCI",
  "data_period": "year",
  "last_updated": "2025-11-17T16:13:22.166590",
  "name": "Công ty Cổ phần Tập Đoàn Hapaco",
  "exchange": "HSX",
  "sector": "Tài nguyên Cơ bản",
  "shares_outstanding": 111097772.0,
  "charter_capital": 1110977720000.0,
  "revenue": 419480597595.0,
  "revenue_ttm": 419480597595.0,
  "net_income": 101815298152.0,
  "net_income_ttm": 101815298152.0,
  "total_assets": 1673886442184.0,
  "total_equity": 1447433324143.0,
  "total_liabilities": 226453118041.0,
  "total_debt": 226453118041.0,
  "current_assets": 390489477579.0,
  "current_liabilities": 130773924209.0,
  "cash": 17297445823.0,
  "accounts_receivable": 245926894181.0,
  "fixed_assets": 383613238441.0,
  "ppe": 383613238441.0,
  "depreciation": 26170534697.0,
  "roe": 8.13308481,
  "roa": 6.89181409,
  "roic": -4.27221002,
  "net_profit_margin": 24.226354225061886,
  "net_margin": 24.226354225061886,
  "gross_profit_margin": 13.11922598557533,
  "gross_margin": 13.11922598557533,
  "ebit_margin": -15.25300377654023,
  "pe_ratio": 8.1335260455,
  "pb_ratio": 0.6356414025,
  "ps_ratio": 1.9704568308,
  "ev_ebitda": -22.7304046988,
  "ebitda": -37812780431.0,
  "dividend_per_share": 0.0,
  "eps": 914.7324245800356,
  "eps_ttm": 914.7324245800356,
  "earnings_per_share": 914.7324245800356,
  "bvps": 11704.7127054447,
  "book_value_per_share": 11704.7127054447,
  "market_cap": 826567423680.0,
  "debt_to_equity": 0.1564515023,
  "current_ratio": 2.9859888349,
  "quick_ratio": 2.0128197697,
  "cash_ratio": 0.1322698384,
  "interest_coverage": 24.883449965389236,
  "asset_turnover": 0.2844759071,
  "inventory_turnover": 4.3094949704,
  "fixed_asset_turnover": 2.0200615688,
  "current_price": 7510.0,
  "working_capital": 259715553370.0
}