{
  "symbol": "HAR",
  "data_source": "VCI",
  "data_period": "year",
  "last_updated": "2025-11-17T16:13:31.475721",
  "name": "Công ty Cổ phần Đầu tư Thương mại Bất động sản An Dương Thảo Điền",
  "exchange": "HSX",
  "sector": "Bất động sản",
  "shares_outstanding": 101350100.0,
  "charter_capital": 1013501000000.0,
  "revenue": 17815218515.0,
  "revenue_ttm": 17815218515.0,
  "net_income": 9857289670.0,
  "net_income_ttm": 9857289670.0,
  "total_assets": 1079949229332.0,
  "total_equity": 1076538239137.0,
  "total_liabilities": 3410990195.0,
  "total_debt": 3410990195.0,
  "current_assets": 316955542421.0,
  "current_liabilities": 3410990195.0,
  "cash": 4128457123.0,
  "accounts_receivable": 312674723539.0,
  "fixed_assets": 81550366215.0,
  "ppe": 81550366215.0,
  "depreciation": 0.0,
  "roe": 0.9197753799999999,
  "roa": 0.91630146,
  "roic": 0.7881556099999999,
  "net_profit_margin": 55.330725591158995,
  "net_margin": 55.330725591158995,
  "gross_profit_margin": 67.79887692553514,
  "gross_margin": 67.79887692553514,
  "ebit_margin": 47.65399995993257,
  "pe_ratio": 41.0241468535,
  "pb_ratio": 0.3756363539,
  "ps_ratio": 22.6989581216,
  "ev_ebitda": 29.9410267413,
  "ebitda": 13388854208.0,
  "dividend_per_share": 0.0,
  "eps": 97.25979224490159,
  "eps_ttm": 97.25979224490159,
  "earnings_per_share": 97.25979224490159,
  "bvps": 10621.975105471,
  "book_value_per_share": 10621.975105471,
  "market_cap": 404386899000.0,
  "debt_to_equity": 0.0031684803,
  "current_ratio": 92.9218567927,
  "quick_ratio": 92.8771888956,
  "cash_ratio": 1.2103397802,
  "interest_coverage": -88.51823573321809,
  "asset_turnover": 0.0165604454,
  "inventory_turnover": 0.0,
  "fixed_asset_turnover": 0.2175730265,
  "current_price": 4080.0,
  "working_capital": 313544552226.0
}