{
  "symbol": "HAS",
  "data_source": "VCI",
  "data_period": "year",
  "last_updated": "2025-11-17T16:13:39.474722",
  "name": "Công ty Cổ phần Hacisco",
  "exchange": "HSX",
  "sector": "Xây dựng và Vật liệu",
  "shares_outstanding": 8000000.0,
  "charter_capital": 80000000000.0,
  "revenue": 69343852258.0,
  "revenue_ttm": 69343852258.0,
  "net_income": -10740798320.0,
  "net_income_ttm": -10740798320.0,
  "total_assets": 155659997675.0,
  "total_equity": 127669051275.0,
  "total_liabilities": 27990946400.0,
  "total_debt": 27990946400.0,
  "current_assets": 132146082639.0,
  "current_liabilities": 26269199050.0,
  "cash": 3141626548.0,
  "accounts_receivable": 102701908742.0,
  "fixed_assets": 2315094015.0,
  "ppe": 2315094015.0,
  "depreciation": 2960101185.0,
  "roe": -8.051899090000001,
  "roa": -5.81203214,
  "roic": -7.300768420000001,
  "net_profit_margin": -15.489186092572274,
  "net_margin": -15.489186092572274,
  "gross_profit_margin": 3.656356855639631,
  "gross_margin": 3.656356855639631,
  "ebit_margin": -14.694414577788972,
  "pe_ratio": -5.58617695,
  "pb_ratio": 0.4699651121,
  "ps_ratio": 0.8652533432,
  "ev_ebitda": -9.5108250615,
  "ebitda": -7229571950.0,
  "dividend_per_share": 0.0,
  "eps": -1342.59979,
  "eps_ttm": -1342.59979,
  "earnings_per_share": -1342.59979,
  "bvps": 15958.631409375,
  "book_value_per_share": 15958.631409375,
  "market_cap": 60000000000.0,
  "debt_to_equity": 0.2192461377,
  "current_ratio": 5.0304572434,
  "quick_ratio": 4.10599176,
  "cash_ratio": 0.196397541,
  "interest_coverage": 5.402406160545558,
  "asset_turnover": 0.3752316037,
  "inventory_turnover": 3.515946285,
  "fixed_asset_turnover": 9.0024603017,
  "current_price": 7450.0,
  "working_capital": 105876883589.0
}