{
  "symbol": "HAT",
  "data_source": "VCI",
  "data_period": "year",
  "last_updated": "2025-11-17T14:01:50.162501",
  "name": "Công ty Cổ phần Thương mại Bia Hà Nội",
  "exchange": "HNX",
  "sector": "Thực phẩm và đồ uống",
  "shares_outstanding": 3123000.0,
  "charter_capital": 31230000000.0,
  "revenue": 1349671891416.0,
  "revenue_ttm": 1349671891416.0,
  "net_income": 18760974989.0,
  "net_income_ttm": 18760974989.0,
  "total_assets": 215392464620.0,
  "total_equity": 77085041441.0,
  "total_liabilities": 138307423179.0,
  "total_debt": 138307423179.0,
  "current_assets": 165660193121.0,
  "current_liabilities": 138307423179.0,
  "cash": 8258746114.0,
  "accounts_receivable": 4477652561.0,
  "fixed_assets": 14086677658.0,
  "ppe": 14086677658.0,
  "depreciation": 3018496953.0,
  "roe": 25.68940819,
  "roa": 9.10910835,
  "roic": 19.79914275,
  "net_profit_margin": 1.390439946376432,
  "net_margin": 1.390439946376432,
  "gross_profit_margin": 7.841469556091009,
  "gross_margin": 7.841469556091009,
  "ebit_margin": 1.1311321042612874,
  "pe_ratio": 8.2080536018,
  "pb_ratio": 1.4341848682,
  "ps_ratio": 0.0819354943,
  "ev_ebitda": 5.5958249649,
  "ebitda": 18280674347.0,
  "dividend_per_share": 0.0,
  "eps": 6007.356704771053,
  "eps_ttm": 6007.356704771053,
  "earnings_per_share": 6007.356704771053,
  "bvps": 24683.0103877682,
  "book_value_per_share": 24683.0103877682,
  "market_cap": 110554200000.0,
  "debt_to_equity": 1.7942187043,
  "current_ratio": 1.1977679094,
  "quick_ratio": 0.0920876001,
  "cash_ratio": 0.0597129635,
  "interest_coverage": 0.0,
  "asset_turnover": 6.551241836,
  "inventory_turnover": 872.2761529212,
  "fixed_asset_turnover": 93.7095319782,
  "current_price": 35000.0,
  "working_capital": 27352769942.0
}