{
  "symbol": "HAX",
  "data_source": "VCI",
  "data_period": "year",
  "last_updated": "2025-11-17T16:13:47.726922",
  "name": "Công ty Cổ phần Dịch vụ Ô tô Hàng Xanh",
  "exchange": "HSX",
  "sector": "Ô tô và phụ tùng",
  "shares_outstanding": 107439681.0,
  "charter_capital": 1074396810000.0,
  "revenue": 5513287344174.0,
  "revenue_ttm": 5513287344174.0,
  "net_income": 203569675920.0,
  "net_income_ttm": 203569675920.0,
  "total_assets": 2409018565316.0,
  "total_equity": 1490739551138.0,
  "total_liabilities": 918279014178.0,
  "total_debt": 918279014178.0,
  "current_assets": 1315736137362.0,
  "current_liabilities": 917737332977.0,
  "cash": 261814418901.0,
  "accounts_receivable": 340315148631.0,
  "fixed_assets": 459866368960.0,
  "ppe": 459866368960.0,
  "depreciation": 56621606441.0,
  "roe": 10.780896010000001,
  "roa": 5.66090836,
  "roic": 9.26176543,
  "net_profit_margin": 2.266764206350712,
  "net_margin": 2.266764206350712,
  "gross_profit_margin": 9.285260756088821,
  "gross_margin": 9.285260756088821,
  "ebit_margin": 3.629259225885272,
  "pe_ratio": 9.2847773037,
  "pb_ratio": 0.9642280432,
  "ps_ratio": 0.2104640086,
  "ev_ebitda": 6.1087570067,
  "ebitda": 256713096029.0,
  "dividend_per_share": 0.0,
  "eps": 1163.1942960720444,
  "eps_ttm": 1163.1942960720444,
  "earnings_per_share": 1163.1942960720444,
  "bvps": 11200.6698789249,
  "book_value_per_share": 11200.6698789249,
  "market_cap": 1160348554800.0,
  "debt_to_equity": 0.6159888986,
  "current_ratio": 1.4336739828,
  "quick_ratio": 0.6561022919,
  "cash_ratio": 0.2852825198,
  "interest_coverage": -8.774871961775702,
  "asset_turnover": 2.4973521041,
  "inventory_turnover": 7.3080339696,
  "fixed_asset_turnover": 13.1085120889,
  "current_price": 10800.0,
  "working_capital": 397998804385.0
}