{
  "symbol": "HBS",
  "data_source": "VCI",
  "data_period": "year",
  "last_updated": "2025-11-17T14:03:13.926605",
  "name": "Công ty Cổ phần Chứng khoán Hòa Bình",
  "exchange": "HNX",
  "sector": "Dịch vụ tài chính",
  "shares_outstanding": 32999980.0,
  "charter_capital": 329999800000.0,
  "revenue": 29012168263.0,
  "revenue_ttm": 29012168263.0,
  "net_income": 9796531841.0,
  "net_income_ttm": 9796531841.0,
  "total_assets": 368902475442.0,
  "total_equity": 362844448149.0,
  "total_liabilities": 6058027293.0,
  "total_debt": 6058027293.0,
  "current_assets": 319769571399.0,
  "current_liabilities": 6058027293.0,
  "cash": 12774448934.0,
  "accounts_receivable": 6487945675.0,
  "fixed_assets": 1426087198.0,
  "ppe": 1426087198.0,
  "depreciation": 0.0,
  "roe": 2.50300764,
  "roa": 2.47046699,
  "roic": 3.26201837,
  "net_profit_margin": 33.7669758157779,
  "net_margin": 33.7669758157779,
  "gross_profit_margin": 79.03753890481839,
  "gross_margin": 79.03753890481839,
  "ebit_margin": 40.79685619049314,
  "pe_ratio": 18.8638072125,
  "pb_ratio": 0.5093088483,
  "ps_ratio": 6.3697372194,
  "ev_ebitda": 11.0537555789,
  "ebitda": 15562623747.0,
  "dividend_per_share": 0.0,
  "eps": 296.86478116047346,
  "eps_ttm": 296.86478116047346,
  "earnings_per_share": 296.86478116047346,
  "bvps": 10995.2929713594,
  "book_value_per_share": 10995.2929713594,
  "market_cap": 184799888000.0,
  "debt_to_equity": 0.0166959349,
  "current_ratio": 52.784438883,
  "quick_ratio": 3.5122631609,
  "cash_ratio": 2.4412964318,
  "asset_turnover": 0.0731622222,
  "fixed_asset_turnover": 12.5416658223,
  "current_price": 5600.0,
  "working_capital": 313711544106.0
}