{
  "symbol": "HCC",
  "data_source": "VCI",
  "data_period": "year",
  "last_updated": "2025-11-17T14:03:23.459024",
  "name": "Công ty Cổ phần Bê tông Hòa Cầm - Intimex",
  "exchange": "HNX",
  "sector": "Xây dựng và Vật liệu",
  "shares_outstanding": 6518586.0,
  "charter_capital": 65185860000.0,
  "revenue": 300015394544.0,
  "revenue_ttm": 300015394544.0,
  "net_income": 12557591905.0,
  "net_income_ttm": 12557591905.0,
  "total_assets": 145168686999.0,
  "total_equity": 85416589706.0,
  "total_liabilities": 59752097293.0,
  "total_debt": 59752097293.0,
  "current_assets": 105685385772.0,
  "current_liabilities": 59752097293.0,
  "cash": 10357911224.0,
  "accounts_receivable": 85565197028.0,
  "fixed_assets": 30913574505.0,
  "ppe": 30913574505.0,
  "depreciation": 0.0,
  "roe": 15.110742129999998,
  "roa": 9.085673,
  "roic": 19.823225270000002,
  "net_profit_margin": 4.1856491811317085,
  "net_margin": 4.1856491811317085,
  "gross_profit_margin": 9.662670733300796,
  "gross_margin": 9.662670733300796,
  "ebit_margin": 5.643818052982184,
  "pe_ratio": 13.2165590341,
  "pb_ratio": 1.8315653263,
  "ps_ratio": 0.5214601212,
  "ev_ebitda": 5.7052215303,
  "ebitda": 25606043867.0,
  "dividend_per_share": 0.0,
  "eps": 1926.428815236924,
  "eps_ttm": 1926.428815236924,
  "earnings_per_share": 1926.428815236924,
  "bvps": 13103.5457238732,
  "book_value_per_share": 13103.5457238732,
  "market_cap": 156446064000.0,
  "debt_to_equity": 0.6995373791,
  "current_ratio": 1.7687309828,
  "quick_ratio": 1.6053513198,
  "cash_ratio": 0.173348078,
  "interest_coverage": -29.52153588610732,
  "asset_turnover": 2.1706723631,
  "inventory_turnover": 27.1324693947,
  "fixed_asset_turnover": 9.211214521,
  "current_price": 24000.0,
  "working_capital": 45933288479.0
}