{
  "symbol": "HCD",
  "data_source": "VCI",
  "data_period": "year",
  "last_updated": "2025-11-17T16:14:14.218241",
  "name": "Công ty Cổ phần Đầu tư Sản xuất và Thương mại HCD",
  "exchange": "HSX",
  "sector": "Hóa chất",
  "shares_outstanding": 36958816.0,
  "charter_capital": 369588160000.0,
  "revenue": 869270360383.0,
  "revenue_ttm": 869270360383.0,
  "net_income": 30199499050.0,
  "net_income_ttm": 30199499050.0,
  "total_assets": 812015216625.0,
  "total_equity": 481853705657.0,
  "total_liabilities": 330161510968.0,
  "total_debt": 330161510968.0,
  "current_assets": 608868235981.0,
  "current_liabilities": 330161510968.0,
  "cash": 93801463027.0,
  "accounts_receivable": 174208637599.0,
  "fixed_assets": 195728840838.0,
  "ppe": 195728840838.0,
  "depreciation": 14276611151.0,
  "roe": 6.470111000000001,
  "roa": 3.79752841,
  "roic": 7.87135837,
  "net_profit_margin": 3.4741204148148013,
  "net_margin": 3.4741204148148013,
  "gross_profit_margin": 6.22406274684919,
  "gross_margin": 6.22406274684919,
  "ebit_margin": 5.71941810141722,
  "pe_ratio": 9.5947656933,
  "pb_ratio": 0.6013383607,
  "ps_ratio": 0.3333337137,
  "ev_ebitda": 5.4024536527,
  "ebitda": 63993817493.0,
  "dividend_per_share": 0.0,
  "eps": 817.1121891458861,
  "eps_ttm": 817.1121891458861,
  "earnings_per_share": 817.1121891458861,
  "bvps": 13037.5850150881,
  "book_value_per_share": 13037.5850150881,
  "market_cap": 289757117440.0,
  "debt_to_equity": 0.6851903536,
  "current_ratio": 1.8441526821,
  "quick_ratio": 0.8117545254,
  "cash_ratio": 0.2841078076,
  "interest_coverage": -4.675158226526939,
  "asset_turnover": 1.0930906126,
  "inventory_turnover": 2.8973115746,
  "fixed_asset_turnover": 4.4552344709,
  "current_price": 7800.0,
  "working_capital": 278706725013.0
}