{
  "symbol": "HCM",
  "data_source": "VCI",
  "data_period": "year",
  "last_updated": "2025-11-17T16:15:14.053118",
  "name": "Công ty Cổ phần Chứng khoán Thành phố Hồ Chí Minh",
  "exchange": "HSX",
  "sector": "Dịch vụ tài chính",
  "shares_outstanding": 1080797089.0,
  "charter_capital": 10807970890000.0,
  "revenue": 4276240392092.0,
  "revenue_ttm": 4276240392092.0,
  "net_income": 1039655044354.0,
  "net_income_ttm": 1039655044354.0,
  "total_assets": 31339637398838.0,
  "total_equity": 10443941673715.0,
  "total_liabilities": 20895695725123.0,
  "total_debt": 20895695725123.0,
  "current_assets": 31172158784622.0,
  "current_liabilities": 20895695725123.0,
  "cash": 2023945127620.0,
  "accounts_receivable": 557851297097.0,
  "fixed_assets": 41490152557.0,
  "ppe": 41490152557.0,
  "depreciation": 30650764771.0,
  "roe": 11.08609035,
  "roa": 4.22192263,
  "roic": 4.18662597,
  "net_profit_margin": 24.31236200557437,
  "net_margin": 24.31236200557437,
  "gross_profit_margin": 40.242746220170325,
  "gross_margin": 40.242746220170325,
  "ebit_margin": 30.226809053516636,
  "pe_ratio": 16.1535941004,
  "pb_ratio": 1.5597885484,
  "ps_ratio": 3.8095006664,
  "ev_ebitda": 26.2210507321,
  "ebitda": 1323221782758.0,
  "dividend_per_share": 0.0,
  "eps": 1442.3396383092272,
  "eps_ttm": 1442.3396383092272,
  "earnings_per_share": 1442.3396383092272,
  "bvps": 14489.1434307893,
  "book_value_per_share": 14489.1434307893,
  "market_cap": 16290340623200.0,
  "debt_to_equity": 2.0007480296,
  "current_ratio": 1.491798081,
  "quick_ratio": 0.5031292366,
  "cash_ratio": 0.4764322889,
  "asset_turnover": 0.1736533304,
  "fixed_asset_turnover": 88.6933499023,
  "current_price": 22950.0,
  "working_capital": 10276463059499.0
}