{
  "symbol": "HCT",
  "data_source": "VCI",
  "data_period": "year",
  "last_updated": "2025-11-17T14:03:33.212853",
  "name": "Công ty Cổ phần Thương mại - Dịch vụ - Vận tải Xi măng Hải Phòng",
  "exchange": "HNX",
  "sector": "Hàng & Dịch vụ Công nghiệp",
  "shares_outstanding": 2016385.0,
  "charter_capital": 20163850000.0,
  "revenue": 31628694946.0,
  "revenue_ttm": 31628694946.0,
  "net_income": 215526736.0,
  "net_income_ttm": 215526736.0,
  "total_assets": 41898018028.0,
  "total_equity": 38657386181.0,
  "total_liabilities": 3240631847.0,
  "total_debt": 3240631847.0,
  "current_assets": 31907874016.0,
  "current_liabilities": 3240631847.0,
  "cash": 2806569072.0,
  "accounts_receivable": 9572828769.0,
  "fixed_assets": 8812898957.0,
  "ppe": 8812898957.0,
  "depreciation": 1796620992.0,
  "roe": 0.5590890900000001,
  "roa": 0.50571822,
  "roic": -4.839373780000001,
  "net_profit_margin": 0.6926519476576828,
  "net_margin": 0.6926519476576828,
  "gross_profit_margin": 8.393146248483822,
  "gross_margin": 8.393146248483822,
  "ebit_margin": -6.012229650951071,
  "pe_ratio": 112.2673708565,
  "pb_ratio": 0.625924885,
  "ps_ratio": 0.7776221308,
  "ev_ebitda": -288.452811417,
  "ebitda": -74154420.0,
  "dividend_per_share": 0.0,
  "eps": 106.88769059480208,
  "eps_ttm": 106.88769059480208,
  "earnings_per_share": 106.88769059480208,
  "bvps": 19171.6295156927,
  "book_value_per_share": 19171.6295156927,
  "market_cap": 24196620000.0,
  "debt_to_equity": 0.0838295645,
  "current_ratio": 9.8461891145,
  "quick_ratio": 3.8200568363,
  "cash_ratio": 0.8660561287,
  "interest_coverage": 710.9743425643146,
  "asset_turnover": 0.7301188179,
  "inventory_turnover": 106.9182521777,
  "fixed_asset_turnover": 3.2041494976,
  "current_price": 12000.0,
  "working_capital": 28667242169.0
}