{
  "symbol": "HDA",
  "data_source": "VCI",
  "data_period": "year",
  "last_updated": "2025-11-17T14:03:43.029580",
  "name": "Công ty Cổ phần Hãng sơn Đông Á",
  "exchange": "HNX",
  "sector": "Xây dựng và Vật liệu",
  "shares_outstanding": 27599967.0,
  "charter_capital": 275999670000.0,
  "revenue": 333313835572.0,
  "revenue_ttm": 333313835572.0,
  "net_income": 14921324867.0,
  "net_income_ttm": 14921324867.0,
  "total_assets": 500829654995.0,
  "total_equity": 342999011399.0,
  "total_liabilities": 157830643596.0,
  "total_debt": 157830643596.0,
  "current_assets": 326870618332.0,
  "current_liabilities": 153676974594.0,
  "cash": 105144995918.0,
  "accounts_receivable": 105103395674.0,
  "fixed_assets": 114915510076.0,
  "ppe": 114915510076.0,
  "depreciation": 15437235427.0,
  "roe": 4.7981216,
  "roa": 3.0215008599999997,
  "roic": 4.8332713,
  "net_profit_margin": 5.295913345568462,
  "net_margin": 5.295913345568462,
  "gross_profit_margin": 37.459535028294496,
  "gross_margin": 37.459535028294496,
  "ebit_margin": 7.5058266345584075,
  "pe_ratio": 12.1501640521,
  "pb_ratio": 0.5693212823,
  "ps_ratio": 0.6434621595,
  "ev_ebitda": 4.2950980544,
  "ebitda": 36041829059.0,
  "dividend_per_share": 0.0,
  "eps": 526.7418590029473,
  "eps_ttm": 526.7418590029473,
  "earnings_per_share": 526.7418590029473,
  "bvps": 11241.4557465232,
  "book_value_per_share": 11241.4557465232,
  "market_cap": 176639788800.0,
  "debt_to_equity": 0.4601489752,
  "current_ratio": 2.1269980047,
  "quick_ratio": 1.3681190181,
  "cash_ratio": 0.6841948587,
  "interest_coverage": -4.978747975032224,
  "asset_turnover": 0.5705344222,
  "inventory_turnover": 1.605991423,
  "fixed_asset_turnover": 2.2555287345,
  "current_price": 6400.0,
  "working_capital": 173193643738.0
}