{
  "symbol": "HDB",
  "data_source": "VCI",
  "data_period": "year",
  "last_updated": "2025-11-17T16:15:22.321233",
  "name": "Ngân hàng Thương mại Cổ phần Phát Triển Thành phố Hồ Chí Minh",
  "exchange": "HSX",
  "sector": "Ngân hàng",
  "shares_outstanding": 3859415837.0,
  "charter_capital": 38594158370000.0,
  "revenue": 57995528000000.0,
  "revenue_ttm": 57995528000000.0,
  "net_income": 13247648000000.0,
  "net_income_ttm": 13247648000000.0,
  "total_assets": 697366458000000.0,
  "total_equity": 56657261000000.0,
  "total_liabilities": 640709197000000.0,
  "total_debt": 640709197000000.0,
  "cash": 3105355000000.0,
  "fixed_assets": 1765927000000.0,
  "ppe": 1765927000000.0,
  "roe": 25.7092154,
  "roa": 2.03859944,
  "net_profit_margin": 41.36151137586724,
  "net_margin": 41.36151137586724,
  "pe_ratio": 8.222407134,
  "pb_ratio": 1.9228413794,
  "ps_ratio": 3.0787841196,
  "dividend_per_share": 0.0,
  "eps": 3636.021536790688,
  "eps_ttm": 3636.021536790688,
  "earnings_per_share": 3636.021536790688,
  "bvps": 15523.9014099229,
  "book_value_per_share": 15523.9014099229,
  "market_cap": 104777747655000.0,
  "current_price": 30050.0
}