{
  "symbol": "HDC",
  "data_source": "VCI",
  "data_period": "year",
  "last_updated": "2025-11-17T16:15:30.230568",
  "name": "Công ty Cổ phần Phát triển Nhà Bà Rịa Vũng Tàu",
  "exchange": "HSX",
  "sector": "Bất động sản",
  "shares_outstanding": 178354966.0,
  "charter_capital": 1783549660000.0,
  "revenue": 556262767958.0,
  "revenue_ttm": 556262767958.0,
  "net_income": 66904962530.0,
  "net_income_ttm": 66904962530.0,
  "total_assets": 4877377354862.0,
  "total_equity": 2272109386124.0,
  "total_liabilities": 2605267968738.0,
  "total_debt": 2605267968738.0,
  "current_assets": 2320586228667.0,
  "current_liabilities": 2142023996761.0,
  "cash": 10294540974.0,
  "accounts_receivable": 927549579977.0,
  "fixed_assets": 302197823643.0,
  "ppe": 302197823643.0,
  "depreciation": 16051390612.0,
  "roe": 3.19364024,
  "roa": 1.37960238,
  "roic": 4.2184453500000005,
  "net_profit_margin": 12.09331288741653,
  "net_margin": 12.09331288741653,
  "gross_profit_margin": 40.344165932026854,
  "gross_margin": 40.344165932026854,
  "ebit_margin": 29.88616416579848,
  "pe_ratio": 75.6003338229,
  "pb_ratio": 2.2190793117,
  "ps_ratio": 9.1425849131,
  "ev_ebitda": 36.7062803168,
  "ebitda": 179298091234.0,
  "dividend_per_share": 0.0,
  "eps": 370.36873495297016,
  "eps_ttm": 370.36873495297016,
  "earnings_per_share": 370.36873495297016,
  "bvps": 12617.845541587,
  "book_value_per_share": 12617.845541587,
  "market_cap": 4993939048000.0,
  "debt_to_equity": 1.1466296406,
  "current_ratio": 1.0833614526,
  "quick_ratio": 0.4397886717,
  "cash_ratio": 0.0067638403,
  "interest_coverage": -2.932745178537474,
  "asset_turnover": 0.114079772,
  "inventory_turnover": 0.260837379,
  "fixed_asset_turnover": 1.7690209913,
  "current_price": 28850.0,
  "working_capital": 178562231906.0
}