{
  "symbol": "HEV",
  "data_source": "VCI",
  "data_period": "year",
  "last_updated": "2025-11-17T14:03:54.421388",
  "name": "Công ty Cổ phần Sách Đại học - Dạy nghề",
  "exchange": "HNX",
  "sector": "Truyền thông",
  "shares_outstanding": 1000000.0,
  "charter_capital": 10000000000.0,
  "revenue": 24741368045.0,
  "revenue_ttm": 24741368045.0,
  "net_income": 201484842.0,
  "net_income_ttm": 201484842.0,
  "total_assets": 20237228900.0,
  "total_equity": 13070264796.0,
  "total_liabilities": 7166964104.0,
  "total_debt": 7166964104.0,
  "current_assets": 19723567738.0,
  "current_liabilities": 7166964104.0,
  "cash": 4771133329.0,
  "accounts_receivable": 3435711460.0,
  "fixed_assets": 453593402.0,
  "ppe": 453593402.0,
  "roe": 1.5535255399999999,
  "roa": 1.1867881,
  "roic": -0.62737849,
  "net_profit_margin": 0.8143641921236372,
  "net_margin": 0.8143641921236372,
  "gross_profit_margin": 17.562594514162807,
  "gross_margin": 17.562594514162807,
  "ebit_margin": -0.3314288435904475,
  "pe_ratio": 54.5946776483,
  "pb_ratio": 0.8416049844,
  "ps_ratio": 0.4445995056,
  "ev_ebitda": 52.0821157391,
  "ebitda": 119597036.0,
  "dividend_per_share": 0.0,
  "eps": 201.484842,
  "eps_ttm": 201.484842,
  "earnings_per_share": 201.484842,
  "bvps": 13070.264796,
  "book_value_per_share": 13070.264796,
  "market_cap": 11000000000.0,
  "debt_to_equity": 0.5483411557,
  "current_ratio": 2.7520115145,
  "quick_ratio": 1.1450936087,
  "cash_ratio": 0.6657119053,
  "interest_coverage": 0.0,
  "asset_turnover": 1.4573186225,
  "inventory_turnover": 3.1597855948,
  "fixed_asset_turnover": 44.6279364526,
  "current_price": 11000.0,
  "working_capital": 12556603634.0
}