{
  "symbol": "HGM",
  "data_source": "VCI",
  "data_period": "year",
  "last_updated": "2025-11-17T14:05:14.146805",
  "name": "Công ty Cổ phần Cơ khí và Khoáng sản Hà Giang",
  "exchange": "HNX",
  "sector": "Tài nguyên Cơ bản",
  "shares_outstanding": 12600000.0,
  "charter_capital": 126000000000.0,
  "revenue": 370448864861.0,
  "revenue_ttm": 370448864861.0,
  "net_income": 183155715371.0,
  "net_income_ttm": 183155715371.0,
  "total_assets": 424860965988.0,
  "total_equity": 343160839654.0,
  "total_liabilities": 81700126334.0,
  "total_debt": 81700126334.0,
  "current_assets": 343844060919.0,
  "current_liabilities": 68870256361.0,
  "cash": 105181201313.0,
  "accounts_receivable": 12117057609.0,
  "fixed_assets": 17808565434.0,
  "ppe": 17808565434.0,
  "depreciation": 4567706200.0,
  "roe": 67.74869889,
  "roa": 55.19213252,
  "roic": 61.801651199999995,
  "net_profit_margin": 49.4415647459802,
  "net_margin": 49.4415647459802,
  "gross_profit_margin": 64.69131774527665,
  "gross_margin": 64.69131774527665,
  "ebit_margin": 57.24921447838055,
  "pe_ratio": 18.6574263118,
  "pb_ratio": 9.4143609255,
  "ps_ratio": 8.7208797393,
  "ev_ebitda": 14.4265191621,
  "ebitda": 216646771377.0,
  "dividend_per_share": 0.0,
  "eps": 14536.167886587302,
  "eps_ttm": 14536.167886587302,
  "earnings_per_share": 14536.167886587302,
  "bvps": 27234.987274127,
  "book_value_per_share": 27234.987274127,
  "market_cap": 3230640000000.0,
  "debt_to_equity": 0.2380811471,
  "current_ratio": 4.9926351242,
  "quick_ratio": 1.7031773239,
  "cash_ratio": 1.5272369651,
  "interest_coverage": 0.0,
  "asset_turnover": 1.116310392,
  "inventory_turnover": 4.4688689894,
  "fixed_asset_turnover": 22.9326460052,
  "current_price": 261500.0,
  "working_capital": 274973804558.0
}