{
  "symbol": "HHC",
  "data_source": "VCI",
  "data_period": "year",
  "last_updated": "2025-11-17T14:05:22.505286",
  "name": "Công ty Cổ phần Bánh kẹo Hải Hà",
  "exchange": "HNX",
  "sector": "Thực phẩm và đồ uống",
  "shares_outstanding": 16425000.0,
  "charter_capital": 164250000000.0,
  "revenue": 818031591431.0,
  "revenue_ttm": 818031591431.0,
  "net_income": 44251656700.0,
  "net_income_ttm": 44251656700.0,
  "total_assets": 942348593039.0,
  "total_equity": 641248144625.0,
  "total_liabilities": 301100448414.0,
  "total_debt": 301100448414.0,
  "current_assets": 698745833466.0,
  "current_liabilities": 299191735549.0,
  "cash": 64834713056.0,
  "accounts_receivable": 573981539486.0,
  "fixed_assets": 137972343419.0,
  "ppe": 137972343419.0,
  "depreciation": 17343755453.0,
  "roe": 7.1332024800000005,
  "roa": 3.28583909,
  "roic": 2.80686399,
  "net_profit_margin": 5.73021642625669,
  "net_margin": 5.73021642625669,
  "gross_profit_margin": 21.96060211293778,
  "gross_margin": 21.96060211293778,
  "ebit_margin": 2.967790124115362,
  "pe_ratio": 48.1781962301,
  "pb_ratio": 3.324711374,
  "ps_ratio": 2.7607149143,
  "ev_ebitda": 55.6946578682,
  "ebitda": 40262545942.0,
  "dividend_per_share": 0.0,
  "eps": 2694.164791476408,
  "eps_ttm": 2694.164791476408,
  "earnings_per_share": 2694.164791476408,
  "bvps": 39040.9829299848,
  "book_value_per_share": 39040.9829299848,
  "market_cap": 2131965000000.0,
  "debt_to_equity": 0.4695537148,
  "current_ratio": 2.3354449687,
  "quick_ratio": 2.1351400344,
  "cash_ratio": 0.2166995453,
  "interest_coverage": -0.4962616905716234,
  "asset_turnover": 0.5734232094,
  "inventory_turnover": 7.7830351236,
  "fixed_asset_turnover": 5.3014911964,
  "current_price": 129800.0,
  "working_capital": 399554097917.0
}