{
  "symbol": "HHP",
  "data_source": "VCI",
  "data_period": "year",
  "last_updated": "2025-11-17T16:15:47.306527",
  "name": "Công ty Cổ phần HHP Global",
  "exchange": "HSX",
  "sector": "Tài nguyên Cơ bản",
  "shares_outstanding": 86554343.0,
  "charter_capital": 865543430000.0,
  "revenue": 1870595557733.0,
  "revenue_ttm": 1870595557733.0,
  "net_income": 23796634657.0,
  "net_income_ttm": 23796634657.0,
  "total_assets": 2874881558167.0,
  "total_equity": 1032339910310.0,
  "total_liabilities": 1842541647857.0,
  "total_debt": 1842541647857.0,
  "current_assets": 1158650865171.0,
  "current_liabilities": 994247675817.0,
  "cash": 16524916087.0,
  "accounts_receivable": 536869515306.0,
  "fixed_assets": 220661816155.0,
  "ppe": 220661816155.0,
  "depreciation": 13410624841.0,
  "roe": 2.28945066,
  "roa": 0.7546324099999999,
  "roic": 1.62541709,
  "net_profit_margin": 0.9991259073813862,
  "net_margin": 0.9991259073813862,
  "gross_profit_margin": 3.0922697319350143,
  "gross_margin": 3.0922697319350143,
  "ebit_margin": 2.4128119220132302,
  "pe_ratio": 62.7073077365,
  "pb_ratio": 1.151466709,
  "ps_ratio": 0.5691716217,
  "ev_ebitda": 47.6982346819,
  "ebitda": 58541546968.0,
  "dividend_per_share": 0.0,
  "eps": 215.91464142937346,
  "eps_ttm": 215.91464142937346,
  "earnings_per_share": 215.91464142937346,
  "bvps": 10682.0283243326,
  "book_value_per_share": 10682.0283243326,
  "market_cap": 1064618418900.0,
  "debt_to_equity": 1.7848207063,
  "current_ratio": 1.1653543612,
  "quick_ratio": 0.5565961529,
  "cash_ratio": 0.0166205227,
  "interest_coverage": -1.8274969879475405,
  "asset_turnover": 0.755292604,
  "inventory_turnover": 6.9194381732,
  "fixed_asset_turnover": 10.0663401729,
  "current_price": 12400.0,
  "working_capital": 164403189354.0
}