{
  "symbol": "HHS",
  "data_source": "VCI",
  "data_period": "year",
  "last_updated": "2025-11-17T16:17:13.835521",
  "name": "Công ty Cổ phần Đầu tư Dịch vụ Hoàng Huy",
  "exchange": "HSX",
  "sector": "Ô tô và phụ tùng",
  "shares_outstanding": 431985968.0,
  "charter_capital": 4319859680000.0,
  "revenue": 571225175340.0,
  "revenue_ttm": 571225175340.0,
  "net_income": 368615735832.0,
  "net_income_ttm": 368615735832.0,
  "total_assets": 5476784639289.0,
  "total_equity": 4846403176551.0,
  "total_liabilities": 630381462738.0,
  "total_debt": 630381462738.0,
  "current_assets": 1555096250134.0,
  "current_liabilities": 628822782860.0,
  "cash": 72978921652.0,
  "accounts_receivable": 93593310760.0,
  "fixed_assets": 28790997933.0,
  "ppe": 28790997933.0,
  "depreciation": 18663615311.0,
  "roe": 7.96210767,
  "roa": 7.23505709,
  "roic": 0.46074745999999994,
  "net_profit_margin": 64.28161087743419,
  "net_margin": 64.28161087743419,
  "gross_profit_margin": 11.191787424450949,
  "gross_margin": 11.191787424450949,
  "ebit_margin": 3.9090853064571447,
  "pe_ratio": 14.8319715157,
  "pb_ratio": 1.1376946348,
  "ps_ratio": 9.5342302152,
  "ev_ebitda": 131.0754220453,
  "ebitda": 40993294707.0,
  "dividend_per_share": 0.0,
  "eps": 997.8444190187165,
  "eps_ttm": 997.8444190187165,
  "earnings_per_share": 997.8444190187165,
  "bvps": 13008.7631132962,
  "book_value_per_share": 13008.7631132962,
  "market_cap": 5446192326400.0,
  "debt_to_equity": 0.1300720224,
  "current_ratio": 2.4730278427,
  "quick_ratio": 0.264895352,
  "cash_ratio": 0.116056421,
  "interest_coverage": 0.0,
  "asset_turnover": 0.1125525168,
  "inventory_turnover": 1.5628698473,
  "fixed_asset_turnover": 31.8192926395,
  "current_price": 15100.0,
  "working_capital": 926273467274.0
}