{
  "symbol": "HHV",
  "data_source": "VCI",
  "data_period": "year",
  "last_updated": "2025-11-17T16:17:23.517307",
  "name": "Công ty Cổ phần Đầu tư Hạ tầng Giao thông Đèo Cả",
  "exchange": "HSX",
  "sector": "Xây dựng và Vật liệu",
  "shares_outstanding": 497433003.0,
  "charter_capital": 4974330030000.0,
  "revenue": 3308251591277.0,
  "revenue_ttm": 3308251591277.0,
  "net_income": 495104828065.0,
  "net_income_ttm": 495104828065.0,
  "total_assets": 38906360732239.0,
  "total_equity": 10929626950095.0,
  "total_liabilities": 27976733782144.0,
  "total_debt": 27976733782144.0,
  "current_assets": 1282949495901.0,
  "current_liabilities": 3678947981964.0,
  "cash": 308933876437.0,
  "accounts_receivable": 878312475722.0,
  "fixed_assets": 27803114813212.0,
  "ppe": 27803114813212.0,
  "depreciation": 348937233697.0,
  "roe": 5.02844886,
  "roa": 1.12679559,
  "roic": 4.24252316,
  "net_profit_margin": 12.88947189395597,
  "net_margin": 12.88947189395597,
  "gross_profit_margin": 40.54112437755346,
  "gross_margin": 40.54112437755346,
  "ebit_margin": 38.37265438412383,
  "pe_ratio": 13.7862392318,
  "pb_ratio": 1.0774881089,
  "ps_ratio": 1.776973431,
  "ev_ebitda": 15.1770128166,
  "ebitda": 1618401182975.0,
  "dividend_per_share": 0.0,
  "eps": 986.4909328331366,
  "eps_ttm": 986.4909328331366,
  "earnings_per_share": 986.4909328331366,
  "bvps": 12621.9490386159,
  "book_value_per_share": 12621.9490386159,
  "market_cap": 5878675180800.0,
  "debt_to_equity": 2.5597153416,
  "current_ratio": 0.3487272726,
  "quick_ratio": 0.3227135469,
  "cash_ratio": 0.0839734288,
  "interest_coverage": -1.5936577218689016,
  "asset_turnover": 0.0874198414,
  "inventory_turnover": 27.1307122521,
  "fixed_asset_turnover": 0.1178741718,
  "current_price": 14400.0,
  "working_capital": -2395998486063.0
}