{
  "symbol": "HID",
  "data_source": "VCI",
  "data_period": "year",
  "last_updated": "2025-11-17T16:17:32.733270",
  "name": "Công ty Cổ phần Halcom Vietnam",
  "exchange": "HSX",
  "sector": "Xây dựng và Vật liệu",
  "shares_outstanding": 76765032.0,
  "charter_capital": 767650320000.0,
  "revenue": 331994169747.0,
  "revenue_ttm": 331994169747.0,
  "net_income": 16050643345.0,
  "net_income_ttm": 16050643345.0,
  "total_assets": 1698146756875.0,
  "total_equity": 931125414650.0,
  "total_liabilities": 767021342225.0,
  "total_debt": 767021342225.0,
  "current_assets": 415438687111.0,
  "current_liabilities": 234038244776.0,
  "cash": 71530492644.0,
  "accounts_receivable": 193089079431.0,
  "fixed_assets": 811337983901.0,
  "ppe": 811337983901.0,
  "depreciation": 23639493069.0,
  "roe": 2.86686979,
  "roa": 1.36273795,
  "roic": 2.24696387,
  "net_profit_margin": 6.849312113320773,
  "net_margin": 6.849312113320773,
  "gross_profit_margin": 18.858915764006657,
  "gross_margin": 18.858915764006657,
  "ebit_margin": 10.361090061374739,
  "pe_ratio": 18.060917278,
  "pb_ratio": 0.5141718438,
  "ps_ratio": 1.2370485949,
  "ev_ebitda": 16.1776256829,
  "ebitda": 58037707995.0,
  "dividend_per_share": 0.0,
  "eps": 296.219727805233,
  "eps_ttm": 296.219727805233,
  "earnings_per_share": 296.219727805233,
  "bvps": 10405.0816168747,
  "book_value_per_share": 10405.0816168747,
  "market_cap": 410692921200.0,
  "debt_to_equity": 0.8237572836,
  "current_ratio": 1.7750888856,
  "quick_ratio": 1.1306680766,
  "cash_ratio": 0.3056359131,
  "interest_coverage": -1.0288580952057624,
  "asset_turnover": 0.1989598261,
  "inventory_turnover": 15.9811830622,
  "fixed_asset_turnover": 0.3963215664,
  "current_price": 5720.0,
  "working_capital": 181400442335.0
}