{
  "symbol": "HII",
  "data_source": "VCI",
  "data_period": "year",
  "last_updated": "2025-11-17T16:17:41.509881",
  "name": "Công ty Cổ phần An Tiến Industries",
  "exchange": "HSX",
  "sector": "Hóa chất",
  "shares_outstanding": 73663016.0,
  "charter_capital": 736630160000.0,
  "revenue": 7208426389825.0,
  "revenue_ttm": 7208426389825.0,
  "net_income": 18445493982.0,
  "net_income_ttm": 18445493982.0,
  "total_assets": 1927949143940.0,
  "total_equity": 971859123829.0,
  "total_liabilities": 956090020111.0,
  "total_debt": 956090020111.0,
  "current_assets": 1435739906243.0,
  "current_liabilities": 884640425527.0,
  "cash": 281731130349.0,
  "accounts_receivable": 734942436240.0,
  "fixed_assets": 238418087266.0,
  "ppe": 238418087266.0,
  "depreciation": 42786593569.0,
  "roe": 0.3552665,
  "roa": 0.16064922,
  "roic": 4.17130208,
  "net_profit_margin": 0.04258742927287991,
  "net_margin": 0.04258742927287991,
  "gross_profit_margin": 7.587408799045879,
  "gross_margin": 7.587408799045879,
  "ebit_margin": 0.884221264247871,
  "pe_ratio": 146.8404178614,
  "pb_ratio": 0.4451961374,
  "ps_ratio": 0.0531552252,
  "ev_ebitda": 6.1687943254,
  "ebitda": 106505429337.0,
  "dividend_per_share": 0.0,
  "eps": 41.661874488006305,
  "eps_ttm": 41.661874488006305,
  "earnings_per_share": 41.661874488006305,
  "bvps": 11680.2450949877,
  "book_value_per_share": 11680.2450949877,
  "market_cap": 383047683200.0,
  "debt_to_equity": 0.9837742906,
  "current_ratio": 1.6229643874,
  "quick_ratio": 1.1492506303,
  "cash_ratio": 0.3184696541,
  "interest_coverage": -2.3135409188451286,
  "asset_turnover": 3.7722216215,
  "inventory_turnover": 26.8113331965,
  "fixed_asset_turnover": 29.5390836892,
  "current_price": 5560.0,
  "working_capital": 551099480716.0
}