{
  "symbol": "HJS",
  "data_source": "VCI",
  "data_period": "year",
  "last_updated": "2025-11-17T14:05:30.992806",
  "name": "Công ty Cổ phần Thủy điện Nậm Mu",
  "exchange": "HNX",
  "sector": "Điện, nước & xăng dầu khí đốt",
  "shares_outstanding": 20999900.0,
  "charter_capital": 209999000000.0,
  "revenue": 149000069681.0,
  "revenue_ttm": 149000069681.0,
  "net_income": 47185289710.0,
  "net_income_ttm": 47185289710.0,
  "total_assets": 363899634846.0,
  "total_equity": 321976075569.0,
  "total_liabilities": 41923559277.0,
  "total_debt": 41923559277.0,
  "current_assets": 155771377399.0,
  "current_liabilities": 41923559277.0,
  "cash": 13637721804.0,
  "accounts_receivable": 12618987397.0,
  "fixed_assets": 199447081843.0,
  "ppe": 199447081843.0,
  "depreciation": 22387607889.0,
  "roe": 15.05849182,
  "roa": 12.95404621,
  "roic": 17.18061102,
  "net_profit_margin": 31.634797080910772,
  "net_margin": 31.634797080910772,
  "gross_profit_margin": 43.74292371375391,
  "gross_margin": 43.74292371375391,
  "ebit_margin": 37.12579278414519,
  "pe_ratio": 13.7490140835,
  "pb_ratio": 1.9154554934,
  "ps_ratio": 4.0026636315,
  "ev_ebitda": 7.4996325934,
  "ebitda": 77705065007.0,
  "dividend_per_share": 0.0,
  "eps": 2244.5759119805334,
  "eps_ttm": 2244.5759119805334,
  "earnings_per_share": 2244.5759119805334,
  "bvps": 14826.760578717,
  "book_value_per_share": 14826.760578717,
  "market_cap": 596397160000.0,
  "debt_to_equity": 0.1302070634,
  "current_ratio": 3.7156047837,
  "quick_ratio": 0.626299619,
  "cash_ratio": 0.3252997131,
  "interest_coverage": 0.0,
  "asset_turnover": 0.4094872546,
  "inventory_turnover": 6.8315120077,
  "fixed_asset_turnover": 0.7162209989,
  "current_price": 27500.0,
  "working_capital": 113847818122.0
}