{
  "symbol": "HKT",
  "data_source": "VCI",
  "data_period": "year",
  "last_updated": "2025-11-17T14:05:39.895474",
  "name": "Công ty Cổ phần Đầu tư QP Xanh",
  "exchange": "HNX",
  "sector": "Thực phẩm và đồ uống",
  "shares_outstanding": 6135029.0,
  "charter_capital": 333350290000.0,
  "revenue": 115188432401.0,
  "revenue_ttm": 115188432401.0,
  "net_income": 255560863.0,
  "net_income_ttm": 255560863.0,
  "total_assets": 90024191716.0,
  "total_equity": 70883185394.0,
  "total_liabilities": 19141006322.0,
  "total_debt": 19141006322.0,
  "current_assets": 66429829496.0,
  "current_liabilities": 19141006322.0,
  "cash": 2214960125.0,
  "accounts_receivable": 58612417544.0,
  "fixed_assets": 3844657363.0,
  "ppe": 3844657363.0,
  "depreciation": 937424856.0,
  "roe": 0.36118917,
  "roa": 0.24229045999999999,
  "roic": 0.36990566999999996,
  "net_profit_margin": 0.22186330491097245,
  "net_margin": 0.22186330491097245,
  "gross_profit_margin": 0.7819992009824244,
  "gross_margin": 0.7819992009824244,
  "ebit_margin": 0.27579746453537296,
  "pe_ratio": 374.4957317663,
  "pb_ratio": 1.3501996541,
  "ps_ratio": 0.8308686072,
  "ev_ebitda": 86.4397154077,
  "ebitda": 1255111632.0,
  "dividend_per_share": 0.0,
  "eps": 41.65601548093742,
  "eps_ttm": 41.65601548093742,
  "earnings_per_share": 41.65601548093742,
  "bvps": 11553.8468349538,
  "book_value_per_share": 11553.8468349538,
  "market_cap": 95706452400.0,
  "debt_to_equity": 0.270035922,
  "current_ratio": 3.4705505227,
  "quick_ratio": 3.1778568298,
  "cash_ratio": 0.1157180604,
  "interest_coverage": -0.23915662339366867,
  "asset_turnover": 1.0920708834,
  "inventory_turnover": 12.6984844008,
  "fixed_asset_turnover": 24.4211173431,
  "current_price": 15600.0,
  "working_capital": 47288823174.0
}