{
  "symbol": "HLC",
  "data_source": "VCI",
  "data_period": "year",
  "last_updated": "2025-11-17T14:05:47.900667",
  "name": "Công ty Cổ phần Than Hà Lầm - Vinacomin",
  "exchange": "HNX",
  "sector": "Tài nguyên Cơ bản",
  "shares_outstanding": 25415199.0,
  "charter_capital": 254151990000.0,
  "revenue": 2999066630857.0,
  "revenue_ttm": 2999066630857.0,
  "net_income": 87733417212.0,
  "net_income_ttm": 87733417212.0,
  "total_assets": 1618980598300.0,
  "total_equity": 426497154650.0,
  "total_liabilities": 1192483443650.0,
  "total_debt": 1192483443650.0,
  "current_assets": 601598180952.0,
  "current_liabilities": 1005037926300.0,
  "cash": 14781126080.0,
  "accounts_receivable": 334228276904.0,
  "fixed_assets": 794877759482.0,
  "ppe": 794877759482.0,
  "depreciation": 378693509578.0,
  "roe": 20.68664337,
  "roa": 4.538142199999999,
  "roic": 16.41877788,
  "net_profit_margin": 2.925357386505604,
  "net_margin": 2.925357386505604,
  "gross_profit_margin": 11.20680005015286,
  "gross_margin": 11.20680005015286,
  "ebit_margin": 5.8460966035922635,
  "pe_ratio": 10.5214009015,
  "pb_ratio": 0.8342676665,
  "ps_ratio": 0.118641174,
  "ev_ebitda": 1.7731918591,
  "ebitda": 554021842024.0,
  "dividend_per_share": 0.0,
  "eps": 3452.0059123676347,
  "eps_ttm": 3452.0059123676347,
  "earnings_per_share": 3452.0059123676347,
  "bvps": 16781.1849378004,
  "book_value_per_share": 16781.1849378004,
  "market_cap": 355812786000.0,
  "debt_to_equity": 2.7959939021,
  "current_ratio": 0.5985825661,
  "quick_ratio": 0.347259933,
  "cash_ratio": 0.0147070331,
  "interest_coverage": -4.951928279071206,
  "asset_turnover": 1.5513120619,
  "inventory_turnover": 13.3298673002,
  "fixed_asset_turnover": 3.2147298076,
  "current_price": 14000.0,
  "working_capital": -403439745348.0
}