{
  "symbol": "HLD",
  "data_source": "VCI",
  "data_period": "year",
  "last_updated": "2025-11-17T14:07:13.595284",
  "name": "Công ty Cổ phần Đầu tư và Phát triển Bất động sản HUDLAND",
  "exchange": "HNX",
  "sector": "Bất động sản",
  "shares_outstanding": 54999961.0,
  "charter_capital": 549999610000.0,
  "revenue": 28958565964.0,
  "revenue_ttm": 28958565964.0,
  "net_income": 3819884933.0,
  "net_income_ttm": 3819884933.0,
  "total_assets": 2023312562512.0,
  "total_equity": 427256629523.0,
  "total_liabilities": 1596055932989.0,
  "total_debt": 1596055932989.0,
  "current_assets": 1921529223346.0,
  "current_liabilities": 1054042932989.0,
  "cash": 28483991638.0,
  "accounts_receivable": 53285569488.0,
  "fixed_assets": 28373422661.0,
  "ppe": 28373422661.0,
  "depreciation": 0.0,
  "roe": 0.8965863399999999,
  "roa": 0.29205673,
  "roic": 0.5285523599999999,
  "net_profit_margin": 13.190863586783653,
  "net_margin": 13.190863586783653,
  "gross_profit_margin": 21.547491860464003,
  "gross_margin": 21.547491860464003,
  "ebit_margin": 19.996458941367212,
  "pe_ratio": 207.3131678739,
  "pb_ratio": 1.3682626274,
  "ps_ratio": 20.1874388126,
  "ev_ebitda": 97.9022990667,
  "ebitda": 12506690072.0,
  "dividend_per_share": 0.0,
  "eps": 120.8825837791382,
  "eps_ttm": 120.8825837791382,
  "earnings_per_share": 120.8825837791382,
  "bvps": 13520.7961023433,
  "book_value_per_share": 13520.7961023433,
  "market_cap": 584599278500.0,
  "debt_to_equity": 3.7355907965,
  "current_ratio": 1.8230084973,
  "quick_ratio": 0.0775770688,
  "cash_ratio": 0.0270235592,
  "interest_coverage": -2.840707248681135,
  "asset_turnover": 0.0221408348,
  "inventory_turnover": 0.0206671552,
  "fixed_asset_turnover": 0.9685628099,
  "current_price": 18500.0,
  "working_capital": 867486290357.0
}