{
  "symbol": "HMC",
  "data_source": "VCI",
  "data_period": "year",
  "last_updated": "2025-11-17T16:17:50.949892",
  "name": "Công ty Cổ phần Kim khí Thành phố Hồ Chí Minh - VNSTEEL",
  "exchange": "HSX",
  "sector": "Tài nguyên Cơ bản",
  "shares_outstanding": 27299999.0,
  "charter_capital": 272999990000.0,
  "revenue": 4235960388440.0,
  "revenue_ttm": 4235960388440.0,
  "net_income": 25568408490.0,
  "net_income_ttm": 25568408490.0,
  "total_assets": 1359529590831.0,
  "total_equity": 404244865617.0,
  "total_liabilities": 955284725214.0,
  "total_debt": 955284725214.0,
  "current_assets": 1253735081129.0,
  "current_liabilities": 931061429259.0,
  "cash": 96583891064.0,
  "accounts_receivable": 443661953202.0,
  "fixed_assets": 24708596886.0,
  "ppe": 24708596886.0,
  "depreciation": 8034158432.0,
  "roe": 6.329332379999999,
  "roa": 1.93743106,
  "roic": 1.8082160100000002,
  "net_profit_margin": 0.6036749841448377,
  "net_margin": 0.6036749841448377,
  "gross_profit_margin": 2.180314725751795,
  "gross_margin": 2.180314725751795,
  "ebit_margin": 0.4879238224829904,
  "pe_ratio": 14.6340971783,
  "pb_ratio": 0.7867632106,
  "ps_ratio": 0.0750910262,
  "ev_ebitda": 33.4530075277,
  "ebitda": 28699973536.0,
  "dividend_per_share": 0.0,
  "eps": 936.5717738670979,
  "eps_ttm": 936.5717738670979,
  "earnings_per_share": 936.5717738670979,
  "bvps": 14807.5047774544,
  "book_value_per_share": 14807.5047774544,
  "market_cap": 318044988350.0,
  "debt_to_equity": 2.363133849,
  "current_ratio": 1.3465653734,
  "quick_ratio": 0.5802472611,
  "cash_ratio": 0.103735251,
  "interest_coverage": -0.9807984044855652,
  "asset_turnover": 3.2093943123,
  "inventory_turnover": 8.8819022798,
  "fixed_asset_turnover": 157.2829292917,
  "current_price": 11700.0,
  "working_capital": 322673651870.0
}