{
  "symbol": "HMH",
  "data_source": "VCI",
  "data_period": "year",
  "last_updated": "2025-11-17T14:07:21.915107",
  "name": "Công ty Cổ phần Hải Minh",
  "exchange": "HNX",
  "sector": "Hàng & Dịch vụ Công nghiệp",
  "shares_outstanding": 13199847.0,
  "charter_capital": 138422290000.0,
  "revenue": 107881252448.0,
  "revenue_ttm": 107881252448.0,
  "net_income": 18114439481.0,
  "net_income_ttm": 18114439481.0,
  "total_assets": 248055199223.0,
  "total_equity": 219207979224.0,
  "total_liabilities": 28847219999.0,
  "total_debt": 28847219999.0,
  "current_assets": 111604969771.0,
  "current_liabilities": 28847219999.0,
  "cash": 28591896238.0,
  "accounts_receivable": 15574132260.0,
  "fixed_assets": 88252025138.0,
  "ppe": 88252025138.0,
  "depreciation": 7510012002.0,
  "roe": 8.618531899999999,
  "roa": 7.6524385,
  "roic": 6.16027936,
  "net_profit_margin": 16.699910044781834,
  "net_margin": 16.699910044781834,
  "gross_profit_margin": 19.25153039914029,
  "gross_margin": 19.25153039914029,
  "ebit_margin": 12.634820243276382,
  "pe_ratio": 12.3397162459,
  "pb_ratio": 0.9698744615,
  "ps_ratio": 1.9576853921,
  "ev_ebitda": 8.7350183286,
  "ebitda": 21140614325.0,
  "dividend_per_share": 0.0,
  "eps": 1364.8697681117062,
  "eps_ttm": 1364.8697681117062,
  "earnings_per_share": 1364.8697681117062,
  "bvps": 16496.9804188639,
  "book_value_per_share": 16496.9804188639,
  "market_cap": 211197552000.0,
  "debt_to_equity": 0.1315974907,
  "current_ratio": 3.8688292936,
  "quick_ratio": 3.8232113593,
  "cash_ratio": 3.2833280616,
  "interest_coverage": -645.1087898790831,
  "asset_turnover": 0.4582323189,
  "inventory_turnover": 4711.2797641539,
  "fixed_asset_turnover": 1.180318769,
  "current_price": 15200.0,
  "working_capital": 82757749772.0
}