{
  "symbol": "HMR",
  "data_source": "VCI",
  "data_period": "year",
  "last_updated": "2025-11-17T14:07:30.525951",
  "name": "Công ty Cổ phần Đá Hoàng Mai",
  "exchange": "HNX",
  "sector": "Xây dựng và Vật liệu",
  "shares_outstanding": 5612444.0,
  "charter_capital": 56124440000.0,
  "revenue": 52996318288.0,
  "revenue_ttm": 52996318288.0,
  "net_income": 6033053286.0,
  "net_income_ttm": 6033053286.0,
  "total_assets": 91319113504.0,
  "total_equity": 77612401766.0,
  "total_liabilities": 13706711738.0,
  "total_debt": 13706711738.0,
  "current_assets": 82031530140.0,
  "current_liabilities": 12255021738.0,
  "cash": 120159113.0,
  "accounts_receivable": 54193818894.0,
  "fixed_assets": 6709636914.0,
  "ppe": 6709636914.0,
  "depreciation": 1091760619.0,
  "roe": 7.78694742,
  "roa": 6.29784543,
  "roic": 11.716650450000001,
  "net_profit_margin": 11.383910205260559,
  "net_margin": 11.383910205260559,
  "gross_profit_margin": 23.001390043278093,
  "gross_margin": 23.001390043278093,
  "ebit_margin": 17.269420528920648,
  "pe_ratio": 11.2613146887,
  "pb_ratio": 0.8316081519,
  "ps_ratio": 1.2178790543,
  "ev_ebitda": 6.3377068089,
  "ebitda": 10243917689.0,
  "dividend_per_share": 0.0,
  "eps": 1074.9422686444623,
  "eps_ttm": 1074.9422686444623,
  "earnings_per_share": 1074.9422686444623,
  "bvps": 13828.6282706785,
  "book_value_per_share": 13828.6282706785,
  "market_cap": 64543106000.0,
  "debt_to_equity": 0.1766046589,
  "current_ratio": 6.6937074363,
  "quick_ratio": 4.431977288,
  "cash_ratio": 0.0098048878,
  "interest_coverage": -81.55927273226315,
  "asset_turnover": 0.5532233933,
  "inventory_turnover": 1.4104966957,
  "fixed_asset_turnover": 8.0562576892,
  "current_price": 11600.0,
  "working_capital": 69776508402.0
}