{
  "symbol": "HNA",
  "data_source": "VCI",
  "data_period": "year",
  "last_updated": "2025-11-17T16:19:14.411160",
  "name": "Công ty Cổ phần Thủy điện Hủa Na",
  "exchange": "HSX",
  "sector": "Điện, nước & xăng dầu khí đốt",
  "shares_outstanding": 235232210.0,
  "charter_capital": 2352322100000.0,
  "revenue": 788945850435.0,
  "revenue_ttm": 788945850435.0,
  "net_income": 269752732198.0,
  "net_income_ttm": 269752732198.0,
  "total_assets": 4010196698675.0,
  "total_equity": 3243001624875.0,
  "total_liabilities": 767195073800.0,
  "total_debt": 767195073800.0,
  "current_assets": 624050350473.0,
  "current_liabilities": 365350434462.0,
  "cash": 416932431896.0,
  "accounts_receivable": 131901447943.0,
  "fixed_assets": 3324886412427.0,
  "ppe": 3324886412427.0,
  "depreciation": 292354703690.0,
  "roe": 8.33867807,
  "roa": 7.201414809999999,
  "roic": 7.5998591399999995,
  "net_profit_margin": 34.191539514311,
  "net_margin": 34.191539514311,
  "gross_profit_margin": 40.86412945581006,
  "gross_margin": 40.86412945581006,
  "ebit_margin": 36.04870225734607,
  "pe_ratio": 20.543566124,
  "pb_ratio": 1.5957773773,
  "ps_ratio": 6.5595232229,
  "ev_ebitda": 9.1154321261,
  "ebitda": 576759444285.0,
  "dividend_per_share": 0.0,
  "eps": 1146.7508305856584,
  "eps_ttm": 1146.7508305856584,
  "earnings_per_share": 1146.7508305856584,
  "bvps": 13786.384186617,
  "book_value_per_share": 13786.384186617,
  "market_cap": 5175108627577.0,
  "debt_to_equity": 0.2365694386,
  "current_ratio": 1.7080870627,
  "quick_ratio": 1.5022121998,
  "cash_ratio": 1.14118499,
  "interest_coverage": -28.749812287780188,
  "asset_turnover": 0.2106197883,
  "inventory_turnover": 22.6006470647,
  "fixed_asset_turnover": 0.2505697803,
  "current_price": 21900.0,
  "working_capital": 258699916011.0
}