{
  "symbol": "HOM",
  "data_source": "VCI",
  "data_period": "year",
  "last_updated": "2025-11-17T14:07:38.841779",
  "name": "Công ty Cổ phần Xi măng VICEM Hoàng Mai",
  "exchange": "HNX",
  "sector": "Xây dựng và Vật liệu",
  "shares_outstanding": 74769131.0,
  "charter_capital": 747691310000.0,
  "revenue": 1800835667739.0,
  "revenue_ttm": 1800835667739.0,
  "net_income": -69860569067.0,
  "net_income_ttm": -69860569067.0,
  "total_assets": 1239509793025.0,
  "total_equity": 859212884485.0,
  "total_liabilities": 380296908540.0,
  "total_debt": 380296908540.0,
  "current_assets": 501012788752.0,
  "current_liabilities": 369249272898.0,
  "cash": 206412400685.0,
  "accounts_receivable": 186591410493.0,
  "fixed_assets": 476835694932.0,
  "ppe": 476835694932.0,
  "depreciation": 39110822537.0,
  "roe": -7.8131301,
  "roa": -5.18478669,
  "roic": -7.7588623100000005,
  "net_profit_margin": -4.085861140630706,
  "net_margin": -4.085861140630706,
  "gross_profit_margin": 12.829423116767549,
  "gross_margin": 12.829423116767549,
  "ebit_margin": -4.330068880832651,
  "pe_ratio": -5.13725888,
  "pb_ratio": 0.4176983787,
  "ps_ratio": 0.2099012643,
  "ev_ebitda": -7.0859761913,
  "ebitda": -34925241270.0,
  "dividend_per_share": 0.0,
  "eps": -934.3504215262312,
  "eps_ttm": -934.3504215262312,
  "earnings_per_share": -934.3504215262312,
  "bvps": 11491.5456819339,
  "book_value_per_share": 11491.5456819339,
  "market_cap": 358891828800.0,
  "debt_to_equity": 0.4426108074,
  "current_ratio": 1.3568416393,
  "quick_ratio": 1.0643319839,
  "cash_ratio": 0.5590055711,
  "interest_coverage": 20.959233759281737,
  "asset_turnover": 1.2689581233,
  "inventory_turnover": 9.2955764704,
  "fixed_asset_turnover": 3.6188076053,
  "current_price": 4800.0,
  "working_capital": 131763515854.0
}