{
  "symbol": "HPX",
  "data_source": "VCI",
  "data_period": "year",
  "last_updated": "2025-11-17T16:19:34.206757",
  "name": "Công ty Cổ phần Đầu tư Hải Phát",
  "exchange": "HSX",
  "sector": "Bất động sản",
  "shares_outstanding": 304168581.0,
  "charter_capital": 3041685810000.0,
  "revenue": 1615671932877.0,
  "revenue_ttm": 1615671932877.0,
  "net_income": 61465006731.0,
  "net_income_ttm": 61465006731.0,
  "total_assets": 7701601506749.0,
  "total_equity": 3633973647389.0,
  "total_liabilities": 4067627859360.0,
  "total_debt": 4067627859360.0,
  "current_assets": 6280148452585.0,
  "current_liabilities": 3820593269928.0,
  "cash": 1971403413.0,
  "accounts_receivable": 3555026920305.0,
  "fixed_assets": 54638520999.0,
  "ppe": 54638520999.0,
  "depreciation": 19083227350.0,
  "roe": 1.6852938899999999,
  "roa": 0.71814944,
  "roic": 5.41174228,
  "net_profit_margin": 3.5555950502095763,
  "net_margin": 3.5555950502095763,
  "gross_profit_margin": 32.09517810435821,
  "gross_margin": 32.09517810435821,
  "ebit_margin": 19.007240388843154,
  "pe_ratio": 24.4619375871,
  "pb_ratio": 0.4090532004,
  "ps_ratio": 0.869767442,
  "ev_ebitda": 10.558387276,
  "ebitda": 326177875527.0,
  "dividend_per_share": 0.0,
  "eps": 188.86484292406257,
  "eps_ttm": 188.86484292406257,
  "earnings_per_share": 188.86484292406257,
  "bvps": 11294.3744139274,
  "book_value_per_share": 11294.3744139274,
  "market_cap": 1405258844220.0,
  "debt_to_equity": 1.1193333398,
  "current_ratio": 1.6437626329,
  "quick_ratio": 0.9310068025,
  "cash_ratio": 0.0005159941,
  "interest_coverage": -2.974177501680823,
  "asset_turnover": 0.2019772866,
  "inventory_turnover": 0.3864817932,
  "fixed_asset_turnover": 28.8534452157,
  "current_price": 4650.0,
  "working_capital": 2459555182657.0
}