{
  "symbol": "HQC",
  "data_source": "VCI",
  "data_period": "year",
  "last_updated": "2025-11-17T16:19:45.608614",
  "name": "Công ty Cổ phần Tư vấn - Thương mại - Dịch vụ Địa ốc Hoàng Quân",
  "exchange": "HSX",
  "sector": "Bất động sản",
  "shares_outstanding": 576600000.0,
  "charter_capital": 5766000000000.0,
  "revenue": 345666808425.0,
  "revenue_ttm": 345666808425.0,
  "net_income": 33773319252.0,
  "net_income_ttm": 33773319252.0,
  "total_assets": 10101966534123.0,
  "total_equity": 5393650054568.0,
  "total_liabilities": 4708316479555.0,
  "total_debt": 4708316479555.0,
  "current_assets": 6675961961080.0,
  "current_liabilities": 3206261743364.0,
  "cash": 42062167302.0,
  "accounts_receivable": 5236577964799.0,
  "fixed_assets": 1939109680.0,
  "ppe": 1939109680.0,
  "depreciation": 650136871.0,
  "roe": 0.6931115,
  "roa": 0.38787475,
  "roic": 0.5584005000000001,
  "net_profit_margin": -50.686788259703405,
  "net_margin": -50.686788259703405,
  "gross_profit_margin": -1.3646222861963226,
  "gross_margin": -1.3646222861963226,
  "ebit_margin": -59.863647268637536,
  "pe_ratio": 52.5838892181,
  "pb_ratio": 0.3294197809,
  "ps_ratio": -26.5865528524,
  "ev_ebitda": 85.7192184307,
  "ebitda": 40508013206.0,
  "dividend_per_share": 0.0,
  "eps": 58.5290017932709,
  "eps_ttm": 58.5290017932709,
  "earnings_per_share": 58.5290017932709,
  "bvps": 9319.4160691328,
  "book_value_per_share": 9319.4160691328,
  "market_cap": 1770162000000.0,
  "debt_to_equity": 0.8729369596,
  "current_ratio": 2.0821637456,
  "quick_ratio": 1.6463534654,
  "cash_ratio": 0.0131187566,
  "interest_coverage": -0.4542919166395961,
  "asset_turnover": -0.0076523837,
  "inventory_turnover": -0.1624529529,
  "fixed_asset_turnover": -29.4063006891,
  "current_price": 3130.0,
  "working_capital": 3469700217716.0
}