{
  "symbol": "HRC",
  "data_source": "VCI",
  "data_period": "year",
  "last_updated": "2025-11-17T16:19:55.407713",
  "name": "Công ty Cổ phần Cao su Hòa Bình",
  "exchange": "HSX",
  "sector": "Hóa chất",
  "shares_outstanding": 30206622.0,
  "charter_capital": 302066220000.0,
  "revenue": 214359048336.0,
  "revenue_ttm": 214359048336.0,
  "net_income": 61401116335.0,
  "net_income_ttm": 61401116335.0,
  "total_assets": 845935227453.0,
  "total_equity": 603185322024.0,
  "total_liabilities": 242749905429.0,
  "total_debt": 242749905429.0,
  "current_assets": 110401324987.0,
  "current_liabilities": 174951490633.0,
  "cash": 75015205172.0,
  "accounts_receivable": 7171883951.0,
  "fixed_assets": 287938395037.0,
  "ppe": 287938395037.0,
  "depreciation": 0.0,
  "roe": 10.62919155,
  "roa": 7.37610568,
  "roic": 3.2975427699999997,
  "net_profit_margin": 28.65619852334066,
  "net_margin": 28.65619852334066,
  "gross_profit_margin": 21.10203083926635,
  "gross_margin": 21.10203083926635,
  "ebit_margin": 12.356323593009574,
  "pe_ratio": 16.5051921497,
  "pb_ratio": 1.4097100481,
  "ps_ratio": 3.9684678858,
  "ev_ebitda": 21.0705858464,
  "ebitda": 46273358161.0,
  "dividend_per_share": 0.0,
  "eps": 2032.703833450824,
  "eps_ttm": 2032.703833450824,
  "earnings_per_share": 2032.703833450824,
  "bvps": 19968.6453527971,
  "book_value_per_share": 19968.6453527971,
  "market_cap": 850316409300.0,
  "debt_to_equity": 0.4024466388,
  "current_ratio": 0.6310396361,
  "quick_ratio": 0.469770728,
  "cash_ratio": 0.4287771707,
  "interest_coverage": -2.2148375409015144,
  "asset_turnover": 0.2574000064,
  "inventory_turnover": 8.1142574109,
  "fixed_asset_turnover": 0.7817207909,
  "current_price": 28150.0,
  "working_capital": -64550165646.0
}