{
  "symbol": "HSG",
  "data_source": "VCI",
  "data_period": "year",
  "last_updated": "2025-11-17T16:21:14.213967",
  "name": "Công ty Cổ phần Tập đoàn Hoa Sen",
  "exchange": "HSX",
  "sector": "Tài nguyên Cơ bản",
  "shares_outstanding": 620982309.0,
  "charter_capital": 6209823090000.0,
  "revenue": 41040440243474.0,
  "revenue_ttm": 41040440243474.0,
  "net_income": 576846402473.0,
  "net_income_ttm": 576846402473.0,
  "total_assets": 19800192675544.0,
  "total_equity": 11120270891680.0,
  "total_liabilities": 8679921783864.0,
  "total_debt": 8679921783864.0,
  "current_assets": 14472021631560.0,
  "current_liabilities": 8663651871439.0,
  "cash": 1497358445129.0,
  "accounts_receivable": 2359667839628.0,
  "fixed_assets": 3970963932867.0,
  "ppe": 3970963932867.0,
  "depreciation": 951951420827.0,
  "roe": 5.25361162,
  "roa": 2.98875746,
  "roic": 3.005656,
  "net_profit_margin": 1.4270284035866236,
  "net_margin": 1.4270284035866236,
  "gross_profit_margin": 11.180735526688053,
  "gross_margin": 11.180735526688053,
  "ebit_margin": 1.303549962194066,
  "pe_ratio": 18.356034362,
  "pb_ratio": 0.9534968819,
  "ps_ratio": 0.2619411466,
  "ev_ebitda": 10.4813670271,
  "ebitda": 1478850656208.0,
  "dividend_per_share": 0.0,
  "eps": 928.8664494949404,
  "eps_ttm": 928.8664494949404,
  "earnings_per_share": 928.8664494949404,
  "bvps": 17881.5477247678,
  "book_value_per_share": 17881.5477247678,
  "market_cap": 10587748368450.0,
  "debt_to_equity": 0.780549491,
  "current_ratio": 1.6704297271,
  "quick_ratio": 0.4451963608,
  "cash_ratio": 0.1728322499,
  "interest_coverage": -3.357897896023349,
  "asset_turnover": 2.0943924088,
  "inventory_turnover": 3.9433980411,
  "fixed_asset_turnover": 9.254999791,
  "current_price": 17200.0,
  "working_capital": 5808369760121.0
}