{
  "symbol": "HSL",
  "data_source": "VCI",
  "data_period": "year",
  "last_updated": "2025-11-17T16:21:24.305036",
  "name": "Công ty Cổ phần Đầu tư Phát triển Thực phẩm Hồng Hà",
  "exchange": "HSX",
  "sector": "Thực phẩm và đồ uống",
  "shares_outstanding": 38567363.0,
  "charter_capital": 385673630000.0,
  "revenue": 139245565620.0,
  "revenue_ttm": 139245565620.0,
  "net_income": 6976077862.0,
  "net_income_ttm": 6976077862.0,
  "total_assets": 469338948444.0,
  "total_equity": 446621784356.0,
  "total_liabilities": 22717164088.0,
  "total_debt": 22717164088.0,
  "current_assets": 253399925872.0,
  "current_liabilities": 18597827480.0,
  "cash": 80145704798.0,
  "accounts_receivable": 106921255819.0,
  "fixed_assets": 41983805086.0,
  "ppe": 41983805086.0,
  "depreciation": 5370146033.0,
  "roe": 1.54146863,
  "roa": 1.4235712600000001,
  "roic": 1.45791793,
  "net_profit_margin": 4.853353924707911,
  "net_margin": 4.853353924707911,
  "gross_profit_margin": 8.028102227331813,
  "gross_margin": 8.028102227331813,
  "ebit_margin": 4.783173605094226,
  "pe_ratio": 57.9245476921,
  "pb_ratio": 0.8864688947,
  "ps_ratio": 2.8112833088,
  "ev_ebitda": 26.7263616974,
  "ebitda": 12030503174.0,
  "dividend_per_share": 0.0,
  "eps": 175.2279543716795,
  "eps_ttm": 175.2279543716795,
  "earnings_per_share": 175.2279543716795,
  "bvps": 11449.922338429,
  "book_value_per_share": 11449.922338429,
  "market_cap": 391458734450.0,
  "debt_to_equity": 0.0508644336,
  "current_ratio": 13.6252433863,
  "quick_ratio": 13.3506793347,
  "cash_ratio": 7.6015532105,
  "interest_coverage": -5.7486922793172806,
  "asset_turnover": 0.2933170107,
  "inventory_turnover": 13.4856657399,
  "fixed_asset_turnover": 3.1578218097,
  "current_price": 9680.0,
  "working_capital": 234802098392.0
}