{
  "symbol": "HT1",
  "data_source": "VCI",
  "data_period": "year",
  "last_updated": "2025-11-17T16:21:34.138550",
  "name": "Công ty Cổ phần Xi măng VICEM Hà Tiên",
  "exchange": "HSX",
  "sector": "Xây dựng và Vật liệu",
  "shares_outstanding": 381589911.0,
  "charter_capital": 3815899110000.0,
  "revenue": 7360182839307.0,
  "revenue_ttm": 7360182839307.0,
  "net_income": 60362419520.0,
  "net_income_ttm": 60362419520.0,
  "total_assets": 8223355674148.0,
  "total_equity": 4875324777724.0,
  "total_liabilities": 3348030896424.0,
  "total_debt": 3348030896424.0,
  "current_assets": 1903995283234.0,
  "current_liabilities": 3327002972589.0,
  "cash": 848514761917.0,
  "accounts_receivable": 342021939954.0,
  "fixed_assets": 5073753112455.0,
  "ppe": 5073753112455.0,
  "depreciation": 558735076509.0,
  "roe": 1.24154319,
  "roa": 0.7140238999999999,
  "roic": 2.74106074,
  "net_profit_margin": 0.8736785860797127,
  "net_margin": 0.8736785860797127,
  "gross_profit_margin": 9.372817758543158,
  "gross_margin": 9.372817758543158,
  "ebit_margin": 2.542961682131784,
  "pe_ratio": 160.1649822102,
  "pb_ratio": 1.2705107612,
  "ps_ratio": 0.897956992,
  "ev_ebitda": 9.3276681494,
  "ebitda": 733798806691.0,
  "dividend_per_share": 0.0,
  "eps": 157.61994417352403,
  "eps_ttm": 157.61994417352403,
  "earnings_per_share": 157.61994417352403,
  "bvps": 12750.7774789098,
  "book_value_per_share": 12750.7774789098,
  "market_cap": 6181756558200.0,
  "debt_to_equity": 0.6867298178,
  "current_ratio": 0.5722854169,
  "quick_ratio": 0.3578405886,
  "cash_ratio": 0.2550387748,
  "interest_coverage": -3.248359084242567,
  "asset_turnover": 0.8172615332,
  "inventory_turnover": 8.1031029149,
  "fixed_asset_turnover": 1.3665816159,
  "current_price": 16250.0,
  "working_capital": -1423007689355.0
}