{
  "symbol": "HTC",
  "data_source": "VCI",
  "data_period": "year",
  "last_updated": "2025-11-17T14:07:46.980174",
  "name": "Công ty Cổ phần Thương mại Hóc Môn",
  "exchange": "HNX",
  "sector": "Điện, nước & xăng dầu khí đốt",
  "shares_outstanding": 16499993.0,
  "charter_capital": 164999930000.0,
  "revenue": 1014753133557.0,
  "revenue_ttm": 1014753133557.0,
  "net_income": 30654943031.0,
  "net_income_ttm": 30654943031.0,
  "total_assets": 601819309996.0,
  "total_equity": 303016426102.0,
  "total_liabilities": 298802883894.0,
  "total_debt": 298802883894.0,
  "current_assets": 284717519574.0,
  "current_liabilities": 200096504257.0,
  "cash": 32427842327.0,
  "accounts_receivable": 23145484550.0,
  "fixed_assets": 75611341588.0,
  "ppe": 75611341588.0,
  "depreciation": 0.0,
  "roe": 10.0129198,
  "roa": 5.11494235,
  "roic": 9.54444735,
  "net_profit_margin": 3.020926175763129,
  "net_margin": 3.020926175763129,
  "gross_profit_margin": 13.478764009583333,
  "gross_margin": 13.478764009583333,
  "ebit_margin": 3.394665867672833,
  "pe_ratio": 19.8884347446,
  "pb_ratio": 1.5448903627,
  "ps_ratio": 0.4422748694,
  "ev_ebitda": 11.790927652,
  "ebitda": 40223465131.0,
  "dividend_per_share": 0.0,
  "eps": 1857.8761234019917,
  "eps_ttm": 1857.8761234019917,
  "earnings_per_share": 1857.8761234019917,
  "bvps": 17606.427392545,
  "book_value_per_share": 17606.427392545,
  "market_cap": 448799809600.0,
  "debt_to_equity": 0.9860946739,
  "current_ratio": 1.4229010178,
  "quick_ratio": 0.2777327916,
  "cash_ratio": 0.1620611828,
  "interest_coverage": -17.739474648593866,
  "asset_turnover": 1.6931702566,
  "inventory_turnover": 12.6439856587,
  "fixed_asset_turnover": 13.1684819079,
  "current_price": 29900.0,
  "working_capital": 84621015317.0
}