{
  "symbol": "HTG",
  "data_source": "VCI",
  "data_period": "year",
  "last_updated": "2025-11-17T16:21:44.118562",
  "name": "Tổng Công ty Cổ phần Dệt may Hòa Thọ",
  "exchange": "HSX",
  "sector": "Hàng cá nhân & Gia dụng",
  "shares_outstanding": 36002708.0,
  "charter_capital": 360027080000.0,
  "revenue": 5111153311349.0,
  "revenue_ttm": 5111153311349.0,
  "net_income": 282504099078.0,
  "net_income_ttm": 282504099078.0,
  "total_assets": 2922215616846.0,
  "total_equity": 923964139539.0,
  "total_liabilities": 1998251477307.0,
  "total_debt": 1998251477307.0,
  "current_assets": 2095059428168.0,
  "current_liabilities": 1790076791322.0,
  "cash": 467127892045.0,
  "accounts_receivable": 531304978294.0,
  "fixed_assets": 743409697671.0,
  "ppe": 743409697671.0,
  "depreciation": 125301691014.0,
  "roe": 33.412892910000004,
  "roa": 10.34700677,
  "roic": 14.632184330000001,
  "net_profit_margin": 5.505033659327076,
  "net_margin": 5.505033659327076,
  "gross_profit_margin": 11.605338611022631,
  "gross_margin": 11.605338611022631,
  "ebit_margin": 5.900527363027094,
  "pe_ratio": 6.8097615384,
  "pb_ratio": 1.9107673793,
  "ps_ratio": 0.3308937105,
  "ev_ebitda": 5.5234939045,
  "ebitda": 426401394023.0,
  "dividend_per_share": 0.0,
  "eps": 7802.689213822471,
  "eps_ttm": 7802.689213822471,
  "earnings_per_share": 7802.689213822471,
  "bvps": 24545.1123496877,
  "book_value_per_share": 24545.1123496877,
  "market_cap": 1688527005200.0,
  "debt_to_equity": 2.1626937581,
  "current_ratio": 1.1703740523,
  "quick_ratio": 0.5577597985,
  "cash_ratio": 0.2609541078,
  "interest_coverage": -7.547800851984628,
  "asset_turnover": 1.8795537694,
  "inventory_turnover": 5.7564274634,
  "fixed_asset_turnover": 7.2425424994,
  "current_price": 46900.0,
  "working_capital": 304982636846.0
}