{
  "symbol": "HTI",
  "data_source": "VCI",
  "data_period": "year",
  "last_updated": "2025-11-17T16:21:54.081347",
  "name": "Công ty Cổ phần Đầu tư Phát triển Hạ tầng IDICO",
  "exchange": "HSX",
  "sector": "Xây dựng và Vật liệu",
  "shares_outstanding": 24949200.0,
  "charter_capital": 249492000000.0,
  "revenue": 489839849627.0,
  "revenue_ttm": 489839849627.0,
  "net_income": 63782472879.0,
  "net_income_ttm": 63782472879.0,
  "total_assets": 1507355905696.0,
  "total_equity": 504558858795.0,
  "total_liabilities": 1002797046901.0,
  "total_debt": 1002797046901.0,
  "current_assets": 339141803117.0,
  "current_liabilities": 115177068950.0,
  "cash": 1877918437.0,
  "accounts_receivable": 26012059927.0,
  "fixed_assets": 1085445045410.0,
  "ppe": 1085445045410.0,
  "depreciation": 102682089200.0,
  "roe": 12.92485911,
  "roa": 4.398803099999999,
  "roic": 11.42719353,
  "net_profit_margin": 13.021086979258353,
  "net_margin": 13.021086979258353,
  "gross_profit_margin": 33.63156548011472,
  "gross_margin": 33.63156548011472,
  "ebit_margin": 25.46855610216231,
  "pe_ratio": 9.8798334048,
  "pb_ratio": 1.2114650042,
  "ps_ratio": 1.24786785,
  "ev_ebitda": 5.2610459527,
  "ebitda": 227437226113.0,
  "dividend_per_share": 0.0,
  "eps": 2556.493710379491,
  "eps_ttm": 2556.493710379491,
  "earnings_per_share": 2556.493710379491,
  "bvps": 20223.4483989467,
  "book_value_per_share": 20223.4483989467,
  "market_cap": 611255400000.0,
  "debt_to_equity": 1.9874728774,
  "current_ratio": 2.9445253835,
  "quick_ratio": 0.2421487074,
  "cash_ratio": 0.0163046208,
  "interest_coverage": -2.2338811353225796,
  "asset_turnover": 0.3378214972,
  "inventory_turnover": 347.6457586684,
  "fixed_asset_turnover": 0.4332277686,
  "current_price": 24500.0,
  "working_capital": 223964734167.0
}