{
  "symbol": "HTL",
  "data_source": "VCI",
  "data_period": "year",
  "last_updated": "2025-11-17T16:23:13.597632",
  "name": "Công ty Cổ phần Kỹ thuật và Ô tô Trường Long",
  "exchange": "HSX",
  "sector": "Ô tô và phụ tùng",
  "shares_outstanding": 12000000.0,
  "charter_capital": 120000000000.0,
  "revenue": 476509478116.0,
  "revenue_ttm": 476509478116.0,
  "net_income": 23149894224.0,
  "net_income_ttm": 23149894224.0,
  "total_assets": 265694603693.0,
  "total_equity": 179901177603.0,
  "total_liabilities": 85793426090.0,
  "total_debt": 85793426090.0,
  "current_assets": 210566231624.0,
  "current_liabilities": 84812152494.0,
  "cash": 20588578886.0,
  "accounts_receivable": 29333893127.0,
  "fixed_assets": 26928219780.0,
  "ppe": 26928219780.0,
  "depreciation": 4161193168.0,
  "roe": 10.55500483,
  "roa": 6.485565749999999,
  "roic": 7.78456797,
  "net_profit_margin": 4.858223243644371,
  "net_margin": 4.858223243644371,
  "gross_profit_margin": 13.596218014204617,
  "gross_margin": 13.596218014204617,
  "ebit_margin": 3.341475249968457,
  "pe_ratio": 14.4622691041,
  "pb_ratio": 1.8610217257,
  "ps_ratio": 0.7026093192,
  "ev_ebitda": 16.8718843784,
  "ebitda": 20083639443.0,
  "dividend_per_share": 0.0,
  "eps": 1929.157852,
  "eps_ttm": 1929.157852,
  "earnings_per_share": 1929.157852,
  "bvps": 14991.76480025,
  "book_value_per_share": 14991.76480025,
  "market_cap": 334800000000.0,
  "debt_to_equity": 0.476891965,
  "current_ratio": 2.4827365588,
  "quick_ratio": 0.588624042,
  "cash_ratio": 0.2427550567,
  "interest_coverage": -9.400815212397664,
  "asset_turnover": 1.3349665971,
  "inventory_turnover": 1.9136847727,
  "fixed_asset_turnover": 16.5736659662,
  "current_price": 28200.0,
  "working_capital": 125754079130.0
}