{
  "symbol": "HTN",
  "data_source": "VCI",
  "data_period": "year",
  "last_updated": "2025-11-17T16:23:22.554867",
  "name": "Công ty Cổ phần Hưng Thịnh Incons",
  "exchange": "HSX",
  "sector": "Bất động sản",
  "shares_outstanding": 89116411.0,
  "charter_capital": 891164110000.0,
  "revenue": 1140492454254.0,
  "revenue_ttm": 1140492454254.0,
  "net_income": 25612193420.0,
  "net_income_ttm": 25612193420.0,
  "total_assets": 7656387400986.0,
  "total_equity": 1541981358916.0,
  "total_liabilities": 6114406042070.0,
  "total_debt": 6114406042070.0,
  "current_assets": 7120955383085.0,
  "current_liabilities": 5439582436718.0,
  "cash": 95184839433.0,
  "accounts_receivable": 6416886936077.0,
  "fixed_assets": 232356290203.0,
  "ppe": 232356290203.0,
  "depreciation": 26122523044.0,
  "roe": 1.6798488,
  "roa": 0.33087663,
  "roic": 1.01010337,
  "net_profit_margin": 2.216281813590206,
  "net_margin": 2.216281813590206,
  "gross_profit_margin": 7.032085683500585,
  "gross_margin": 7.032085683500585,
  "ebit_margin": 3.4831646126045093,
  "pe_ratio": 35.1929447964,
  "pb_ratio": 0.5465634408,
  "ps_ratio": 0.7259070019,
  "ev_ebitda": 47.4353895909,
  "ebitda": 65847752620.0,
  "dividend_per_share": 0.0,
  "eps": 283.6349283523099,
  "eps_ttm": 283.6349283523099,
  "earnings_per_share": 283.6349283523099,
  "bvps": 16997.1119651912,
  "book_value_per_share": 16997.1119651912,
  "market_cap": 827891458190.0,
  "debt_to_equity": 3.9652918025,
  "current_ratio": 1.3090996351,
  "quick_ratio": 1.1971639094,
  "cash_ratio": 0.0174985563,
  "interest_coverage": -0.16439735242581155,
  "asset_turnover": 0.1492935723,
  "inventory_turnover": 1.4372694044,
  "fixed_asset_turnover": 4.7203504771,
  "current_price": 9350.0,
  "working_capital": 1681372946367.0
}