{
  "symbol": "HTV",
  "data_source": "VCI",
  "data_period": "year",
  "last_updated": "2025-11-17T16:23:30.875423",
  "name": "Công ty Cổ phần Logistics Vicem",
  "exchange": "HSX",
  "sector": "Hàng & Dịch vụ Công nghiệp",
  "shares_outstanding": 13104000.0,
  "charter_capital": 131040000000.0,
  "revenue": 278276936599.0,
  "revenue_ttm": 278276936599.0,
  "net_income": 9286034239.0,
  "net_income_ttm": 9286034239.0,
  "total_assets": 397155739051.0,
  "total_equity": 331306582834.0,
  "total_liabilities": 65849156217.0,
  "total_debt": 65849156217.0,
  "current_assets": 367101766634.0,
  "current_liabilities": 65849156217.0,
  "cash": 34544484237.0,
  "accounts_receivable": 134437739094.0,
  "fixed_assets": 30053972417.0,
  "ppe": 30053972417.0,
  "depreciation": 12052984833.0,
  "roe": 2.83805127,
  "roa": 2.27968744,
  "roic": -1.39753418,
  "net_profit_margin": 3.295962958373662,
  "net_margin": 3.295962958373662,
  "gross_profit_margin": 9.814109746850699,
  "gross_margin": 9.814109746850699,
  "ebit_margin": -1.6638542879577751,
  "pe_ratio": 40.9583542391,
  "pb_ratio": 0.5255238436,
  "ps_ratio": 0.6098126639,
  "ev_ebitda": 18.2075746668,
  "ebitda": 7422862091.0,
  "dividend_per_share": 0.0,
  "eps": 699.9316813186813,
  "eps_ttm": 699.9316813186813,
  "earnings_per_share": 699.9316813186813,
  "bvps": 24642.0788658425,
  "book_value_per_share": 24642.0788658425,
  "market_cap": 169696800000.0,
  "debt_to_equity": 0.1987559548,
  "current_ratio": 5.5748894553,
  "quick_ratio": 2.5662018018,
  "cash_ratio": 0.5246002564,
  "interest_coverage": 0.0,
  "asset_turnover": 0.6916605169,
  "inventory_turnover": 128.481724399,
  "fixed_asset_turnover": 7.7181146391,
  "current_price": 12950.0,
  "working_capital": 301252610417.0
}