{
  "symbol": "HU1",
  "data_source": "VCI",
  "data_period": "year",
  "last_updated": "2025-11-17T16:23:38.788750",
  "name": "Công ty Cổ phần Đầu tư và Xây dựng HUD1",
  "exchange": "HSX",
  "sector": "Xây dựng và Vật liệu",
  "shares_outstanding": 10000000.0,
  "charter_capital": 100000000000.0,
  "revenue": 233432704415.0,
  "revenue_ttm": 233432704415.0,
  "net_income": 4481569346.0,
  "net_income_ttm": 4481569346.0,
  "total_assets": 681855421572.0,
  "total_equity": 146581970908.0,
  "total_liabilities": 535273450664.0,
  "total_debt": 535273450664.0,
  "current_assets": 555814680926.0,
  "current_liabilities": 535273450664.0,
  "cash": 59847133641.0,
  "accounts_receivable": 400115515948.0,
  "fixed_assets": 2120623955.0,
  "ppe": 2120623955.0,
  "depreciation": 419138806.0,
  "roe": 2.77995448,
  "roa": 0.58674622,
  "roic": 0.43928512,
  "net_profit_margin": 1.6494901387744776,
  "net_margin": 1.6494901387744776,
  "gross_profit_margin": 6.075980170192726,
  "gross_margin": 6.075980170192726,
  "ebit_margin": 0.8168192528028121,
  "pe_ratio": 16.8811462176,
  "pb_ratio": 0.4651901013,
  "ps_ratio": 0.2784528422,
  "ev_ebitda": 125.8124060063,
  "ebitda": 2325862078.0,
  "dividend_per_share": 0.0,
  "eps": 385.044944,
  "eps_ttm": 385.044944,
  "earnings_per_share": 385.044944,
  "bvps": 13972.7822697,
  "book_value_per_share": 13972.7822697,
  "market_cap": 65000000000.0,
  "debt_to_equity": 3.6517004605,
  "current_ratio": 1.0383752085,
  "quick_ratio": 0.8593040604,
  "cash_ratio": 0.1118066543,
  "interest_coverage": -0.3550371228323279,
  "asset_turnover": 0.3557136893,
  "inventory_turnover": 2.5392492393,
  "fixed_asset_turnover": 75.0940064268,
  "current_price": 6500.0,
  "working_capital": 20541230262.0
}