{
  "symbol": "HUB",
  "data_source": "VCI",
  "data_period": "year",
  "last_updated": "2025-11-17T16:23:46.957230",
  "name": "Công ty Cổ phần Xây lắp Thừa Thiên Huế",
  "exchange": "HSX",
  "sector": "Xây dựng và Vật liệu",
  "shares_outstanding": 30242878.0,
  "charter_capital": 302428780000.0,
  "revenue": 308584764782.0,
  "revenue_ttm": 308584764782.0,
  "net_income": 71202907938.0,
  "net_income_ttm": 71202907938.0,
  "total_assets": 961051200352.0,
  "total_equity": 614619012400.0,
  "total_liabilities": 346432187952.0,
  "total_debt": 346432187952.0,
  "current_assets": 525725958088.0,
  "current_liabilities": 171351674519.0,
  "cash": 94723266713.0,
  "accounts_receivable": 127573795297.0,
  "fixed_assets": 172090108339.0,
  "ppe": 172090108339.0,
  "depreciation": 19420221766.0,
  "roe": 12.05978486,
  "roa": 7.16168725,
  "roic": 6.214374579999999,
  "net_profit_margin": 21.996087125106015,
  "net_margin": 21.996087125106015,
  "gross_profit_margin": 25.6952605720632,
  "gross_margin": 25.6952605720632,
  "ebit_margin": 13.68553982089677,
  "pe_ratio": 7.7250982239,
  "pb_ratio": 0.7216824747,
  "ps_ratio": 1.3424271204,
  "ev_ebitda": 6.2347524454,
  "ebitda": 61646393645.0,
  "dividend_per_share": 0.0,
  "eps": 2580.686630692159,
  "eps_ttm": 2580.686630692159,
  "earnings_per_share": 2580.686630692159,
  "bvps": 21824.0023185028,
  "book_value_per_share": 21824.0023185028,
  "market_cap": 414200382750.0,
  "debt_to_equity": 0.5636535495,
  "current_ratio": 3.0681110037,
  "quick_ratio": 1.2973147921,
  "cash_ratio": 0.5528003562,
  "interest_coverage": -20.851079098700392,
  "asset_turnover": 0.3255891472,
  "inventory_turnover": 1.7051427534,
  "fixed_asset_turnover": 2.6192121498,
  "current_price": 15750.0,
  "working_capital": 354374283569.0
}