{
  "symbol": "HVH",
  "data_source": "VCI",
  "data_period": "year",
  "last_updated": "2025-11-17T16:25:14.212442",
  "name": "Công ty Cổ phần Đầu tư và Công nghệ HVC",
  "exchange": "HSX",
  "sector": "Xây dựng và Vật liệu",
  "shares_outstanding": 43489334.0,
  "charter_capital": 434893340000.0,
  "revenue": 393590487971.0,
  "revenue_ttm": 393590487971.0,
  "net_income": 30562419566.0,
  "net_income_ttm": 30562419566.0,
  "total_assets": 693955654311.0,
  "total_equity": 551362032659.0,
  "total_liabilities": 142593621652.0,
  "total_debt": 142593621652.0,
  "current_assets": 342962432560.0,
  "current_liabilities": 142593621652.0,
  "cash": 97975498572.0,
  "accounts_receivable": 125564109241.0,
  "fixed_assets": 49369375310.0,
  "ppe": 49369375310.0,
  "depreciation": 3877312370.0,
  "roe": 6.16447869,
  "roa": 4.45813738,
  "roic": 6.403669870000001,
  "net_profit_margin": 7.674582759791093,
  "net_margin": 7.674582759791093,
  "gross_profit_margin": 16.27618887622104,
  "gross_margin": 16.27618887622104,
  "ebit_margin": 9.426074192558627,
  "pe_ratio": 17.8960664849,
  "pb_ratio": 1.083288048,
  "ps_ratio": 1.3734484331,
  "ev_ebitda": 11.4842704638,
  "ebitda": 40977443781.0,
  "dividend_per_share": 0.0,
  "eps": 743.1800731851997,
  "eps_ttm": 743.1800731851997,
  "earnings_per_share": 743.1800731851997,
  "bvps": 12277.436296449,
  "book_value_per_share": 12277.436296449,
  "market_cap": 540576239000.0,
  "debt_to_equity": 0.2586206761,
  "current_ratio": 2.4051737279,
  "quick_ratio": 1.567669053,
  "cash_ratio": 0.6870959405,
  "interest_coverage": -58.052638843531184,
  "asset_turnover": 0.5808963847,
  "inventory_turnover": 3.6870427783,
  "fixed_asset_turnover": 7.7272565416,
  "current_price": 13400.0,
  "working_capital": 200368810908.0
}