{
  "symbol": "HVN",
  "data_source": "VCI",
  "data_period": "year",
  "last_updated": "2025-11-17T16:25:22.928449",
  "name": "Tổng Công ty Hàng không Việt Nam - CTCP",
  "exchange": "HSX",
  "sector": "Du lịch và Giải trí",
  "shares_outstanding": 3111498211.0,
  "charter_capital": 31114982110000.0,
  "revenue": 106911815323587.0,
  "revenue_ttm": 106911815323587.0,
  "net_income": 7957562758426.0,
  "net_income_ttm": 7957562758426.0,
  "total_assets": 58186613862766.0,
  "total_equity": -9344242875160.0,
  "total_liabilities": 67530856737926.0,
  "total_debt": 67530856737926.0,
  "current_assets": 17337695278340.0,
  "current_liabilities": 57159224873616.0,
  "cash": 4626738463941.0,
  "accounts_receivable": 7322324469422.0,
  "fixed_assets": 29591005075890.0,
  "ppe": 29591005075890.0,
  "depreciation": 5094513262248.0,
  "roe": -54.947817799999996,
  "roa": 13.052391190000002,
  "roic": 61.168828669999996,
  "net_profit_margin": 7.13984444041227,
  "net_margin": 7.13984444041227,
  "gross_profit_margin": 13.122649752155244,
  "gross_margin": 13.122649752155244,
  "ebit_margin": 6.431185620812172,
  "pe_ratio": 8.5483240702,
  "pb_ratio": 0.0,
  "ps_ratio": 0.6103370409,
  "ev_ebitda": 6.7616279576,
  "ebitda": 11907838151544.0,
  "dividend_per_share": 0.0,
  "eps": 3415.874241590648,
  "eps_ttm": 3415.874241590648,
  "earnings_per_share": 3415.874241590648,
  "bvps": 0.0,
  "book_value_per_share": 0.0,
  "market_cap": 64660309880800.0,
  "debt_to_equity": -7.2270014425,
  "current_ratio": 0.303322785,
  "quick_ratio": 0.2090487224,
  "cash_ratio": 0.0809447377,
  "interest_coverage": -5.315709458588741,
  "asset_turnover": 1.8281058217,
  "inventory_turnover": 25.2904805295,
  "fixed_asset_turnover": 3.3132977466,
  "current_price": 29500.0,
  "working_capital": -39821529595276.0
}