{
  "symbol": "HVT",
  "data_source": "VCI",
  "data_period": "year",
  "last_updated": "2025-11-17T14:09:13.160033",
  "name": "Công ty Cổ phần Hóa chất Việt Trì",
  "exchange": "HNX",
  "sector": "Hóa chất",
  "shares_outstanding": 27470046.0,
  "charter_capital": 274700460000.0,
  "revenue": 1611696910235.0,
  "revenue_ttm": 1611696910235.0,
  "net_income": 84743664814.0,
  "net_income_ttm": 84743664814.0,
  "total_assets": 844727537990.0,
  "total_equity": 456109627515.0,
  "total_liabilities": 388617910475.0,
  "total_debt": 388617910475.0,
  "current_assets": 389404648377.0,
  "current_liabilities": 353512830373.0,
  "cash": 34088502259.0,
  "accounts_receivable": 187683257093.0,
  "fixed_assets": 440758160176.0,
  "ppe": 440758160176.0,
  "depreciation": 78660418588.0,
  "roe": 19.82226164,
  "roa": 10.59715547,
  "roic": 18.801376859999998,
  "net_profit_margin": 5.840636417949266,
  "net_margin": 5.840636417949266,
  "gross_profit_margin": 20.11803041060036,
  "gross_margin": 20.11803041060036,
  "ebit_margin": 8.653107706209626,
  "pe_ratio": 4.4661460961,
  "pb_ratio": 0.7468156962,
  "ps_ratio": 0.2347662198,
  "ev_ebitda": 2.537597864,
  "ebitda": 204211130288.0,
  "dividend_per_share": 0.0,
  "eps": 7712.341625941397,
  "eps_ttm": 7712.341625941397,
  "earnings_per_share": 7712.341625941397,
  "bvps": 41509.5721196073,
  "book_value_per_share": 41509.5721196073,
  "market_cap": 340629829000.0,
  "debt_to_equity": 0.8520274229,
  "current_ratio": 1.1015290392,
  "quick_ratio": 0.6273372288,
  "cash_ratio": 0.0964279068,
  "interest_coverage": -13.651796669006961,
  "asset_turnover": 1.8143836925,
  "inventory_turnover": 8.3724934769,
  "fixed_asset_turnover": 3.8478972588,
  "current_price": 30700.0,
  "working_capital": 35891818004.0
}