{
  "symbol": "HVX",
  "data_source": "VCI",
  "data_period": "year",
  "last_updated": "2025-11-17T16:25:31.310983",
  "name": "Công ty Cổ phần Xi măng Vicem Hải Vân",
  "exchange": "HSX",
  "sector": "Xây dựng và Vật liệu",
  "shares_outstanding": 38525250.0,
  "charter_capital": 415252500000.0,
  "revenue": 353924030956.0,
  "revenue_ttm": 353924030956.0,
  "net_income": -43833788599.0,
  "net_income_ttm": -43833788599.0,
  "total_assets": 602268826063.0,
  "total_equity": 334046983254.0,
  "total_liabilities": 268221842809.0,
  "total_debt": 268221842809.0,
  "current_assets": 119635062693.0,
  "current_liabilities": 267598746210.0,
  "cash": 25059577968.0,
  "accounts_receivable": 11949203287.0,
  "fixed_assets": 423975341126.0,
  "ppe": 423975341126.0,
  "depreciation": 47537277289.0,
  "roe": -12.459458249999999,
  "roa": -6.805056380000001,
  "roic": 0.72174462,
  "net_profit_margin": -12.602826313459433,
  "net_margin": -12.602826313459433,
  "gross_profit_margin": 9.349161784409002,
  "gross_margin": 9.349161784409002,
  "ebit_margin": 0.9111190208121259,
  "pe_ratio": -2.5862225494,
  "pb_ratio": 0.3393652336,
  "ps_ratio": 0.325937136,
  "ev_ebitda": 3.8126714609,
  "ebitda": 50706233010.0,
  "dividend_per_share": 0.0,
  "eps": -1055.5936110920463,
  "eps_ttm": -1055.5936110920463,
  "earnings_per_share": -1055.5936110920463,
  "bvps": 8044.4303948561,
  "book_value_per_share": 8044.4303948561,
  "market_cap": 113363932500.0,
  "debt_to_equity": 0.8029464604,
  "current_ratio": 0.4470688461,
  "quick_ratio": 0.1382995316,
  "cash_ratio": 0.0936460963,
  "interest_coverage": -0.7690676482018064,
  "asset_turnover": 0.5399627203,
  "inventory_turnover": 3.4480428791,
  "fixed_asset_turnover": 0.7770641731,
  "current_price": 2720.0,
  "working_capital": -147963683517.0
}