{
  "symbol": "ICG",
  "data_source": "VCI",
  "data_period": "year",
  "last_updated": "2025-11-17T14:09:21.324791",
  "name": "Công ty Cổ phần Xây dựng Sông Hồng",
  "exchange": "HNX",
  "sector": "Xây dựng và Vật liệu",
  "shares_outstanding": 20000000.0,
  "charter_capital": 200000000000.0,
  "revenue": 13209223017.0,
  "revenue_ttm": 13209223017.0,
  "net_income": 277031984.0,
  "net_income_ttm": 277031984.0,
  "total_assets": 531415638761.0,
  "total_equity": 280341946738.0,
  "total_liabilities": 251073692023.0,
  "total_debt": 251073692023.0,
  "current_assets": 336733164565.0,
  "current_liabilities": 228317696223.0,
  "cash": 36453937250.0,
  "accounts_receivable": 39490978886.0,
  "fixed_assets": 43141478114.0,
  "ppe": 43141478114.0,
  "depreciation": 4278405482.0,
  "roe": 0.09411237,
  "roa": 0.049893690000000004,
  "roic": -1.5972782099999998,
  "net_profit_margin": 2.02859927230495,
  "net_margin": 2.02859927230495,
  "gross_profit_margin": 50.180410259326614,
  "gross_margin": 50.180410259326614,
  "ebit_margin": -36.565668395361605,
  "pe_ratio": 2088.5368476266,
  "pb_ratio": 1.3226913242,
  "ps_ratio": 28.0107315566,
  "ev_ebitda": -644.6217720905,
  "ebitda": -551635204.0,
  "dividend_per_share": 0.0,
  "eps": 13.3981101,
  "eps_ttm": 13.3981101,
  "earnings_per_share": 13.3981101,
  "bvps": 13986.63441805,
  "book_value_per_share": 13986.63441805,
  "market_cap": 370000000000.0,
  "debt_to_equity": 0.8955980186,
  "current_ratio": 1.4748447892,
  "quick_ratio": 0.3326282517,
  "cash_ratio": 0.1596632143,
  "interest_coverage": 2.531922680632934,
  "asset_turnover": 0.0245951414,
  "inventory_turnover": 0.0256289224,
  "fixed_asset_turnover": 0.2939774313,
  "current_price": 18200.0,
  "working_capital": 108415468342.0
}