{
  "symbol": "ICT",
  "data_source": "VCI",
  "data_period": "year",
  "last_updated": "2025-11-17T16:25:39.818776",
  "name": "Công ty Cổ phần Viễn thông - Tin học Bưu điện",
  "exchange": "HSX",
  "sector": "Công nghệ Thông tin",
  "shares_outstanding": 32185000.0,
  "charter_capital": 321850000000.0,
  "revenue": 1572511299308.0,
  "revenue_ttm": 1572511299308.0,
  "net_income": 31104257416.0,
  "net_income_ttm": 31104257416.0,
  "total_assets": 1475380141521.0,
  "total_equity": 656220180343.0,
  "total_liabilities": 819159961178.0,
  "total_debt": 819159961178.0,
  "current_assets": 1244669871657.0,
  "current_liabilities": 813702838897.0,
  "cash": 429629470696.0,
  "accounts_receivable": 736448974133.0,
  "fixed_assets": 128131519684.0,
  "ppe": 128131519684.0,
  "depreciation": 15212150003.0,
  "roe": 4.7878525,
  "roa": 2.1329036400000003,
  "roic": 2.3916777,
  "net_profit_margin": 1.9779989771576048,
  "net_margin": 1.9779989771576048,
  "gross_profit_margin": 8.150571340212434,
  "gross_margin": 8.150571340212434,
  "ebit_margin": 1.3822281368385092,
  "pe_ratio": 25.1596018962,
  "pb_ratio": 1.0790128393,
  "ps_ratio": 0.4502797534,
  "ev_ebitda": 14.3723041721,
  "ebitda": 36947843637.0,
  "dividend_per_share": 0.0,
  "eps": 966.4209232872456,
  "eps_ttm": 966.4209232872456,
  "earnings_per_share": 966.4209232872456,
  "bvps": 20389.0066907876,
  "book_value_per_share": 20389.0066907876,
  "market_cap": 708070000000.0,
  "debt_to_equity": 1.2483004725,
  "current_ratio": 1.5296368799,
  "quick_ratio": 1.4330519559,
  "cash_ratio": 0.5279930832,
  "interest_coverage": -1.808547370863227,
  "asset_turnover": 1.0783138219,
  "inventory_turnover": 21.4367651627,
  "fixed_asset_turnover": 11.8028373805,
  "current_price": 20600.0,
  "working_capital": 430967032760.0
}