{
  "symbol": "IDI",
  "data_source": "VCI",
  "data_period": "year",
  "last_updated": "2025-11-17T16:25:48.099944",
  "name": "Công ty Cổ phần Đầu tư và Phát triển Đa Quốc Gia I.D.I",
  "exchange": "HSX",
  "sector": "Thực phẩm và đồ uống",
  "shares_outstanding": 273172668.0,
  "charter_capital": 2731726680000.0,
  "revenue": 7142101147514.0,
  "revenue_ttm": 7142101147514.0,
  "net_income": 72676467900.0,
  "net_income_ttm": 72676467900.0,
  "total_assets": 9377380009091.0,
  "total_equity": 3492233080975.0,
  "total_liabilities": 5885146928116.0,
  "total_debt": 5885146928116.0,
  "current_assets": 7223258907795.0,
  "current_liabilities": 4734278435590.0,
  "cash": 1711692314347.0,
  "accounts_receivable": 2717223495598.0,
  "fixed_assets": 813705885605.0,
  "ppe": 813705885605.0,
  "depreciation": 140987062410.0,
  "roe": 1.84517191,
  "roa": 0.6849291000000001,
  "roic": 3.22761299,
  "net_profit_margin": 0.847182966408399,
  "net_margin": 0.847182966408399,
  "gross_profit_margin": 7.829874117367422,
  "gross_margin": 7.829874117367422,
  "ebit_margin": 4.030429328900064,
  "pe_ratio": 32.9823033669,
  "pb_ratio": 0.6050777129,
  "ps_ratio": 0.2794204561,
  "ev_ebitda": 13.3032438186,
  "ebitda": 428629670404.0,
  "dividend_per_share": 0.0,
  "eps": 221.33081242959489,
  "eps_ttm": 221.33081242959489,
  "earnings_per_share": 221.33081242959489,
  "bvps": 12064.5659952481,
  "book_value_per_share": 12064.5659952481,
  "market_cap": 1994160476400.0,
  "debt_to_equity": 1.6852102342,
  "current_ratio": 1.5257359714,
  "quick_ratio": 0.935499648,
  "cash_ratio": 0.3615529457,
  "interest_coverage": -0.9306422112712577,
  "asset_turnover": 0.8084783702,
  "inventory_turnover": 4.7039746337,
  "fixed_asset_turnover": 8.2855268227,
  "current_price": 7370.0,
  "working_capital": 2488980472205.0
}