{
  "symbol": "IDJ",
  "data_source": "VCI",
  "data_period": "year",
  "last_updated": "2025-11-17T14:09:37.692670",
  "name": "Công ty Cổ phần Đầu tư IDJ Việt Nam",
  "exchange": "HNX",
  "sector": "Bất động sản",
  "shares_outstanding": 173490193.0,
  "charter_capital": 1734901930000.0,
  "revenue": 717532138019.0,
  "revenue_ttm": 717532138019.0,
  "net_income": 95594301336.0,
  "net_income_ttm": 95594301336.0,
  "total_assets": 4210442125722.0,
  "total_equity": 2097265326271.0,
  "total_liabilities": 2113176799451.0,
  "total_debt": 2113176799451.0,
  "current_assets": 2860753183575.0,
  "current_liabilities": 2024733139514.0,
  "cash": 107511924937.0,
  "accounts_receivable": 1214694493786.0,
  "fixed_assets": 32779136981.0,
  "ppe": 32779136981.0,
  "depreciation": 6584934590.0,
  "roe": 4.68741723,
  "roa": 2.1497526,
  "roic": 5.112143329999999,
  "net_profit_margin": 13.324103226923114,
  "net_margin": 13.324103226923114,
  "gross_profit_margin": 35.00977189837707,
  "gross_margin": 35.00977189837707,
  "ebit_margin": 16.117744317250025,
  "pe_ratio": 10.1621034275,
  "pb_ratio": 0.4713075773,
  "ps_ratio": 1.3540091507,
  "ev_ebitda": 8.4184468052,
  "ebitda": 122234929990.0,
  "dividend_per_share": 0.0,
  "eps": 551.0670148139152,
  "eps_ttm": 551.0670148139152,
  "earnings_per_share": 551.0670148139152,
  "bvps": 11881.8374030687,
  "book_value_per_share": 11881.8374030687,
  "market_cap": 971545080800.0,
  "debt_to_equity": 1.0075867717,
  "current_ratio": 1.4129038182,
  "quick_ratio": 0.6585652661,
  "cash_ratio": 0.058637073,
  "interest_coverage": -7.39964380096801,
  "asset_turnover": 0.1613431359,
  "inventory_turnover": 0.2950411846,
  "fixed_asset_turnover": 21.6540577535,
  "current_price": 5700.0,
  "working_capital": 836020044061.0
}