{
  "symbol": "IDV",
  "data_source": "VCI",
  "data_period": "year",
  "last_updated": "2025-11-17T14:09:45.987693",
  "name": "Công ty Cổ phần Phát triển Hạ tầng Vĩnh Phúc",
  "exchange": "HNX",
  "sector": "Bất động sản",
  "shares_outstanding": 41236777.0,
  "charter_capital": 412367770000.0,
  "revenue": 119582526199.0,
  "revenue_ttm": 119582526199.0,
  "net_income": 126169080324.0,
  "net_income_ttm": 126169080324.0,
  "total_assets": 1850432986201.0,
  "total_equity": 844409980427.0,
  "total_liabilities": 1006023005774.0,
  "total_debt": 1006023005774.0,
  "current_assets": 421383694301.0,
  "current_liabilities": 162275990759.0,
  "cash": 9421352448.0,
  "accounts_receivable": 163827289154.0,
  "fixed_assets": 106173005428.0,
  "ppe": 106173005428.0,
  "depreciation": 17763214360.0,
  "roe": 15.212871550000001,
  "roa": 6.6854128799999994,
  "roic": 5.7677419500000005,
  "net_profit_margin": 1.0493613923674525,
  "net_margin": 1.0493613923674525,
  "gross_profit_margin": 65.4724685893571,
  "gross_margin": 65.4724685893571,
  "ebit_margin": 45.11039857548276,
  "pe_ratio": 7.7080262071,
  "pb_ratio": 1.126626799,
  "ps_ratio": 7.9163853958,
  "ev_ebitda": 14.3374860482,
  "ebitda": 71707368555.0,
  "dividend_per_share": 0.0,
  "eps": 3499.4684282351254,
  "eps_ttm": 3499.4684282351254,
  "earnings_per_share": 3499.4684282351254,
  "bvps": 23432.7818441349,
  "book_value_per_share": 23432.7818441349,
  "market_cap": 946661364000.0,
  "debt_to_equity": 1.191391657,
  "current_ratio": 2.5967100391,
  "quick_ratio": 1.1504953775,
  "cash_ratio": 0.1409357477,
  "interest_coverage": -54.11613234130954,
  "asset_turnover": 0.0637093467,
  "inventory_turnover": 8.0187121449,
  "fixed_asset_turnover": 1.0812016635,
  "current_price": 26500.0,
  "working_capital": 259107703542.0
}