{
  "symbol": "IJC",
  "data_source": "VCI",
  "data_period": "year",
  "last_updated": "2025-11-17T16:27:14.190637",
  "name": "Công ty Cổ phần Phát triển Hạ tầng Kỹ thuật",
  "exchange": "HSX",
  "sector": "Bất động sản",
  "shares_outstanding": 377748384.0,
  "charter_capital": 6295806400000.0,
  "revenue": 1026332766569.0,
  "revenue_ttm": 1026332766569.0,
  "net_income": 354137893485.0,
  "net_income_ttm": 354137893485.0,
  "total_assets": 7842669672677.0,
  "total_equity": 5151435767794.0,
  "total_liabilities": 2691233904883.0,
  "total_debt": 2691233904883.0,
  "current_assets": 4497720660501.0,
  "current_liabilities": 2089227766583.0,
  "cash": 79913898794.0,
  "accounts_receivable": 636188773465.0,
  "fixed_assets": 547621737801.0,
  "ppe": 547621737801.0,
  "depreciation": 66252231373.0,
  "roe": 7.89163235,
  "roa": 4.97160397,
  "roic": 5.50654771,
  "net_profit_margin": 34.710592322597094,
  "net_margin": 34.710592322597094,
  "gross_profit_margin": 44.9263843609214,
  "gross_margin": 44.9263843609214,
  "ebit_margin": 34.245725970581326,
  "pe_ratio": 13.7530770723,
  "pb_ratio": 0.9129430304,
  "ps_ratio": 4.609582495,
  "ev_ebitda": 13.9943203818,
  "ebitda": 415647284715.0,
  "dividend_per_share": 0.0,
  "eps": 937.4967795626625,
  "eps_ttm": 937.4967795626625,
  "earnings_per_share": 937.4967795626625,
  "bvps": 13637.2145745407,
  "book_value_per_share": 13637.2145745407,
  "market_cap": 4702967380800.0,
  "debt_to_equity": 0.5224240437,
  "current_ratio": 2.1528148977,
  "quick_ratio": 0.3427595036,
  "cash_ratio": 0.0382504484,
  "interest_coverage": -7.703985338604374,
  "asset_turnover": 0.1432301681,
  "inventory_turnover": 0.1742777492,
  "fixed_asset_turnover": 1.8064156191,
  "current_price": 12500.0,
  "working_capital": 2408492893918.0
}