{
  "symbol": "ILB",
  "data_source": "VCI",
  "data_period": "year",
  "last_updated": "2025-11-17T16:27:22.277015",
  "name": "Công ty Cổ phần ICD Tân Cảng - Long Bình",
  "exchange": "HSX",
  "sector": "Hàng & Dịch vụ Công nghiệp",
  "shares_outstanding": 38199492.0,
  "charter_capital": 381994920000.0,
  "revenue": 496165109794.0,
  "revenue_ttm": 496165109794.0,
  "net_income": 103198027619.0,
  "net_income_ttm": 103198027619.0,
  "total_assets": 1587216938485.0,
  "total_equity": 575118049255.0,
  "total_liabilities": 1012098889230.0,
  "total_debt": 1012098889230.0,
  "current_assets": 368836155471.0,
  "current_liabilities": 474959333724.0,
  "cash": 248672167549.0,
  "accounts_receivable": 111684379415.0,
  "fixed_assets": 740557242482.0,
  "ppe": 740557242482.0,
  "depreciation": 74174675065.0,
  "roe": 18.428638789999997,
  "roa": 6.13712144,
  "roic": 17.34073813,
  "net_profit_margin": 19.626093585344957,
  "net_margin": 19.626093585344957,
  "gross_profit_margin": 38.34609992588817,
  "gross_margin": 38.34609992588817,
  "ebit_margin": 28.074501881608217,
  "pe_ratio": 7.8444017655,
  "pb_ratio": 1.1734868155,
  "ps_ratio": 1.2839644655,
  "ev_ebitda": 2.888244117,
  "ebitda": 213470558150.0,
  "dividend_per_share": 0.0,
  "eps": 3974.2410863167843,
  "eps_ttm": 3974.2410863167843,
  "earnings_per_share": 3974.2410863167843,
  "bvps": 22156.1926876088,
  "book_value_per_share": 22156.1926876088,
  "market_cap": 637058370000.0,
  "debt_to_equity": 1.7598106868,
  "current_ratio": 0.7765636535,
  "quick_ratio": 0.7587103177,
  "cash_ratio": 0.5235651768,
  "interest_coverage": -6.920481811971329,
  "asset_turnover": 0.3127021386,
  "inventory_turnover": 0.0,
  "fixed_asset_turnover": 0.6384394406,
  "current_price": 26000.0,
  "working_capital": -106123178253.0
}