{
  "symbol": "INC",
  "data_source": "VCI",
  "data_period": "year",
  "last_updated": "2025-11-17T14:10:14.081291",
  "name": "Công ty Cổ phần Tư vấn Đầu tư IDICO",
  "exchange": "HNX",
  "sector": "Xây dựng và Vật liệu",
  "shares_outstanding": 1800000.0,
  "charter_capital": 20000000000.0,
  "revenue": 21520326885.0,
  "revenue_ttm": 21520326885.0,
  "net_income": 287208727.0,
  "net_income_ttm": 287208727.0,
  "total_assets": 36486740593.0,
  "total_equity": 22965634789.0,
  "total_liabilities": 13521105804.0,
  "total_debt": 13521105804.0,
  "current_assets": 30605219225.0,
  "current_liabilities": 13521105804.0,
  "cash": 4103065515.0,
  "accounts_receivable": 12853825363.0,
  "fixed_assets": 5881521368.0,
  "ppe": 5881521368.0,
  "depreciation": 412128346.0,
  "roe": 1.21328303,
  "roa": 0.78071811,
  "roic": 3.7009375400000004,
  "net_profit_margin": 1.3345927714517614,
  "net_margin": 1.3345927714517614,
  "gross_profit_margin": 24.332508669512247,
  "gross_margin": 24.332508669512247,
  "ebit_margin": 3.949492981876702,
  "pe_ratio": 153.198687448,
  "pb_ratio": 1.9159061095,
  "ps_ratio": 2.0445786086,
  "ev_ebitda": 31.6122454738,
  "ebitda": 1262072146.0,
  "dividend_per_share": 0.0,
  "eps": 143.6043635,
  "eps_ttm": 143.6043635,
  "earnings_per_share": 143.6043635,
  "bvps": 11482.8173945,
  "book_value_per_share": 11482.8173945,
  "market_cap": 44000000000.0,
  "debt_to_equity": 0.5887538458,
  "current_ratio": 2.2635145134,
  "quick_ratio": 1.2541053316,
  "cash_ratio": 0.3034563574,
  "interest_coverage": -43.09816590980438,
  "asset_turnover": 0.5849860205,
  "inventory_turnover": 1.1725635099,
  "fixed_asset_turnover": 3.5445707792,
  "current_price": 22000.0,
  "working_capital": 17084113421.0
}