{
  "symbol": "INN",
  "data_source": "VCI",
  "data_period": "year",
  "last_updated": "2025-11-17T14:10:22.234991",
  "name": "Công ty Cổ phần Bao bì và In Nông nghiệp",
  "exchange": "HNX",
  "sector": "Hàng & Dịch vụ Công nghiệp",
  "shares_outstanding": 27000000.0,
  "charter_capital": 270000000000.0,
  "revenue": 1767765246504.0,
  "revenue_ttm": 1767765246504.0,
  "net_income": 113990460549.0,
  "net_income_ttm": 113990460549.0,
  "total_assets": 1206807055425.0,
  "total_equity": 720980143889.0,
  "total_liabilities": 485826911536.0,
  "total_debt": 485826911536.0,
  "current_assets": 795699180220.0,
  "current_liabilities": 484546911536.0,
  "cash": 139472576267.0,
  "accounts_receivable": 338927926508.0,
  "fixed_assets": 246012863559.0,
  "ppe": 246012863559.0,
  "depreciation": 105237393070.0,
  "roe": 16.54503754,
  "roa": 9.92727491,
  "roic": 15.18592277,
  "net_profit_margin": 6.450737933294541,
  "net_margin": 6.450737933294541,
  "gross_profit_margin": 17.77741388182387,
  "gross_margin": 17.77741388182387,
  "ebit_margin": 7.244244662526317,
  "pe_ratio": 7.1474124956,
  "pb_ratio": 1.0735385802,
  "ps_ratio": 0.4380078066,
  "ev_ebitda": 3.2433683598,
  "ebitda": 233249845901.0,
  "dividend_per_share": 0.0,
  "eps": 6332.803363833334,
  "eps_ttm": 6332.803363833334,
  "earnings_per_share": 6332.803363833334,
  "bvps": 40054.4524382778,
  "book_value_per_share": 40054.4524382778,
  "market_cap": 774000000000.0,
  "debt_to_equity": 0.6738422905,
  "current_ratio": 1.6421509688,
  "quick_ratio": 0.987315142,
  "cash_ratio": 0.2878412243,
  "interest_coverage": -67.38141463868803,
  "asset_turnover": 1.5389363224,
  "inventory_turnover": 8.5733510094,
  "fixed_asset_turnover": 6.5702557796,
  "current_price": 43000.0,
  "working_capital": 311152268684.0
}