{
  "symbol": "IPA",
  "data_source": "VCI",
  "data_period": "year",
  "last_updated": "2025-11-17T14:10:30.185780",
  "name": "Công ty Cổ phần Tập đoàn Đầu tư I.P.A",
  "exchange": "HNX",
  "sector": "Hàng & Dịch vụ Công nghiệp",
  "shares_outstanding": 213835775.0,
  "charter_capital": 2138357750000.0,
  "revenue": 560331817604.0,
  "revenue_ttm": 560331817604.0,
  "net_income": 470122580868.0,
  "net_income_ttm": 470122580868.0,
  "total_assets": 8671128833578.0,
  "total_equity": 4498623930344.0,
  "total_liabilities": 4172504903234.0,
  "total_debt": 4172504903234.0,
  "current_assets": 1955675716328.0,
  "current_liabilities": 468893079267.0,
  "cash": 65503488551.0,
  "accounts_receivable": 1111908939913.0,
  "fixed_assets": 622280506211.0,
  "ppe": 622280506211.0,
  "depreciation": 80608849056.0,
  "roe": 10.42013619,
  "roa": 4.70038238,
  "roic": 2.36793584,
  "net_profit_margin": 73.46680324763544,
  "net_margin": 73.46680324763544,
  "gross_profit_margin": 49.871172651149706,
  "gross_margin": 49.871172651149706,
  "ebit_margin": 34.977162939155235,
  "pe_ratio": 10.134292823,
  "pb_ratio": 1.0062843838,
  "ps_ratio": 7.4453409688,
  "ev_ebitda": 28.4930401736,
  "ebitda": 276500066297.0,
  "dividend_per_share": 0.0,
  "eps": 1924.1599133306856,
  "eps_ttm": 1924.1599133306856,
  "earnings_per_share": 1924.1599133306856,
  "bvps": 19378.2198297034,
  "book_value_per_share": 19378.2198297034,
  "market_cap": 4169797612500.0,
  "debt_to_equity": 0.9275069372,
  "current_ratio": 4.1708351068,
  "quick_ratio": 4.1027963348,
  "cash_ratio": 1.7314477501,
  "interest_coverage": -0.5254736918280462,
  "asset_turnover": 0.0639796775,
  "inventory_turnover": 13.9285495468,
  "fixed_asset_turnover": 0.8552549016,
  "current_price": 19500.0,
  "working_capital": 1486782637061.0
}