{
  "symbol": "ITC",
  "data_source": "VCI",
  "data_period": "year",
  "last_updated": "2025-11-17T16:27:38.669392",
  "name": "Công ty Cổ phần Đầu tư - Kinh doanh nhà",
  "exchange": "HSX",
  "sector": "Bất động sản",
  "shares_outstanding": 96375409.0,
  "charter_capital": 963754090000.0,
  "revenue": 572806132538.0,
  "revenue_ttm": 572806132538.0,
  "net_income": 32554841609.0,
  "net_income_ttm": 32554841609.0,
  "total_assets": 3988436338167.0,
  "total_equity": 2322688455709.0,
  "total_liabilities": 1665747882458.0,
  "total_debt": 1665747882458.0,
  "current_assets": 2165117203528.0,
  "current_liabilities": 1306313638541.0,
  "cash": 40546457375.0,
  "accounts_receivable": 373859821530.0,
  "fixed_assets": 1108013486271.0,
  "ppe": 1108013486271.0,
  "depreciation": 65064184087.0,
  "roe": 1.52677529,
  "roa": 0.8088839400000001,
  "roic": 4.18166522,
  "net_profit_margin": 5.747075966216246,
  "net_margin": 5.747075966216246,
  "gross_profit_margin": 33.565426354414946,
  "gross_margin": 33.565426354414946,
  "ebit_margin": 21.558742912204217,
  "pe_ratio": 42.7237326803,
  "pb_ratio": 0.6341463036,
  "ps_ratio": 2.406258064,
  "ev_ebitda": 10.4366719039,
  "ebitda": 188540454418.0,
  "dividend_per_share": 0.0,
  "eps": 341.539369975592,
  "eps_ttm": 341.539369975592,
  "earnings_per_share": 341.539369975592,
  "bvps": 22550.0013481759,
  "book_value_per_share": 22550.0013481759,
  "market_cap": 1378168348700.0,
  "debt_to_equity": 0.7171637153,
  "current_ratio": 1.6574252459,
  "quick_ratio": 0.3172333708,
  "cash_ratio": 0.031038838,
  "interest_coverage": -1.604916310103926,
  "asset_turnover": 0.1407470412,
  "inventory_turnover": 0.220019926,
  "fixed_asset_turnover": 0.497198109,
  "current_price": 15300.0,
  "working_capital": 858803564987.0
}