{
  "symbol": "ITD",
  "data_source": "VCI",
  "data_period": "year",
  "last_updated": "2025-11-17T16:27:46.798713",
  "name": "Công ty Cổ phần Công nghệ ITD",
  "exchange": "HSX",
  "sector": "Công nghệ Thông tin",
  "shares_outstanding": 26244995.0,
  "charter_capital": 262449950000.0,
  "revenue": 565306494940.0,
  "revenue_ttm": 565306494940.0,
  "net_income": 23358471451.0,
  "net_income_ttm": 23358471451.0,
  "total_assets": 682394278200.0,
  "total_equity": 360738601385.0,
  "total_liabilities": 321655676815.0,
  "total_debt": 321655676815.0,
  "current_assets": 540133683464.0,
  "current_liabilities": 313338680727.0,
  "cash": 77575646647.0,
  "accounts_receivable": 126901011172.0,
  "fixed_assets": 68636837050.0,
  "ppe": 68636837050.0,
  "depreciation": 15400044640.0,
  "roe": 1.37759741,
  "roa": 0.54687332,
  "roic": 6.38234674,
  "net_profit_margin": 0.6336149205892582,
  "net_margin": 0.6336149205892582,
  "gross_profit_margin": 25.865517454477384,
  "gross_margin": 25.865517454477384,
  "ebit_margin": 5.40769391199806,
  "pe_ratio": 91.4393259015,
  "pb_ratio": 1.2510179344,
  "ps_ratio": 0.5793732122,
  "ev_ebitda": 8.0092800045,
  "ebitda": 45970089551.0,
  "dividend_per_share": 0.0,
  "eps": 145.99845163310988,
  "eps_ttm": 145.99845163310988,
  "earnings_per_share": 145.99845163310988,
  "bvps": 10671.3098455094,
  "book_value_per_share": 10671.3098455094,
  "market_cap": 327523439850.0,
  "debt_to_equity": 0.8916586015,
  "current_ratio": 1.723801486,
  "quick_ratio": 0.6525739412,
  "cash_ratio": 0.2475776258,
  "interest_coverage": -9.170508725748583,
  "asset_turnover": 0.8631004508,
  "inventory_turnover": 2.3180239113,
  "fixed_asset_turnover": 8.0527682311,
  "current_price": 13400.0,
  "working_capital": 226795002737.0
}