{
  "symbol": "ITQ",
  "data_source": "VCI",
  "data_period": "year",
  "last_updated": "2025-11-17T14:10:38.190374",
  "name": "Công ty Cổ phần Tập đoàn Thiên Quang",
  "exchange": "HNX",
  "sector": "Tài nguyên Cơ bản",
  "shares_outstanding": 31843305.0,
  "charter_capital": 318433050000.0,
  "revenue": 555568933214.0,
  "revenue_ttm": 555568933214.0,
  "net_income": 1048147645.0,
  "net_income_ttm": 1048147645.0,
  "total_assets": 541961203431.0,
  "total_equity": 332534904192.0,
  "total_liabilities": 209426299239.0,
  "total_debt": 209426299239.0,
  "current_assets": 398695444488.0,
  "current_liabilities": 209426299239.0,
  "cash": 4709353896.0,
  "accounts_receivable": 156711937381.0,
  "fixed_assets": 47601930575.0,
  "ppe": 47601930575.0,
  "depreciation": 0.0,
  "roe": 0.31560065,
  "roa": 0.19802794999999998,
  "roic": 1.49520187,
  "net_profit_margin": 0.18872159232356112,
  "net_margin": 0.18872159232356112,
  "gross_profit_margin": 4.9218176956321456,
  "gross_margin": 4.9218176956321456,
  "ebit_margin": 1.2176158705758282,
  "pe_ratio": 97.8928928037,
  "pb_ratio": 0.2777019294,
  "ps_ratio": 0.1662705234,
  "ev_ebitda": 13.7762792318,
  "ebitda": 15053806734.0,
  "dividend_per_share": 0.0,
  "eps": 32.915793288416516,
  "eps_ttm": 32.915793288416516,
  "earnings_per_share": 32.915793288416516,
  "bvps": 10442.8514625602,
  "book_value_per_share": 10442.8514625602,
  "market_cap": 92345584500.0,
  "debt_to_equity": 0.6297874196,
  "current_ratio": 1.9037506079,
  "quick_ratio": 0.7707785119,
  "cash_ratio": 0.022486927,
  "interest_coverage": -1.054557960377204,
  "asset_turnover": 1.0493126044,
  "inventory_turnover": 2.6396919426,
  "fixed_asset_turnover": 10.7452178182,
  "current_price": 2900.0,
  "working_capital": 189269145249.0
}