{
  "symbol": "IVS",
  "data_source": "VCI",
  "data_period": "year",
  "last_updated": "2025-11-17T14:10:46.348597",
  "name": "Công ty Cổ phần Chứng khoán Guotai Junan (Việt Nam)",
  "exchange": "HNX",
  "sector": "Dịch vụ tài chính",
  "shares_outstanding": 104923336.0,
  "charter_capital": 1049233360000.0,
  "revenue": 74751516084.0,
  "revenue_ttm": 74751516084.0,
  "net_income": 17118415814.0,
  "net_income_ttm": 17118415814.0,
  "total_assets": 908279948715.0,
  "total_equity": 772259847633.0,
  "total_liabilities": 136020101082.0,
  "total_debt": 136020101082.0,
  "current_assets": 884745793911.0,
  "current_liabilities": 136020101082.0,
  "cash": 1953134167.0,
  "accounts_receivable": 14643159460.0,
  "fixed_assets": 6997360855.0,
  "ppe": 6997360855.0,
  "depreciation": 2554905483.0,
  "roe": 2.2415086399999997,
  "roa": 2.04519042,
  "roic": 2.63780384,
  "net_profit_margin": 22.900426253246344,
  "net_margin": 22.900426253246344,
  "gross_profit_margin": 71.23949368352453,
  "gross_margin": 71.23949368352453,
  "ebit_margin": 31.778305039734878,
  "pe_ratio": 36.460733679,
  "pb_ratio": 0.8082124196,
  "ps_ratio": 8.3496634275,
  "ev_ebitda": 28.5251718351,
  "ebitda": 26309670286.0,
  "dividend_per_share": 0.0,
  "eps": 246.840891333814,
  "eps_ttm": 246.840891333814,
  "earnings_per_share": 246.840891333814,
  "bvps": 11135.6863393367,
  "book_value_per_share": 11135.6863393367,
  "market_cap": 624150000000.0,
  "debt_to_equity": 0.1761325563,
  "current_ratio": 6.5045223969,
  "quick_ratio": 0.3706964723,
  "cash_ratio": 0.2630420936,
  "interest_coverage": -10.696579343654843,
  "asset_turnover": 0.0893079628,
  "fixed_asset_turnover": 9.0336193332,
  "current_price": 9200.0,
  "working_capital": 748725692829.0
}