{
  "symbol": "JVC",
  "data_source": "VCI",
  "data_period": "year",
  "last_updated": "2025-11-17T16:29:13.850823",
  "name": "Công ty Cổ phần Đầu tư Y tế - Dược phẩm Việt Nam",
  "exchange": "HSX",
  "sector": "Y tế",
  "shares_outstanding": 112500171.0,
  "charter_capital": 1125001710000.0,
  "revenue": 611676440253.0,
  "revenue_ttm": 611676440253.0,
  "net_income": 40336096061.0,
  "net_income_ttm": 40336096061.0,
  "total_assets": 828102672175.0,
  "total_equity": 539681628200.0,
  "total_liabilities": 288421043975.0,
  "total_debt": 288421043975.0,
  "current_assets": 562294668490.0,
  "current_liabilities": 288286032550.0,
  "cash": 19581608627.0,
  "accounts_receivable": 387304882539.0,
  "fixed_assets": 101266116561.0,
  "ppe": 101266116561.0,
  "depreciation": 35302084719.0,
  "roe": 7.7571690900000005,
  "roa": 5.31856023,
  "roic": 5.36503639,
  "net_profit_margin": 6.587009932268946,
  "net_margin": 6.587009932268946,
  "gross_profit_margin": 24.1311457485048,
  "gross_margin": 24.1311457485048,
  "ebit_margin": 5.970107124511606,
  "pe_ratio": 20.1081522854,
  "pb_ratio": 1.5015832005,
  "ps_ratio": 1.3245259882,
  "ev_ebitda": 12.9679166285,
  "ebitda": 71811705249.0,
  "dividend_per_share": 0.0,
  "eps": 358.0637294675756,
  "eps_ttm": 358.0637294675756,
  "earnings_per_share": 358.0637294675756,
  "bvps": 4794.9391000037,
  "book_value_per_share": 4794.9391000037,
  "market_cap": 810001231200.0,
  "debt_to_equity": 0.5344281312,
  "current_ratio": 1.950474893,
  "quick_ratio": 1.4113985599,
  "cash_ratio": 0.0679242364,
  "interest_coverage": -6.714760777736741,
  "asset_turnover": 0.8074316399,
  "inventory_turnover": 3.750426284,
  "fixed_asset_turnover": 5.9494061602,
  "current_price": 7370.0,
  "working_capital": 274008635940.0
}