{
  "symbol": "KDH",
  "data_source": "VCI",
  "data_period": "year",
  "last_updated": "2025-11-17T16:29:45.813165",
  "name": "Công ty Cổ phần Đầu tư và Kinh doanh nhà Khang Điền",
  "exchange": "HSX",
  "sector": "Bất động sản",
  "shares_outstanding": 1122214899.0,
  "charter_capital": 11222148990000.0,
  "revenue": 3295129859000.0,
  "revenue_ttm": 3295129859000.0,
  "net_income": 803639057000.0,
  "net_income_ttm": 803639057000.0,
  "total_assets": 30757719910000.0,
  "total_equity": 19453433584000.0,
  "total_liabilities": 11304286326000.0,
  "total_debt": 11304286326000.0,
  "current_assets": 28843541265000.0,
  "current_liabilities": 4182246202000.0,
  "cash": 3095618574000.0,
  "accounts_receivable": 3018308105000.0,
  "fixed_assets": 73341716000.0,
  "ppe": 73341716000.0,
  "depreciation": 13552292000.0,
  "roe": 5.25467411,
  "roa": 2.83171084,
  "roic": 4.92504161,
  "net_profit_margin": 24.71839986653068,
  "net_margin": 24.71839986653068,
  "gross_profit_margin": 53.05788132012981,
  "gross_margin": 53.05788132012981,
  "ebit_margin": 39.885488028853146,
  "pe_ratio": 45.5077465573,
  "pb_ratio": 2.0141846878,
  "ps_ratio": 10.6863474219,
  "ev_ebitda": 29.5471872385,
  "ebitda": 1321231603000.0,
  "dividend_per_share": 0.0,
  "eps": 801.4829778232113,
  "eps_ttm": 801.4829778232113,
  "earnings_per_share": 801.4829778232113,
  "bvps": 17202.9904754331,
  "book_value_per_share": 17202.9904754331,
  "market_cap": 35036089877250.0,
  "debt_to_equity": 0.5810946575,
  "current_ratio": 6.8966626717,
  "quick_ratio": 1.4618763181,
  "cash_ratio": 0.740180856,
  "interest_coverage": 0.0,
  "asset_turnover": 0.114558825,
  "inventory_turnover": 0.0751392574,
  "fixed_asset_turnover": 42.3949157407,
  "current_price": 35100.0,
  "working_capital": 24661295063000.0
}