{
  "symbol": "KDM",
  "data_source": "VCI",
  "data_period": "year",
  "last_updated": "2025-11-17T14:12:13.949042",
  "name": "Công ty Cổ phần Tập đoàn GCL",
  "exchange": "HNX",
  "sector": "Xây dựng và Vật liệu",
  "shares_outstanding": 7596981.0,
  "charter_capital": 75969810000.0,
  "revenue": 35660063272.0,
  "revenue_ttm": 35660063272.0,
  "net_income": 1296728829.0,
  "net_income_ttm": 1296728829.0,
  "total_assets": 78244717586.0,
  "total_equity": 77296956101.0,
  "total_liabilities": 947761485.0,
  "total_debt": 947761485.0,
  "current_assets": 57314927773.0,
  "current_liabilities": 947761485.0,
  "cash": 12386188011.0,
  "accounts_receivable": 40555204579.0,
  "fixed_assets": 0.0,
  "ppe": 0.0,
  "depreciation": 0.0,
  "roe": 1.69178429,
  "roa": 1.6537800799999998,
  "roic": -0.35379702,
  "net_profit_margin": 3.636361548517445,
  "net_margin": 3.636361548517445,
  "gross_profit_margin": 3.7405402587923935,
  "gross_margin": 3.7405402587923935,
  "ebit_margin": -0.7668924306556962,
  "pe_ratio": 110.1411795635,
  "pb_ratio": 1.847721437,
  "ps_ratio": 4.0051315027,
  "ev_ebitda": -476.9627068722,
  "ebitda": -273474326.0,
  "dividend_per_share": 0.0,
  "eps": 170.69001870611496,
  "eps_ttm": 170.69001870611496,
  "earnings_per_share": 170.69001870611496,
  "bvps": 10174.6938818196,
  "book_value_per_share": 10174.6938818196,
  "market_cap": 142823242800.0,
  "debt_to_equity": 0.0122613041,
  "current_ratio": 60.4739997142,
  "quick_ratio": 56.3000675196,
  "cash_ratio": 13.509549841,
  "interest_coverage": 2.105491841488683,
  "asset_turnover": 0.4547897839,
  "inventory_turnover": 8.1032695231,
  "fixed_asset_turnover": 0.0,
  "current_price": 18800.0,
  "working_capital": 56367166288.0
}