{
  "symbol": "KHG",
  "data_source": "VCI",
  "data_period": "year",
  "last_updated": "2025-11-17T16:29:56.405771",
  "name": "Công ty Cổ phần Tập đoàn Khải Hoàn Land",
  "exchange": "HSX",
  "sector": "Bất động sản",
  "shares_outstanding": 449435205.0,
  "charter_capital": 4494352050000.0,
  "revenue": 309842135613.0,
  "revenue_ttm": 309842135613.0,
  "net_income": 54626254024.0,
  "net_income_ttm": 54626254024.0,
  "total_assets": 6591186384699.0,
  "total_equity": 5219834266311.0,
  "total_liabilities": 1371352118388.0,
  "total_debt": 1371352118388.0,
  "current_assets": 1726212405239.0,
  "current_liabilities": 780420118388.0,
  "cash": 106983017179.0,
  "accounts_receivable": 1456619834453.0,
  "fixed_assets": 556263875.0,
  "ppe": 556263875.0,
  "depreciation": 545019825.0,
  "roe": 1.05201794,
  "roa": 0.8415742900000001,
  "roic": -0.6504259099999999,
  "net_profit_margin": 17.630350344676636,
  "net_margin": 17.630350344676636,
  "gross_profit_margin": 14.655163800805804,
  "gross_margin": 14.655163800805804,
  "ebit_margin": -13.126087549886359,
  "pe_ratio": 62.5286800098,
  "pb_ratio": 0.654370883,
  "ps_ratio": 11.0240253516,
  "ev_ebitda": -108.2049884897,
  "ebitda": -40125130162.0,
  "dividend_per_share": 0.0,
  "eps": 121.54422576664861,
  "eps_ttm": 121.54422576664861,
  "earnings_per_share": 121.54422576664861,
  "bvps": 11614.208696248,
  "book_value_per_share": 11614.208696248,
  "market_cap": 3415707558000.0,
  "debt_to_equity": 0.2627194751,
  "current_ratio": 2.2119014676,
  "quick_ratio": 2.0035399073,
  "cash_ratio": 0.1370838791,
  "interest_coverage": 0.33853311044315076,
  "asset_turnover": 0.0477344055,
  "inventory_turnover": 1.5761498229,
  "fixed_asset_turnover": 514.1606995485,
  "current_price": 7790.0,
  "working_capital": 945792286851.0
}