{
  "symbol": "KHP",
  "data_source": "VCI",
  "data_period": "year",
  "last_updated": "2025-11-17T16:30:22.391417",
  "name": "Công ty Cổ phần Điện lực Khánh Hòa",
  "exchange": "HSX",
  "sector": "Điện, nước & xăng dầu khí đốt",
  "shares_outstanding": 60405967.0,
  "charter_capital": 604059670000.0,
  "revenue": 7118614609836.0,
  "revenue_ttm": 7118614609836.0,
  "net_income": 57758000584.0,
  "net_income_ttm": 57758000584.0,
  "total_assets": 2260411630729.0,
  "total_equity": 703329939619.0,
  "total_liabilities": 1557081691110.0,
  "total_debt": 1557081691110.0,
  "current_assets": 1031122014996.0,
  "current_liabilities": 873345127398.0,
  "cash": 112526453409.0,
  "accounts_receivable": 458640434787.0,
  "fixed_assets": 1103809360455.0,
  "ppe": 1103809360455.0,
  "depreciation": 222277021906.0,
  "roe": 8.232284199999999,
  "roa": 2.53334557,
  "roic": 5.859011499999999,
  "net_profit_margin": 0.8113657467029338,
  "net_margin": 0.8113657467029338,
  "gross_profit_margin": 3.6232664950510944,
  "gross_margin": 3.6232664950510944,
  "ebit_margin": 1.2930178345631855,
  "pe_ratio": 26.4545593107,
  "pb_ratio": 1.0907480795,
  "ps_ratio": 0.1077675676,
  "ev_ebitda": 4.8431148418,
  "ebitda": 314321978385.0,
  "dividend_per_share": 0.0,
  "eps": 956.1638270603299,
  "eps_ttm": 956.1638270603299,
  "earnings_per_share": 956.1638270603299,
  "bvps": 11643.3851579431,
  "book_value_per_share": 11643.3851579431,
  "market_cap": 767155780900.0,
  "debt_to_equity": 2.2138709067,
  "current_ratio": 1.1806581186,
  "quick_ratio": 0.6539990552,
  "cash_ratio": 0.128845344,
  "interest_coverage": -1.5400069263352145,
  "asset_turnover": 3.1223225486,
  "inventory_turnover": 147.1948055433,
  "fixed_asset_turnover": 6.1267360995,
  "current_price": 12650.0,
  "working_capital": 157776887598.0
}