{
  "symbol": "KHS",
  "data_source": "VCI",
  "data_period": "year",
  "last_updated": "2025-11-17T14:12:22.865609",
  "name": "Công ty Cổ phần Kiên Hùng",
  "exchange": "HNX",
  "sector": "Thực phẩm và đồ uống",
  "shares_outstanding": 13904571.0,
  "charter_capital": 139045710000.0,
  "revenue": 663286490188.0,
  "revenue_ttm": 663286490188.0,
  "net_income": 17084833728.0,
  "net_income_ttm": 17084833728.0,
  "total_assets": 493916622698.0,
  "total_equity": 224343498111.0,
  "total_liabilities": 269573124587.0,
  "total_debt": 269573124587.0,
  "current_assets": 239844009360.0,
  "current_liabilities": 250273124587.0,
  "cash": 33006936803.0,
  "accounts_receivable": 38766747754.0,
  "fixed_assets": 230208441332.0,
  "ppe": 230208441332.0,
  "depreciation": 27217384460.0,
  "roe": 12.537647129999998,
  "roa": 5.21236174,
  "roic": 11.732878269999999,
  "net_profit_margin": 3.9042822407612134,
  "net_margin": 3.9042822407612134,
  "gross_profit_margin": 11.859626250353385,
  "gross_margin": 11.859626250353385,
  "ebit_margin": 7.576268879221648,
  "pe_ratio": 8.8163689923,
  "pb_ratio": 0.9307220736,
  "ps_ratio": 0.3070882091,
  "ev_ebitda": 4.7921276097,
  "ebitda": 77033494997.0,
  "dividend_per_share": 0.0,
  "eps": 2123.217742845921,
  "eps_ttm": 2123.217742845921,
  "earnings_per_share": 2123.217742845921,
  "bvps": 17943.0578400292,
  "book_value_per_share": 17943.0578400292,
  "market_cap": 201919182300.0,
  "debt_to_equity": 1.2016088135,
  "current_ratio": 0.9583290645,
  "quick_ratio": 0.28678143,
  "cash_ratio": 0.1318836645,
  "interest_coverage": -3.8342121906429982,
  "asset_turnover": 1.3350371248,
  "inventory_turnover": 3.7697617753,
  "fixed_asset_turnover": 2.6940122473,
  "current_price": 17000.0,
  "working_capital": -10429115227.0
}