{
  "symbol": "KKC",
  "data_source": "VCI",
  "data_period": "year",
  "last_updated": "2025-11-17T14:12:30.966100",
  "name": "Công ty Cổ phần Tập đoàn Thành Thái",
  "exchange": "HNX",
  "sector": "Tài nguyên Cơ bản",
  "shares_outstanding": 5200000.0,
  "charter_capital": 52000000000.0,
  "revenue": 88587513537.0,
  "revenue_ttm": 88587513537.0,
  "net_income": 6892039810.0,
  "net_income_ttm": 6892039810.0,
  "total_assets": 78325390581.0,
  "total_equity": 47143938738.0,
  "total_liabilities": 31181451843.0,
  "total_debt": 31181451843.0,
  "current_assets": 74175644922.0,
  "current_liabilities": 30431451843.0,
  "cash": 822590706.0,
  "accounts_receivable": 59977030133.0,
  "fixed_assets": 3105869831.0,
  "ppe": 3105869831.0,
  "depreciation": 0.0,
  "roe": 15.54057669,
  "roa": 9.30168697,
  "roic": -1.32462085,
  "net_profit_margin": 7.779922400826194,
  "net_margin": 7.779922400826194,
  "gross_profit_margin": 4.842517464053519,
  "gross_margin": 4.842517464053519,
  "ebit_margin": -0.8802036188478466,
  "pe_ratio": 4.0742654967,
  "pb_ratio": 0.5956226983,
  "ps_ratio": 0.316974694,
  "ev_ebitda": -1249.7227290049,
  "ebitda": -31190446.0,
  "dividend_per_share": 0.0,
  "eps": 1325.3922711538462,
  "eps_ttm": 1325.3922711538462,
  "earnings_per_share": 1325.3922711538462,
  "bvps": 9066.142065,
  "book_value_per_share": 9066.142065,
  "market_cap": 28080000000.0,
  "debt_to_equity": 0.6614095614,
  "current_ratio": 2.4374665167,
  "quick_ratio": 1.9979204789,
  "cash_ratio": 0.0270309386,
  "interest_coverage": 0.4879935624118276,
  "asset_turnover": 1.1956015097,
  "inventory_turnover": 4.3129388908,
  "fixed_asset_turnover": 25.4550858876,
  "current_price": 5800.0,
  "working_capital": 43744193079.0
}