{
  "symbol": "KMR",
  "data_source": "VCI",
  "data_period": "year",
  "last_updated": "2025-11-17T16:30:33.488088",
  "name": "Công ty Cổ phần Mirae",
  "exchange": "HSX",
  "sector": "Hàng cá nhân & Gia dụng",
  "shares_outstanding": 56881443.0,
  "charter_capital": 568814430000.0,
  "revenue": 411624057742.0,
  "revenue_ttm": 411624057742.0,
  "net_income": 6854360490.0,
  "net_income_ttm": 6854360490.0,
  "total_assets": 860573574484.0,
  "total_equity": 646879736781.0,
  "total_liabilities": 213693837703.0,
  "total_debt": 213693837703.0,
  "current_assets": 656635297067.0,
  "current_liabilities": 211665837703.0,
  "cash": 19043041946.0,
  "accounts_receivable": 162966461787.0,
  "fixed_assets": 185785204249.0,
  "ppe": 185785204249.0,
  "depreciation": 40233375368.0,
  "roe": 1.06440565,
  "roa": 0.78786746,
  "roic": 2.27374971,
  "net_profit_margin": 1.6651991935554489,
  "net_margin": 1.6651991935554489,
  "gross_profit_margin": 13.637663833581168,
  "gross_margin": 13.637663833581168,
  "ebit_margin": 4.501269746632078,
  "pe_ratio": 27.9385448693,
  "pb_ratio": 0.2664340255,
  "ps_ratio": 0.4187091815,
  "ev_ebitda": 5.4679679256,
  "ebitda": 58761684549.0,
  "dividend_per_share": 0.0,
  "eps": 120.50257743988668,
  "eps_ttm": 120.50257743988668,
  "earnings_per_share": 120.50257743988668,
  "bvps": 11372.4213498065,
  "book_value_per_share": 11372.4213498065,
  "market_cap": 172350772290.0,
  "debt_to_equity": 0.3303455427,
  "current_ratio": 3.1022261513,
  "quick_ratio": 0.8598907869,
  "cash_ratio": 0.0899674796,
  "interest_coverage": -1.5602823275405195,
  "asset_turnover": 0.4731370678,
  "inventory_turnover": 0.7659219018,
  "fixed_asset_turnover": 2.152924805,
  "current_price": 3000.0,
  "working_capital": 444969459364.0
}