{
  "symbol": "KMT",
  "data_source": "VCI",
  "data_period": "year",
  "last_updated": "2025-11-17T14:12:38.926166",
  "name": "Công ty Cổ phần Kim khí Miền Trung",
  "exchange": "HNX",
  "sector": "Tài nguyên Cơ bản",
  "shares_outstanding": 9846562.0,
  "charter_capital": 98465620000.0,
  "revenue": 4576870042738.0,
  "revenue_ttm": 4576870042738.0,
  "net_income": 10724365167.0,
  "net_income_ttm": 10724365167.0,
  "total_assets": 793301360136.0,
  "total_equity": 138702945232.0,
  "total_liabilities": 654598414904.0,
  "total_debt": 654598414904.0,
  "current_assets": 718553987690.0,
  "current_liabilities": 654598414904.0,
  "cash": 10275322494.0,
  "accounts_receivable": 658025947854.0,
  "fixed_assets": 48298576629.0,
  "ppe": 48298576629.0,
  "depreciation": 2086824076.0,
  "roe": 7.8454853899999994,
  "roa": 1.34519455,
  "roic": 4.01364353,
  "net_profit_margin": 0.23434630784867086,
  "net_margin": 0.23434630784867086,
  "gross_profit_margin": 2.203432375384123,
  "gross_margin": 2.203432375384123,
  "ebit_margin": 0.6331537506071901,
  "pe_ratio": 10.0225936563,
  "pb_ratio": 0.7099028779,
  "ps_ratio": 0.0215164759,
  "ev_ebitda": 21.6149514868,
  "ebitda": 31061771839.0,
  "dividend_per_share": 0.0,
  "eps": 1089.1481886774288,
  "eps_ttm": 1089.1481886774288,
  "earnings_per_share": 1089.1481886774288,
  "bvps": 14086.4339484177,
  "book_value_per_share": 14086.4339484177,
  "market_cap": 98465620000.0,
  "debt_to_equity": 4.7194269293,
  "current_ratio": 1.0977019976,
  "quick_ratio": 1.036209766,
  "cash_ratio": 0.030973681,
  "interest_coverage": -0.8462704064026275,
  "asset_turnover": 5.7401994765,
  "inventory_turnover": 90.352115166,
  "fixed_asset_turnover": 94.9251967574,
  "current_price": 10000.0,
  "working_capital": 63955572786.0
}