{
  "symbol": "KOS",
  "data_source": "VCI",
  "data_period": "year",
  "last_updated": "2025-11-17T16:30:43.911945",
  "name": "Công ty Cổ phần KOSY",
  "exchange": "HSX",
  "sector": "Bất động sản",
  "shares_outstanding": 216481335.0,
  "charter_capital": 2164813350000.0,
  "revenue": 1438926718406.0,
  "revenue_ttm": 1438926718406.0,
  "net_income": 21739293790.0,
  "net_income_ttm": 21739293790.0,
  "total_assets": 4851309115879.0,
  "total_equity": 2318635387147.0,
  "total_liabilities": 2532673728732.0,
  "total_debt": 2532673728732.0,
  "current_assets": 3325467396381.0,
  "current_liabilities": 1352501407554.0,
  "cash": 41750550309.0,
  "accounts_receivable": 702406388621.0,
  "fixed_assets": 1062655318827.0,
  "ppe": 1062655318827.0,
  "depreciation": 73060263047.0,
  "roe": 0.92984085,
  "roa": 0.44635681,
  "roic": 2.85131419,
  "net_profit_margin": 1.4896317769917242,
  "net_margin": 1.4896317769917242,
  "gross_profit_margin": 11.624762248163597,
  "gross_margin": 11.624762248163597,
  "ebit_margin": 8.68397375047859,
  "pe_ratio": 393.8832018175,
  "pb_ratio": 3.6529282891,
  "ps_ratio": 5.8674093385,
  "ev_ebitda": 52.8481140202,
  "ebitda": 198016281562.0,
  "dividend_per_share": 0.0,
  "eps": 99.01412352709299,
  "eps_ttm": 99.01412352709299,
  "earnings_per_share": 99.01412352709299,
  "bvps": 10676.3661680255,
  "book_value_per_share": 10676.3661680255,
  "market_cap": 8442772065000.0,
  "debt_to_equity": 1.0923122035,
  "current_ratio": 2.4587533719,
  "quick_ratio": 0.550207885,
  "cash_ratio": 0.0308691363,
  "interest_coverage": -1.3221435991237487,
  "asset_turnover": 0.2996423772,
  "inventory_turnover": 0.506565804,
  "fixed_asset_turnover": 1.3338256773,
  "current_price": 39050.0,
  "working_capital": 1972965988827.0
}