{
  "symbol": "KSB",
  "data_source": "VCI",
  "data_period": "year",
  "last_updated": "2025-11-17T16:30:53.846358",
  "name": "Công ty Cổ phần Khoáng sản và Xây dựng Bình Dương",
  "exchange": "HSX",
  "sector": "Xây dựng và Vật liệu",
  "shares_outstanding": 114779103.0,
  "charter_capital": 1147791030000.0,
  "revenue": 401275176502.0,
  "revenue_ttm": 401275176502.0,
  "net_income": 52962990927.0,
  "net_income_ttm": 52962990927.0,
  "total_assets": 4927312656996.0,
  "total_equity": 2650788454530.0,
  "total_liabilities": 2276524202466.0,
  "total_debt": 2276524202466.0,
  "current_assets": 2013574626937.0,
  "current_liabilities": 1068084242080.0,
  "cash": 15826811638.0,
  "accounts_receivable": 1945371437623.0,
  "fixed_assets": 53933440767.0,
  "ppe": 53933440767.0,
  "depreciation": 29821871360.0,
  "roe": 2.2849015699999997,
  "roa": 1.15340665,
  "roic": 2.89228783,
  "net_profit_margin": 13.227706736236511,
  "net_margin": 13.227706736236511,
  "gross_profit_margin": 44.27790341277551,
  "gross_margin": 44.27790341277551,
  "ebit_margin": 26.594676106626324,
  "pe_ratio": 47.0196215639,
  "pb_ratio": 0.8104485373,
  "ps_ratio": 5.3488711782,
  "ev_ebitda": 23.2129666973,
  "ebitda": 136539704847.0,
  "dividend_per_share": 0.0,
  "eps": 462.44919297722686,
  "eps_ttm": 462.44919297722686,
  "earnings_per_share": 462.44919297722686,
  "bvps": 23073.6427301405,
  "book_value_per_share": 23073.6427301405,
  "market_cap": 2146369226100.0,
  "debt_to_equity": 0.858810215,
  "current_ratio": 1.8852207978,
  "quick_ratio": 1.8361831136,
  "cash_ratio": 0.0148179432,
  "interest_coverage": -0.7542999595854204,
  "asset_turnover": 0.0871962674,
  "inventory_turnover": 8.9413735575,
  "fixed_asset_turnover": 6.0545897317,
  "current_price": 19050.0,
  "working_capital": 945490384857.0
}