{
  "symbol": "KSD",
  "data_source": "VCI",
  "data_period": "year",
  "last_updated": "2025-11-17T14:12:47.088447",
  "name": "Công ty Cổ phần Đầu tư DNA",
  "exchange": "HNX",
  "sector": "Hàng cá nhân & Gia dụng",
  "shares_outstanding": 12000000.0,
  "charter_capital": 120000000000.0,
  "revenue": 47136727334.0,
  "revenue_ttm": 47136727334.0,
  "net_income": -713586204.0,
  "net_income_ttm": -713586204.0,
  "total_assets": 122541746646.0,
  "total_equity": 120216374748.0,
  "total_liabilities": 2325371898.0,
  "total_debt": 2325371898.0,
  "current_assets": 84962194583.0,
  "current_liabilities": 2325371898.0,
  "cash": 15012788241.0,
  "accounts_receivable": 41386500188.0,
  "fixed_assets": 33841409325.0,
  "ppe": 33841409325.0,
  "depreciation": 0.0,
  "roe": -0.59182836,
  "roa": -0.56073358,
  "roic": -0.02958166,
  "net_profit_margin": -1.513864547582382,
  "net_margin": -1.513864547582382,
  "gross_profit_margin": 12.312456539200092,
  "gross_margin": 12.312456539200092,
  "ebit_margin": -0.07574909846200822,
  "pe_ratio": -79.0374024664,
  "pb_ratio": 0.4691540576,
  "ps_ratio": 1.1965192153,
  "ev_ebitda": 37.0165254324,
  "ebitda": 1131191762.0,
  "dividend_per_share": 0.0,
  "eps": -59.465517,
  "eps_ttm": -59.465517,
  "earnings_per_share": -59.465517,
  "bvps": 10018.031229,
  "book_value_per_share": 10018.031229,
  "market_cap": 56400000000.0,
  "debt_to_equity": 0.0193432209,
  "current_ratio": 36.5370350678,
  "quick_ratio": 24.2538789075,
  "cash_ratio": 6.4560805323,
  "interest_coverage": 0.26973162774067644,
  "asset_turnover": 0.3703987819,
  "inventory_turnover": 5.8730309389,
  "fixed_asset_turnover": 1.2525482191,
  "current_price": 4700.0,
  "working_capital": 82636822685.0
}