{
  "symbol": "KST",
  "data_source": "VCI",
  "data_period": "year",
  "last_updated": "2025-11-17T14:14:24.485812",
  "name": "Công ty Cổ phần KASATI",
  "exchange": "HNX",
  "sector": "Công nghệ Thông tin",
  "shares_outstanding": 5992020.0,
  "charter_capital": 59920200000.0,
  "revenue": 450864541619.0,
  "revenue_ttm": 450864541619.0,
  "net_income": 10338423880.0,
  "net_income_ttm": 10338423880.0,
  "total_assets": 217402007124.0,
  "total_equity": 77706400679.0,
  "total_liabilities": 139695606445.0,
  "total_debt": 139695606445.0,
  "current_assets": 209004385592.0,
  "current_liabilities": 139695606445.0,
  "cash": 44713438322.0,
  "accounts_receivable": 153758346761.0,
  "fixed_assets": 2990288306.0,
  "ppe": 2990288306.0,
  "depreciation": 730156872.0,
  "roe": 13.87577803,
  "roa": 4.42620023,
  "roic": 11.33270788,
  "net_profit_margin": 2.293578012023438,
  "net_margin": 2.293578012023438,
  "gross_profit_margin": 6.919610747590248,
  "gross_margin": 6.919610747590248,
  "ebit_margin": 1.9536630802850194,
  "pe_ratio": 8.2175294738,
  "pb_ratio": 1.0255765973,
  "ps_ratio": 0.1768007395,
  "ev_ebitda": 3.6680971199,
  "ebitda": 9536396266.0,
  "dividend_per_share": 0.0,
  "eps": 1725.3653826255586,
  "eps_ttm": 1725.3653826255586,
  "earnings_per_share": 1725.3653826255586,
  "bvps": 12968.3146383023,
  "book_value_per_share": 12968.3146383023,
  "market_cap": 79693866000.0,
  "debt_to_equity": 1.797736161,
  "current_ratio": 1.4961414386,
  "quick_ratio": 1.4207446471,
  "cash_ratio": 0.3200776278,
  "interest_coverage": -67.04093560048155,
  "asset_turnover": 1.9298232739,
  "inventory_turnover": 5.3777026118,
  "fixed_asset_turnover": 134.3386013686,
  "current_price": 13300.0,
  "working_capital": 69308779147.0
}