{
  "symbol": "KSV",
  "data_source": "VCI",
  "data_period": "year",
  "last_updated": "2025-11-17T14:14:33.472758",
  "name": "Tổng Công ty Khoáng sản TKV - Công ty Cổ phần",
  "exchange": "HNX",
  "sector": "Tài nguyên Cơ bản",
  "shares_outstanding": 200000000.0,
  "charter_capital": 2000000000000.0,
  "revenue": 13287858457753.0,
  "revenue_ttm": 13287858457753.0,
  "net_income": 1219272890305.0,
  "net_income_ttm": 1219272890305.0,
  "total_assets": 9613760377609.0,
  "total_equity": 4010582401467.0,
  "total_liabilities": 5603177976142.0,
  "total_debt": 5603177976142.0,
  "current_assets": 4569689898251.0,
  "current_liabilities": 4303260006277.0,
  "cash": 419450427902.0,
  "accounts_receivable": 1123554133517.0,
  "fixed_assets": 4000595809936.0,
  "ppe": 4000595809936.0,
  "depreciation": 1241499789250.0,
  "roe": 42.79776046,
  "roa": 13.45287326,
  "roic": 25.25387065,
  "net_profit_margin": 9.626884685215844,
  "net_margin": 9.626884685215844,
  "gross_profit_margin": 19.448347534981323,
  "gross_margin": 19.448347534981323,
  "ebit_margin": 14.17703379791593,
  "pe_ratio": 25.7862987804,
  "pb_ratio": 8.699309936,
  "ps_ratio": 2.3255486836,
  "ev_ebitda": 10.8416700854,
  "ebitda": 3120351798398.0,
  "dividend_per_share": 0.0,
  "eps": 6379.152328505,
  "eps_ttm": 6379.152328505,
  "earnings_per_share": 6379.152328505,
  "bvps": 17714.04871579,
  "book_value_per_share": 17714.04871579,
  "market_cap": 30820000000000.0,
  "debt_to_equity": 1.3970983302,
  "current_ratio": 1.0619135008,
  "quick_ratio": 0.3585664262,
  "cash_ratio": 0.0974727131,
  "interest_coverage": -7.760943481666007,
  "asset_turnover": 1.3974274857,
  "inventory_turnover": 4.1193021315,
  "fixed_asset_turnover": 3.0232751368,
  "current_price": 154000.0,
  "working_capital": 266429891974.0
}