{
  "symbol": "KTS",
  "data_source": "VCI",
  "data_period": "year",
  "last_updated": "2025-11-17T14:14:42.512831",
  "name": "Công ty Cổ phần Đường Kon Tum",
  "exchange": "HNX",
  "sector": "Thực phẩm và đồ uống",
  "shares_outstanding": 5070000.0,
  "charter_capital": 50700000000.0,
  "revenue": 381153422288.0,
  "revenue_ttm": 381153422288.0,
  "net_income": 50641304651.0,
  "net_income_ttm": 50641304651.0,
  "total_assets": 548651983609.0,
  "total_equity": 246118723093.0,
  "total_liabilities": 302533260516.0,
  "total_debt": 302533260516.0,
  "current_assets": 342254323442.0,
  "current_liabilities": 279705260516.0,
  "cash": 68166326526.0,
  "accounts_receivable": 169582379382.0,
  "fixed_assets": 194956774092.0,
  "ppe": 194956774092.0,
  "depreciation": 0.0,
  "roe": 22.7607183,
  "roa": 9.549496490000001,
  "roic": 14.503104380000002,
  "net_profit_margin": 13.286330828937269,
  "net_margin": 13.286330828937269,
  "gross_profit_margin": 21.928679502671606,
  "gross_margin": 21.928679502671606,
  "ebit_margin": 18.87504742477161,
  "pe_ratio": 4.0237026958,
  "pb_ratio": 0.8033930469,
  "ps_ratio": 0.518767479,
  "ev_ebitda": 4.2491961835,
  "ebitda": 89310210302.0,
  "dividend_per_share": 0.0,
  "eps": 9988.423008086786,
  "eps_ttm": 9988.423008086786,
  "earnings_per_share": 9988.423008086786,
  "bvps": 48544.1094499014,
  "book_value_per_share": 48544.1094499014,
  "market_cap": 197730000000.0,
  "debt_to_equity": 1.2292167646,
  "current_ratio": 1.2236249072,
  "quick_ratio": 0.8499972631,
  "cash_ratio": 0.2437077029,
  "interest_coverage": -6.418487724529022,
  "asset_turnover": 0.7187459513,
  "inventory_turnover": 4.3492345013,
  "fixed_asset_turnover": 1.9905347815,
  "current_price": 37700.0,
  "working_capital": 62549062926.0
}