{
  "symbol": "L10",
  "data_source": "VCI",
  "data_period": "year",
  "last_updated": "2025-11-17T16:31:04.295523",
  "name": "Công ty Cổ phần Lilama 10",
  "exchange": "HSX",
  "sector": "Hàng & Dịch vụ Công nghiệp",
  "shares_outstanding": 9890000.0,
  "charter_capital": 98900000000.0,
  "revenue": 1073199177579.0,
  "revenue_ttm": 1073199177579.0,
  "net_income": 27564331931.0,
  "net_income_ttm": 27564331931.0,
  "total_assets": 1379555696802.0,
  "total_equity": 282744501210.0,
  "total_liabilities": 1096811195592.0,
  "total_debt": 1096811195592.0,
  "current_assets": 1206685207779.0,
  "current_liabilities": 826843339054.0,
  "cash": 327734379689.0,
  "accounts_receivable": 417353046915.0,
  "fixed_assets": 93268956492.0,
  "ppe": 93268956492.0,
  "depreciation": 23690840837.0,
  "roe": 10.00000169,
  "roa": 2.0828237,
  "roic": 5.04552812,
  "net_profit_margin": 2.5684264866081623,
  "net_margin": 2.5684264866081623,
  "gross_profit_margin": 4.778232998806524,
  "gross_margin": 4.778232998806524,
  "ebit_margin": 2.139900583487866,
  "pe_ratio": 9.6387691013,
  "pb_ratio": 0.8359879644,
  "ps_ratio": 0.2202489575,
  "ev_ebitda": 1.7372914892,
  "ebitda": 46656236300.0,
  "dividend_per_share": 0.0,
  "eps": 2787.0911962588475,
  "eps_ttm": 2787.0911962588475,
  "earnings_per_share": 2787.0911962588475,
  "bvps": 28588.9283326593,
  "book_value_per_share": 28588.9283326593,
  "market_cap": 236371000000.0,
  "debt_to_equity": 3.8791601283,
  "current_ratio": 1.4593879527,
  "quick_ratio": 0.9011228505,
  "cash_ratio": 0.3963681682,
  "interest_coverage": -2.595323713090222,
  "asset_turnover": 0.8109337407,
  "inventory_turnover": 3.2113921487,
  "fixed_asset_turnover": 10.9249415958,
  "current_price": 24850.0,
  "working_capital": 379841868725.0
}