{
  "symbol": "L14",
  "data_source": "VCI",
  "data_period": "year",
  "last_updated": "2025-11-17T14:14:51.792043",
  "name": "Công ty Cổ phần Licogi 14",
  "exchange": "HNX",
  "sector": "Xây dựng và Vật liệu",
  "shares_outstanding": 30859515.0,
  "charter_capital": 308595150000.0,
  "revenue": 136087301281.0,
  "revenue_ttm": 136087301281.0,
  "net_income": 17166936788.0,
  "net_income_ttm": 17166936788.0,
  "total_assets": 623008090380.0,
  "total_equity": 425925455969.0,
  "total_liabilities": 197082634411.0,
  "total_debt": 197082634411.0,
  "current_assets": 501871725942.0,
  "current_liabilities": 189959914411.0,
  "cash": 99711911571.0,
  "accounts_receivable": 83731405174.0,
  "fixed_assets": 33244257230.0,
  "ppe": 33244257230.0,
  "depreciation": 4626438691.0,
  "roe": 4.018832130000001,
  "roa": 2.66358869,
  "roic": 7.88976439,
  "net_profit_margin": 12.62028162676097,
  "net_margin": 12.62028162676097,
  "gross_profit_margin": 42.61162684048553,
  "gross_margin": 42.61162684048553,
  "ebit_margin": 25.713828233845764,
  "pe_ratio": 60.3619645585,
  "pb_ratio": 2.3112460519,
  "ps_ratio": 7.2369574268,
  "ev_ebitda": 22.7782220528,
  "ebitda": 39604078408.0,
  "dividend_per_share": 0.0,
  "eps": 556.2931493900666,
  "eps_ttm": 556.2931493900666,
  "earnings_per_share": 556.2931493900666,
  "bvps": 13802.0787419699,
  "book_value_per_share": 13802.0787419699,
  "market_cap": 984418528500.0,
  "debt_to_equity": 0.4627162609,
  "current_ratio": 2.6419875346,
  "quick_ratio": 1.3326125993,
  "cash_ratio": 0.8918279979,
  "interest_coverage": -11.77291641499925,
  "asset_turnover": 0.2110562004,
  "inventory_turnover": 0.3910737821,
  "fixed_asset_turnover": 3.9227548547,
  "current_price": 32600.0,
  "working_capital": 311911811531.0
}