{
  "symbol": "L18",
  "data_source": "VCI",
  "data_period": "year",
  "last_updated": "2025-11-17T14:16:13.378088",
  "name": "Công ty Cổ phần Đầu tư và Xây dựng số 18",
  "exchange": "HNX",
  "sector": "Xây dựng và Vật liệu",
  "shares_outstanding": 45739793.0,
  "charter_capital": 457397930000.0,
  "revenue": 4924717468479.0,
  "revenue_ttm": 4924717468479.0,
  "net_income": 224842931002.0,
  "net_income_ttm": 224842931002.0,
  "total_assets": 5063971290814.0,
  "total_equity": 784221602976.0,
  "total_liabilities": 4279749687838.0,
  "total_debt": 4279749687838.0,
  "current_assets": 4539013881549.0,
  "current_liabilities": 3334593928158.0,
  "cash": 340646625779.0,
  "accounts_receivable": 1445890890216.0,
  "fixed_assets": 342581351473.0,
  "ppe": 342581351473.0,
  "depreciation": 39267529184.0,
  "roe": 36.27325862,
  "roa": 3.8555895,
  "roic": 14.555526799999999,
  "net_profit_margin": 4.141949754469855,
  "net_margin": 4.141949754469855,
  "gross_profit_margin": 12.795455141036118,
  "gross_margin": 12.795455141036118,
  "ebit_margin": 8.106518786067541,
  "pe_ratio": 5.1529706065,
  "pb_ratio": 1.5913849602,
  "ps_ratio": 0.208201711,
  "ev_ebitda": 6.0280101291,
  "ebitda": 438490675927.0,
  "dividend_per_share": 0.0,
  "eps": 5351.466510643362,
  "eps_ttm": 5351.466510643362,
  "earnings_per_share": 5351.466510643362,
  "bvps": 16903.5152854426,
  "book_value_per_share": 16903.5152854426,
  "market_cap": 1025334603200.0,
  "debt_to_equity": 5.4573218483,
  "current_ratio": 1.361189392,
  "quick_ratio": 0.5357586424,
  "cash_ratio": 0.1021553548,
  "interest_coverage": -4.576884379107854,
  "asset_turnover": 0.9308634176,
  "inventory_turnover": 1.4407089694,
  "fixed_asset_turnover": 14.4268682456,
  "current_price": 27500.0,
  "working_capital": 1204419953391.0
}