{
  "symbol": "L40",
  "data_source": "VCI",
  "data_period": "year",
  "last_updated": "2025-11-17T14:16:22.459153",
  "name": "Công ty Cổ phần Đầu tư và Xây dựng 40",
  "exchange": "HNX",
  "sector": "Xây dựng và Vật liệu",
  "shares_outstanding": 10800000.0,
  "charter_capital": 108000000000.0,
  "revenue": 254801144791.0,
  "revenue_ttm": 254801144791.0,
  "net_income": 42586241398.0,
  "net_income_ttm": 42586241398.0,
  "total_assets": 184182994226.0,
  "total_equity": 108012032404.0,
  "total_liabilities": 76170961822.0,
  "total_debt": 76170961822.0,
  "current_assets": 175974352962.0,
  "current_liabilities": 72278516088.0,
  "cash": 93680046443.0,
  "accounts_receivable": 58179164469.0,
  "fixed_assets": 8208641264.0,
  "ppe": 8208641264.0,
  "depreciation": 3703605343.0,
  "roe": 49.25604138,
  "roa": 23.02081726,
  "roic": 6.01209871,
  "net_profit_margin": 16.714566519222,
  "net_margin": 16.714566519222,
  "gross_profit_margin": 5.585576826935428,
  "gross_margin": 5.585576826935428,
  "ebit_margin": 2.5487312686953203,
  "pe_ratio": 7.7157726647,
  "pb_ratio": 3.0329954238,
  "ps_ratio": 1.2857889807,
  "ev_ebitda": 22.9391864768,
  "ebitda": 10197395352.0,
  "dividend_per_share": 0.0,
  "eps": 11829.511499444445,
  "eps_ttm": 11829.511499444445,
  "earnings_per_share": 11829.511499444445,
  "bvps": 30003.3423344444,
  "book_value_per_share": 30003.3423344444,
  "market_cap": 327600000000.0,
  "debt_to_equity": 0.7052081155,
  "current_ratio": 2.4346702518,
  "quick_ratio": 2.1010283433,
  "cash_ratio": 1.2960980871,
  "interest_coverage": 0.0,
  "asset_turnover": 1.3772907144,
  "inventory_turnover": 12.8342393913,
  "fixed_asset_turnover": 8.3415871443,
  "current_price": 89900.0,
  "working_capital": 103695836874.0
}