{
  "symbol": "LAF",
  "data_source": "VCI",
  "data_period": "year",
  "last_updated": "2025-11-17T16:32:13.304734",
  "name": "Công ty Cổ phần Chế biến Hàng Xuất khẩu Long An",
  "exchange": "HSX",
  "sector": "Thực phẩm và đồ uống",
  "shares_outstanding": 15228019.0,
  "charter_capital": 152280190000.0,
  "revenue": 466047137607.0,
  "revenue_ttm": 466047137607.0,
  "net_income": 44954305958.0,
  "net_income_ttm": 44954305958.0,
  "total_assets": 366020559397.0,
  "total_equity": 247215892751.0,
  "total_liabilities": 118804666646.0,
  "total_debt": 118804666646.0,
  "current_assets": 262382493208.0,
  "current_liabilities": 116290096251.0,
  "cash": 8917975143.0,
  "accounts_receivable": 52438615605.0,
  "fixed_assets": 83159542774.0,
  "ppe": 83159542774.0,
  "depreciation": 14586397453.0,
  "roe": 19.17173056,
  "roa": 12.877998369999998,
  "roic": 17.61987732,
  "net_profit_margin": 9.647646871747122,
  "net_margin": 9.647646871747122,
  "gross_profit_margin": 22.116869783501556,
  "gross_margin": 22.116869783501556,
  "ebit_margin": 12.964345486186316,
  "pe_ratio": 6.9174011793,
  "pb_ratio": 1.195002333,
  "ps_ratio": 0.6340087355,
  "ev_ebitda": 5.0954507571,
  "ebitda": 74995237171.0,
  "dividend_per_share": 0.0,
  "eps": 2952.0783995607044,
  "eps_ttm": 2952.0783995607044,
  "earnings_per_share": 2952.0783995607044,
  "bvps": 16234.2779287969,
  "book_value_per_share": 16234.2779287969,
  "market_cap": 295423568600.0,
  "debt_to_equity": 0.4805705059,
  "current_ratio": 2.256275484,
  "quick_ratio": 0.53664753,
  "cash_ratio": 0.0857181964,
  "interest_coverage": -16.640245805099738,
  "asset_turnover": 1.3348330992,
  "inventory_turnover": 2.2935170116,
  "fixed_asset_turnover": 5.8893728013,
  "current_price": 19400.0,
  "working_capital": 146092396957.0
}