{
  "symbol": "LAS",
  "data_source": "VCI",
  "data_period": "year",
  "last_updated": "2025-11-17T14:16:31.390820",
  "name": "Công ty Cổ phần Supe Phốt phát và Hóa chất Lâm Thao",
  "exchange": "HNX",
  "sector": "Hóa chất",
  "shares_outstanding": 112856400.0,
  "charter_capital": 1128564000000.0,
  "revenue": 3599953347991.0,
  "revenue_ttm": 3599953347991.0,
  "net_income": 168674268388.0,
  "net_income_ttm": 168674268388.0,
  "total_assets": 2642749177107.0,
  "total_equity": 1461496481798.0,
  "total_liabilities": 1181252695309.0,
  "total_debt": 1181252695309.0,
  "current_assets": 2271310188354.0,
  "current_liabilities": 1181252695309.0,
  "cash": 21620022703.0,
  "accounts_receivable": 95247805687.0,
  "fixed_assets": 329666900399.0,
  "ppe": 329666900399.0,
  "depreciation": 62855938084.0,
  "roe": 11.70046711,
  "roa": 6.74260306,
  "roic": 9.42618334,
  "net_profit_margin": 4.866868930464752,
  "net_margin": 4.866868930464752,
  "gross_profit_margin": 18.4175474663293,
  "gross_margin": 18.4175474663293,
  "ebit_margin": 5.921723544165102,
  "pe_ratio": 12.4894734694,
  "pb_ratio": 1.297291881,
  "ps_ratio": 0.5470616735,
  "ev_ebitda": 9.6614809466,
  "ebitda": 268088994630.0,
  "dividend_per_share": 0.0,
  "eps": 1494.5919627774765,
  "eps_ttm": 1494.5919627774765,
  "earnings_per_share": 1494.5919627774765,
  "bvps": 12950.0540669204,
  "book_value_per_share": 12950.0540669204,
  "market_cap": 1895987520000.0,
  "debt_to_equity": 0.8082487437,
  "current_ratio": 1.9227978885,
  "quick_ratio": 0.098935502,
  "cash_ratio": 0.018302623,
  "interest_coverage": -13.576696950596876,
  "asset_turnover": 1.3854088024,
  "inventory_turnover": 2.3567871625,
  "fixed_asset_turnover": 11.2769671504,
  "current_price": 16900.0,
  "working_capital": 1090057493045.0
}