{
  "symbol": "LBE",
  "data_source": "VCI",
  "data_period": "year",
  "last_updated": "2025-11-17T14:16:40.474836",
  "name": "Công ty Cổ phần Thương mại và Dịch vụ LVA",
  "exchange": "HNX",
  "sector": "Hàng cá nhân & Gia dụng",
  "shares_outstanding": 1999934.0,
  "charter_capital": 19999340000.0,
  "revenue": 106990159927.0,
  "revenue_ttm": 106990159927.0,
  "net_income": 2895923591.0,
  "net_income_ttm": 2895923591.0,
  "total_assets": 41696267912.0,
  "total_equity": 26656499191.0,
  "total_liabilities": 15039768721.0,
  "total_debt": 15039768721.0,
  "current_assets": 36406026297.0,
  "current_liabilities": 15009768721.0,
  "cash": 1794564217.0,
  "accounts_receivable": 9088362923.0,
  "fixed_assets": 4310674124.0,
  "ppe": 4310674124.0,
  "depreciation": 378467621.0,
  "roe": 11.478765220000001,
  "roa": 8.502253510000001,
  "roic": 7.290681729999999,
  "net_profit_margin": 2.7255265946645895,
  "net_margin": 2.7255265946645895,
  "gross_profit_margin": 11.609428160717924,
  "gross_margin": 11.609428160717924,
  "ebit_margin": 2.4348751969772517,
  "pe_ratio": 26.2597006211,
  "pb_ratio": 2.8565493567,
  "ps_ratio": 0.7157151241,
  "ev_ebitda": 28.0064634112,
  "ebitda": 2963915407.0,
  "dividend_per_share": 0.0,
  "eps": 1447.0842812812823,
  "eps_ttm": 1447.0842812812823,
  "earnings_per_share": 1447.0842812812823,
  "bvps": 13302.7633186895,
  "book_value_per_share": 13302.7633186895,
  "market_cap": 75997492000.0,
  "debt_to_equity": 0.5642064479,
  "current_ratio": 2.4254888249,
  "quick_ratio": 1.0823841655,
  "cash_ratio": 0.4768876325,
  "interest_coverage": -8.850048341819505,
  "asset_turnover": 3.1194902039,
  "inventory_turnover": 5.2778850039,
  "fixed_asset_turnover": 23.9303807842,
  "current_price": 38500.0,
  "working_capital": 21396257576.0
}