{
  "symbol": "LBM",
  "data_source": "VCI",
  "data_period": "year",
  "last_updated": "2025-11-17T16:32:22.722942",
  "name": "Công ty Cổ phần Khoáng sản và Vật liệu xây dựng Lâm Đồng",
  "exchange": "HSX",
  "sector": "Xây dựng và Vật liệu",
  "shares_outstanding": 40000000.0,
  "charter_capital": 400000000000.0,
  "revenue": 873041189534.0,
  "revenue_ttm": 873041189534.0,
  "net_income": 82616220528.0,
  "net_income_ttm": 82616220528.0,
  "total_assets": 813952620323.0,
  "total_equity": 613006749635.0,
  "total_liabilities": 200945870688.0,
  "total_debt": 200945870688.0,
  "current_assets": 273250329551.0,
  "current_liabilities": 172959370688.0,
  "cash": 59366160260.0,
  "accounts_receivable": 106039402074.0,
  "fixed_assets": 335083839226.0,
  "ppe": 335083839226.0,
  "depreciation": 74040525403.0,
  "roe": 13.690637480000001,
  "roa": 10.41224744,
  "roic": 15.147405480000002,
  "net_profit_margin": 9.44469328967311,
  "net_margin": 9.44469328967311,
  "gross_profit_margin": 22.042676730718615,
  "gross_margin": 22.042676730718615,
  "ebit_margin": 12.386712484747951,
  "pe_ratio": 18.6766133456,
  "pb_ratio": 2.5307773022,
  "ps_ratio": 1.7639488474,
  "ev_ebitda": 8.6811827818,
  "ebitda": 182181627424.0,
  "dividend_per_share": 0.0,
  "eps": 2061.4015661,
  "eps_ttm": 2061.4015661,
  "earnings_per_share": 2061.4015661,
  "bvps": 15212.717439425,
  "book_value_per_share": 15212.717439425,
  "market_cap": 1540000000000.0,
  "debt_to_equity": 0.3278036837,
  "current_ratio": 1.5798527045,
  "quick_ratio": 0.956326111,
  "cash_ratio": 0.3432376056,
  "interest_coverage": -27.041222255361372,
  "asset_turnover": 1.1024442107,
  "inventory_turnover": 6.1439891894,
  "fixed_asset_turnover": 2.7162734185,
  "current_price": 38500.0,
  "working_capital": 100290958863.0
}