{
  "symbol": "LCD",
  "data_source": "VCI",
  "data_period": "year",
  "last_updated": "2025-11-17T14:16:50.120014",
  "name": "Công ty Cổ phần Lắp máy - Thí nghiệm cơ điện",
  "exchange": "HNX",
  "sector": "Xây dựng và Vật liệu",
  "shares_outstanding": 1474000.0,
  "charter_capital": 15000000000.0,
  "revenue": 37677603513.0,
  "revenue_ttm": 37677603513.0,
  "net_income": 86534241.0,
  "net_income_ttm": 86534241.0,
  "total_assets": 122446715305.0,
  "total_equity": 30546388097.0,
  "total_liabilities": 91900327208.0,
  "total_debt": 91900327208.0,
  "current_assets": 101743402869.0,
  "current_liabilities": 91900327208.0,
  "cash": 3815923335.0,
  "accounts_receivable": 58605976446.0,
  "fixed_assets": 18723820403.0,
  "ppe": 18723820403.0,
  "depreciation": 0.0,
  "roe": 0.28315379,
  "roa": 0.07092678000000001,
  "roic": 5.89691361,
  "net_profit_margin": 0.22967023624563296,
  "net_margin": 0.22967023624563296,
  "gross_profit_margin": 27.21542516222401,
  "gross_margin": 27.21542516222401,
  "ebit_margin": 11.419989935175684,
  "pe_ratio": 377.4998919182,
  "pb_ratio": 0.9624705843,
  "ps_ratio": 0.7803044052,
  "ev_ebitda": 15.0978682293,
  "ebitda": 4504232470.0,
  "dividend_per_share": 0.0,
  "eps": 57.689494,
  "eps_ttm": 57.689494,
  "earnings_per_share": 57.689494,
  "bvps": 20364.2587313333,
  "book_value_per_share": 20364.2587313333,
  "market_cap": 29400000000.0,
  "debt_to_equity": 3.0085497151,
  "current_ratio": 1.1071059915,
  "quick_ratio": 0.6792347936,
  "cash_ratio": 0.0415224129,
  "interest_coverage": -0.9874707537382735,
  "asset_turnover": 0.3088200644,
  "inventory_turnover": 0.7910795424,
  "fixed_asset_turnover": 1.9552722074,
  "current_price": 19600.0,
  "working_capital": 9843075661.0
}