{
  "symbol": "LCG",
  "data_source": "VCI",
  "data_period": "year",
  "last_updated": "2025-11-17T16:32:31.251759",
  "name": "Công ty Cổ phần Lizen",
  "exchange": "HSX",
  "sector": "Xây dựng và Vật liệu",
  "shares_outstanding": 195091170.0,
  "charter_capital": 2086024670000.0,
  "revenue": 2817129128166.0,
  "revenue_ttm": 2817129128166.0,
  "net_income": 120453054649.0,
  "net_income_ttm": 120453054649.0,
  "total_assets": 6019865872228.0,
  "total_equity": 2591111832752.0,
  "total_liabilities": 3428754039476.0,
  "total_debt": 3428754039476.0,
  "current_assets": 4607206287431.0,
  "current_liabilities": 3255522223771.0,
  "cash": 359580486996.0,
  "accounts_receivable": 2120334636642.0,
  "fixed_assets": 447185433687.0,
  "ppe": 447185433687.0,
  "depreciation": 129034627568.0,
  "roe": 4.81013045,
  "roa": 2.02473796,
  "roic": 5.15262242,
  "net_profit_margin": 4.311984318982275,
  "net_margin": 4.311984318982275,
  "gross_profit_margin": 12.205993060703536,
  "gross_margin": 12.205993060703536,
  "ebit_margin": 6.585223744137458,
  "pe_ratio": 17.2192920257,
  "pb_ratio": 0.7949176462,
  "ps_ratio": 0.7202183768,
  "ev_ebitda": 8.5158180814,
  "ebitda": 314548883819.0,
  "dividend_per_share": 0.0,
  "eps": 622.6533279389323,
  "eps_ttm": 622.6533279389323,
  "earnings_per_share": 622.6533279389323,
  "bvps": 13083.1162829409,
  "book_value_per_share": 13083.1162829409,
  "market_cap": 2028948168000.0,
  "debt_to_equity": 1.3232752042,
  "current_ratio": 1.4151973081,
  "quick_ratio": 0.761756472,
  "cash_ratio": 0.110452475,
  "interest_coverage": -2.987814407540227,
  "asset_turnover": 0.4695606035,
  "inventory_turnover": 1.394463305,
  "fixed_asset_turnover": 6.7510183686,
  "current_price": 10550.0,
  "working_capital": 1351684063660.0
}