{
  "symbol": "LDG",
  "data_source": "VCI",
  "data_period": "year",
  "last_updated": "2025-11-17T16:32:39.729814",
  "name": "Công ty Cổ phần Đầu tư LDG",
  "exchange": "HSX",
  "sector": "Bất động sản",
  "shares_outstanding": 256972585.0,
  "charter_capital": 2569725850000.0,
  "revenue": 185104842667.0,
  "revenue_ttm": 185104842667.0,
  "net_income": -1505751846738.0,
  "net_income_ttm": -1505751846738.0,
  "total_assets": 6157209366743.0,
  "total_equity": 1211097364876.0,
  "total_liabilities": 4946112001867.0,
  "total_debt": 4946112001867.0,
  "current_assets": 3413315237189.0,
  "current_liabilities": 3954344654512.0,
  "cash": 915577379.0,
  "accounts_receivable": 2297748827865.0,
  "fixed_assets": 62368701.0,
  "ppe": 62368701.0,
  "depreciation": 8332893030.0,
  "roe": -76.72597007,
  "roa": -22.43595733,
  "roic": -54.651784930000005,
  "net_profit_margin": 8.692047389345294,
  "net_margin": 8.692047389345294,
  "gross_profit_margin": 3.920824787403346,
  "gross_margin": 3.920824787403346,
  "ebit_margin": 7.209517475468316,
  "pe_ratio": -0.7696795027,
  "pb_ratio": 0.9569398026,
  "ps_ratio": -6.6900907122,
  "ev_ebitda": -1.799281579,
  "ebitda": -1240595467299.0,
  "dividend_per_share": 0.0,
  "eps": -5859.581792275623,
  "eps_ttm": -5859.581792275623,
  "earnings_per_share": -5859.581792275623,
  "bvps": 4712.9401322519,
  "book_value_per_share": 4712.9401322519,
  "market_cap": 1158946358350.0,
  "debt_to_equity": 4.0839920433,
  "current_ratio": 0.8631810162,
  "quick_ratio": 0.5813009755,
  "cash_ratio": 0.0002315371,
  "interest_coverage": 25.183648732973975,
  "asset_turnover": -0.0258120513,
  "inventory_turnover": 0.5341193961,
  "fixed_asset_turnover": -1007.6551965882,
  "current_price": 4820.0,
  "working_capital": -541029417323.0
}