{
  "symbol": "LDP",
  "data_source": "VCI",
  "data_period": "year",
  "last_updated": "2025-11-17T14:18:13.901564",
  "name": "Công ty Cổ phần Dược Lâm Đồng - Ladophar",
  "exchange": "HNX",
  "sector": "Y tế",
  "shares_outstanding": 13338167.0,
  "charter_capital": 187281670000.0,
  "revenue": 218430916713.0,
  "revenue_ttm": 218430916713.0,
  "net_income": 6918953001.0,
  "net_income_ttm": 6918953001.0,
  "total_assets": 207157118741.0,
  "total_equity": 99284496235.0,
  "total_liabilities": 107872622506.0,
  "total_debt": 107872622506.0,
  "current_assets": 156732832822.0,
  "current_liabilities": 106102892506.0,
  "cash": 11451460827.0,
  "accounts_receivable": 89103640638.0,
  "fixed_assets": 39773409103.0,
  "ppe": 39773409103.0,
  "depreciation": 6964078221.0,
  "roe": 7.22040342,
  "roa": 3.44286715,
  "roic": 8.6061017,
  "net_profit_margin": 3.174446776574887,
  "net_margin": 3.174446776574887,
  "gross_profit_margin": 29.54260529460574,
  "gross_margin": 29.54260529460574,
  "ebit_margin": 6.092986298504738,
  "pe_ratio": 20.7467498448,
  "pb_ratio": 1.4458026433,
  "ps_ratio": 0.6585945317,
  "ev_ebitda": 9.2431610969,
  "ebitda": 20244214510.0,
  "dividend_per_share": 0.0,
  "eps": 544.6636260863138,
  "eps_ttm": 544.6636260863138,
  "earnings_per_share": 544.6636260863138,
  "bvps": 7815.7278602257,
  "book_value_per_share": 7815.7278602257,
  "market_cap": 143545787100.0,
  "debt_to_equity": 1.0865001747,
  "current_ratio": 1.4771777576,
  "quick_ratio": 1.0243611545,
  "cash_ratio": 0.1845759372,
  "interest_coverage": -2.6674367292012624,
  "asset_turnover": 1.0845565845,
  "inventory_turnover": 3.5419594282,
  "fixed_asset_turnover": 5.0492968722,
  "current_price": 11600.0,
  "working_capital": 50629940316.0
}