{
  "symbol": "LGL",
  "data_source": "VCI",
  "data_period": "year",
  "last_updated": "2025-11-17T16:33:13.817597",
  "name": "Công ty Cổ phần Đầu tư và Phát triển Đô thị Long Giang",
  "exchange": "HSX",
  "sector": "Bất động sản",
  "shares_outstanding": 51500000.0,
  "charter_capital": 515000000000.0,
  "revenue": 44908822785.0,
  "revenue_ttm": 44908822785.0,
  "net_income": -55521267614.0,
  "net_income_ttm": -55521267614.0,
  "total_assets": 1395552262217.0,
  "total_equity": 677059697556.0,
  "total_liabilities": 718492564661.0,
  "total_debt": 718492564661.0,
  "current_assets": 673993152613.0,
  "current_liabilities": 647317065510.0,
  "cash": 5677043366.0,
  "accounts_receivable": 275365156208.0,
  "fixed_assets": 987377159.0,
  "ppe": 987377159.0,
  "depreciation": 1074479844.0,
  "roe": -8.29127478,
  "roa": -4.04888036,
  "roic": -2.11007684,
  "net_profit_margin": -1.236310911105527,
  "net_margin": -1.236310911105527,
  "gross_profit_margin": 2.1225592386678724,
  "gross_margin": 2.1225592386678724,
  "ebit_margin": -46.908031383615345,
  "pe_ratio": -4.8697555301,
  "pb_ratio": 0.3993370171,
  "ps_ratio": 6.0205318962,
  "ev_ebitda": -29.3118139855,
  "ebitda": -19991364842.0,
  "dividend_per_share": 0.0,
  "eps": -1078.0828662912622,
  "eps_ttm": -1078.0828662912622,
  "earnings_per_share": -1078.0828662912622,
  "bvps": 13146.7902438058,
  "book_value_per_share": 13146.7902438058,
  "market_cap": 270375000000.0,
  "debt_to_equity": 1.0611952938,
  "current_ratio": 1.041210233,
  "quick_ratio": 0.434166871,
  "cash_ratio": 0.0087723142,
  "interest_coverage": 0.7208783731276517,
  "asset_turnover": 0.0327496937,
  "inventory_turnover": 0.1185674241,
  "fixed_asset_turnover": 29.455804572,
  "current_price": 5250.0,
  "working_capital": 26676087103.0
}