{
  "symbol": "LHC",
  "data_source": "VCI",
  "data_period": "year",
  "last_updated": "2025-11-17T14:18:22.484373",
  "name": "Công ty Cổ phần Đầu tư và Xây dựng Thủy lợi Lâm Đồng",
  "exchange": "HNX",
  "sector": "Xây dựng và Vật liệu",
  "shares_outstanding": 14400000.0,
  "charter_capital": 144000000000.0,
  "revenue": 1206792016202.0,
  "revenue_ttm": 1206792016202.0,
  "net_income": 116936293805.0,
  "net_income_ttm": 116936293805.0,
  "total_assets": 1196612481770.0,
  "total_equity": 746193716730.0,
  "total_liabilities": 450418765040.0,
  "total_debt": 450418765040.0,
  "current_assets": 607500864584.0,
  "current_liabilities": 418159819306.0,
  "cash": 273024811700.0,
  "accounts_receivable": 183545416398.0,
  "fixed_assets": 372307673613.0,
  "ppe": 372307673613.0,
  "depreciation": 81085566179.0,
  "roe": 14.57335859,
  "roa": 5.83559339,
  "roic": 14.00845426,
  "net_profit_margin": 5.558426758540579,
  "net_margin": 5.558426758540579,
  "gross_profit_margin": 18.461309989855714,
  "gross_margin": 18.461309989855714,
  "ebit_margin": 10.126215866031153,
  "pe_ratio": 23.8254616497,
  "pb_ratio": 3.3591080785,
  "ps_ratio": 1.3243208357,
  "ev_ebitda": 7.1260806002,
  "ebitda": 203084552401.0,
  "dividend_per_share": 0.0,
  "eps": 4650.487013819445,
  "eps_ttm": 4650.487013819445,
  "earnings_per_share": 4650.487013819445,
  "bvps": 32984.9464232639,
  "book_value_per_share": 32984.9464232639,
  "market_cap": 1595520000000.0,
  "debt_to_equity": 0.6036217606,
  "current_ratio": 1.4527958846,
  "quick_ratio": 1.0918558097,
  "cash_ratio": 0.6529197668,
  "interest_coverage": -35.97781131382631,
  "asset_turnover": 1.0498642236,
  "inventory_turnover": 6.8044908613,
  "fixed_asset_turnover": 3.249291737,
  "current_price": 113000.0,
  "working_capital": 189341045278.0
}