{
  "symbol": "LHG",
  "data_source": "VCI",
  "data_period": "year",
  "last_updated": "2025-11-17T16:33:23.804693",
  "name": "Công ty Cổ phần Long Hậu",
  "exchange": "HSX",
  "sector": "Bất động sản",
  "shares_outstanding": 50012010.0,
  "charter_capital": 500120100000.0,
  "revenue": 423469587710.0,
  "revenue_ttm": 423469587710.0,
  "net_income": 187446883408.0,
  "net_income_ttm": 187446883408.0,
  "total_assets": 3070186012207.0,
  "total_equity": 1662958265138.0,
  "total_liabilities": 1407227747069.0,
  "total_debt": 1407227747069.0,
  "current_assets": 2172380471661.0,
  "current_liabilities": 795197734173.0,
  "cash": 115643526768.0,
  "accounts_receivable": 315870599877.0,
  "fixed_assets": 57943479004.0,
  "ppe": 57943479004.0,
  "depreciation": 62615603280.0,
  "roe": 11.508318169999999,
  "roa": 6.12040206,
  "roic": 8.59562957,
  "net_profit_margin": 44.264544337565795,
  "net_margin": 44.264544337565795,
  "gross_profit_margin": 52.444116636798,
  "gross_margin": 52.444116636798,
  "ebit_margin": 37.42632342928398,
  "pe_ratio": 8.8695791541,
  "pb_ratio": 0.9262829623,
  "ps_ratio": 3.6374983061,
  "ev_ebitda": 7.2617253772,
  "ebitda": 221104700801.0,
  "dividend_per_share": 0.0,
  "eps": 3748.037389579023,
  "eps_ttm": 3748.037389579023,
  "earnings_per_share": 3748.037389579023,
  "bvps": 33251.1783697156,
  "book_value_per_share": 33251.1783697156,
  "market_cap": 1540369908000.0,
  "debt_to_equity": 0.8462195213,
  "current_ratio": 2.7318745745,
  "quick_ratio": 0.5426500958,
  "cash_ratio": 0.1454273847,
  "interest_coverage": -11.444117361001195,
  "asset_turnover": 0.1382687239,
  "inventory_turnover": 0.2730889844,
  "fixed_asset_turnover": 7.4686623922,
  "current_price": 31350.0,
  "working_capital": 1377182737488.0
}