{
  "symbol": "LIG",
  "data_source": "VCI",
  "data_period": "year",
  "last_updated": "2025-11-17T14:18:31.036424",
  "name": "Công ty Cổ phần Licogi 13",
  "exchange": "HNX",
  "sector": "Xây dựng và Vật liệu",
  "shares_outstanding": 95084569.0,
  "charter_capital": 950845690000.0,
  "revenue": 3695151811446.0,
  "revenue_ttm": 3695151811446.0,
  "net_income": 6055366559.0,
  "net_income_ttm": 6055366559.0,
  "total_assets": 6083725943978.0,
  "total_equity": 1142944612193.0,
  "total_liabilities": 4940781331785.0,
  "total_debt": 4940781331785.0,
  "current_assets": 3734010298544.0,
  "current_liabilities": 3438757156071.0,
  "cash": 36636267168.0,
  "accounts_receivable": 3019690844458.0,
  "fixed_assets": 232530754844.0,
  "ppe": 232530754844.0,
  "depreciation": 30808105617.0,
  "roe": 0.21558694,
  "roa": 0.03298313,
  "roic": 1.18198191,
  "net_profit_margin": 0.056536581542572156,
  "net_margin": 0.056536581542572156,
  "gross_profit_margin": 3.131432270051159,
  "gross_margin": 3.131432270051159,
  "ebit_margin": 1.1658522573431638,
  "pe_ratio": 217.0259674033,
  "pb_ratio": 0.4332403984,
  "ps_ratio": 0.1132218986,
  "ev_ebitda": 39.0254632226,
  "ebitda": 73888116423.0,
  "dividend_per_share": 0.0,
  "eps": 21.971099400997442,
  "eps_ttm": 21.971099400997442,
  "earnings_per_share": 21.971099400997442,
  "bvps": 10156.0242682596,
  "book_value_per_share": 10156.0242682596,
  "market_cap": 418372103600.0,
  "debt_to_equity": 4.3228528129,
  "current_ratio": 1.0858604226,
  "quick_ratio": 0.8887882956,
  "cash_ratio": 0.0106539268,
  "interest_coverage": -0.8292421870113397,
  "asset_turnover": 0.5833945567,
  "inventory_turnover": 5.1335674295,
  "fixed_asset_turnover": 14.4397278163,
  "current_price": 4400.0,
  "working_capital": 295253142473.0
}