{
  "symbol": "LIX",
  "data_source": "VCI",
  "data_period": "year",
  "last_updated": "2025-11-17T16:33:33.702214",
  "name": "Công ty Cổ phần Bột Giặt LIX",
  "exchange": "HSX",
  "sector": "Hàng cá nhân & Gia dụng",
  "shares_outstanding": 64800000.0,
  "charter_capital": 648000000000.0,
  "revenue": 3009025905833.0,
  "revenue_ttm": 3009025905833.0,
  "net_income": 201513867351.0,
  "net_income_ttm": 201513867351.0,
  "total_assets": 1396468412748.0,
  "total_equity": 936963886338.0,
  "total_liabilities": 459504526410.0,
  "total_debt": 459504526410.0,
  "current_assets": 918555014948.0,
  "current_liabilities": 451098988008.0,
  "cash": 373276791759.0,
  "accounts_receivable": 212002209044.0,
  "fixed_assets": 415503443604.0,
  "ppe": 415503443604.0,
  "depreciation": 58048623757.0,
  "roe": 22.15291002,
  "roa": 14.91311669,
  "roic": 24.89680687,
  "net_profit_margin": 7.004443078823627,
  "net_margin": 7.004443078823627,
  "gross_profit_margin": 21.42435393812612,
  "gross_margin": 21.42435393812612,
  "ebit_margin": 8.584365180755862,
  "pe_ratio": 12.6839906037,
  "pb_ratio": 2.4551639968,
  "ps_ratio": 0.7995986118,
  "ev_ebitda": 6.4984246376,
  "ebitda": 305015956757.0,
  "dividend_per_share": 0.0,
  "eps": 3109.781903564815,
  "eps_ttm": 3109.781903564815,
  "earnings_per_share": 3109.781903564815,
  "bvps": 14459.3192336111,
  "book_value_per_share": 14459.3192336111,
  "market_cap": 2300400000000.0,
  "debt_to_equity": 0.4904186096,
  "current_ratio": 2.0362604204,
  "quick_ratio": 1.2974513718,
  "cash_ratio": 0.8274831061,
  "interest_coverage": -63.97209326509641,
  "asset_turnover": 2.1290938515,
  "inventory_turnover": 9.5769394855,
  "fixed_asset_turnover": 6.8975483479,
  "current_price": 35350.0,
  "working_capital": 467456026940.0
}