{
  "symbol": "LM8",
  "data_source": "VCI",
  "data_period": "year",
  "last_updated": "2025-11-17T16:33:42.198705",
  "name": "Công ty Cổ phần Lilama 18",
  "exchange": "HSX",
  "sector": "Xây dựng và Vật liệu",
  "shares_outstanding": 9388682.0,
  "charter_capital": 93886820000.0,
  "revenue": 1545729303608.0,
  "revenue_ttm": 1545729303608.0,
  "net_income": 16387900755.0,
  "net_income_ttm": 16387900755.0,
  "total_assets": 1185692747897.0,
  "total_equity": 303143817636.0,
  "total_liabilities": 882548930261.0,
  "total_debt": 882548930261.0,
  "current_assets": 1052350048794.0,
  "current_liabilities": 878316861535.0,
  "cash": 37144477604.0,
  "accounts_receivable": 459475752362.0,
  "fixed_assets": 81056537089.0,
  "ppe": 81056537089.0,
  "depreciation": 24165443869.0,
  "roe": 5.4540455,
  "roa": 1.36263377,
  "roic": 6.0792117800000005,
  "net_profit_margin": 1.0602050900340572,
  "net_margin": 1.0602050900340572,
  "gross_profit_margin": 6.541280547570043,
  "gross_margin": 6.541280547570043,
  "ebit_margin": 2.6463149855230768,
  "pe_ratio": 10.4027173482,
  "pb_ratio": 0.4274004748,
  "ps_ratio": 0.0838205055,
  "ev_ebitda": 7.1021661255,
  "ebitda": 65070310066.0,
  "dividend_per_share": 0.0,
  "eps": 1745.4953480158345,
  "eps_ttm": 1745.4953480158345,
  "earnings_per_share": 1745.4953480158345,
  "bvps": 32288.2186909728,
  "book_value_per_share": 32288.2186909728,
  "market_cap": 129563811600.0,
  "debt_to_equity": 2.9113208943,
  "current_ratio": 1.198143967,
  "quick_ratio": 0.5654226302,
  "cash_ratio": 0.0422905209,
  "interest_coverage": -1.4081069377651838,
  "asset_turnover": 1.2852548802,
  "inventory_turnover": 3.040073983,
  "fixed_asset_turnover": 17.1844437779,
  "current_price": 13800.0,
  "working_capital": 174033187259.0
}