{
  "symbol": "LPB",
  "data_source": "VCI",
  "data_period": "year",
  "last_updated": "2025-11-17T16:33:52.095125",
  "name": "Ngân hàng Thương mại Cổ phần Lộc Phát Việt Nam",
  "exchange": "HSX",
  "sector": "Ngân hàng",
  "shares_outstanding": 2987282100.0,
  "charter_capital": 29872821000000.0,
  "revenue": 34137034000000.0,
  "revenue_ttm": 34137034000000.0,
  "net_income": 9720900000000.0,
  "net_income_ttm": 9720900000000.0,
  "total_assets": 508330398000000.0,
  "total_equity": 43338300000000.0,
  "total_liabilities": 464992098000000.0,
  "total_debt": 464992098000000.0,
  "cash": 1162384000000.0,
  "fixed_assets": 2731787000000.0,
  "ppe": 2731787000000.0,
  "roe": 25.10054134,
  "roa": 2.18154624,
  "net_profit_margin": 63.14838437928969,
  "net_margin": 63.14838437928969,
  "pe_ratio": 13.2653970377,
  "pb_ratio": 2.9448561286,
  "ps_ratio": 6.4028850652,
  "dividend_per_share": 0.0,
  "eps": 3800.7654314384285,
  "eps_ttm": 3800.7654314384285,
  "earnings_per_share": 3800.7654314384285,
  "bvps": 16944.8006354667,
  "book_value_per_share": 16944.8006354667,
  "market_cap": 127625058360000.0,
  "current_price": 50200.0
}