{
  "symbol": "LSS",
  "data_source": "VCI",
  "data_period": "year",
  "last_updated": "2025-11-17T16:35:14.246957",
  "name": "Công ty Cổ phần Mía đường Lam Sơn",
  "exchange": "HSX",
  "sector": "Thực phẩm và đồ uống",
  "shares_outstanding": 85741623.0,
  "charter_capital": 857416230000.0,
  "revenue": 2688517728035.0,
  "revenue_ttm": 2688517728035.0,
  "net_income": 102597284835.0,
  "net_income_ttm": 102597284835.0,
  "total_assets": 3106331315958.0,
  "total_equity": 1756151488466.0,
  "total_liabilities": 1350179827492.0,
  "total_debt": 1350179827492.0,
  "current_assets": 1758295853628.0,
  "current_liabilities": 1319851837977.0,
  "cash": 62833208490.0,
  "accounts_receivable": 245115582555.0,
  "fixed_assets": 856296889584.0,
  "ppe": 856296889584.0,
  "depreciation": 48014798671.0,
  "roe": 5.83870208,
  "roa": 3.41118097,
  "roic": 6.449820180000001,
  "net_profit_margin": 3.6952571597737536,
  "net_margin": 3.6952571597737536,
  "gross_profit_margin": 11.71921342844492,
  "gross_margin": 11.71921342844492,
  "ebit_margin": 6.490115325686572,
  "pe_ratio": 7.7192815899,
  "pb_ratio": 0.448420229,
  "ps_ratio": 0.2852473056,
  "ev_ebitda": 7.4301208111,
  "ebitda": 222502699772.0,
  "dividend_per_share": 0.0,
  "eps": 1239.752674981139,
  "eps_ttm": 1239.752674981139,
  "earnings_per_share": 1239.752674981139,
  "bvps": 21341.5884939164,
  "book_value_per_share": 21341.5884939164,
  "market_cap": 766892438070.0,
  "debt_to_equity": 0.768828792,
  "current_ratio": 1.3321918438,
  "quick_ratio": 0.2333207275,
  "cash_ratio": 0.047606259,
  "interest_coverage": -3.620497602850326,
  "asset_turnover": 0.9231241072,
  "inventory_turnover": 2.3326458535,
  "fixed_asset_turnover": 3.0367488449,
  "current_price": 9590.0,
  "working_capital": 438444015651.0
}