{
  "symbol": "MAC",
  "data_source": "VCI",
  "data_period": "year",
  "last_updated": "2025-11-17T14:18:39.631003",
  "name": "Công ty Cổ phần Tập đoàn Macstar",
  "exchange": "HNX",
  "sector": "Hàng & Dịch vụ Công nghiệp",
  "shares_outstanding": 22709408.0,
  "charter_capital": 227094080000.0,
  "revenue": 124491374531.0,
  "revenue_ttm": 124491374531.0,
  "net_income": 42493943680.0,
  "net_income_ttm": 42493943680.0,
  "total_assets": 310264174859.0,
  "total_equity": 265216150390.0,
  "total_liabilities": 45048024469.0,
  "total_debt": 45048024469.0,
  "current_assets": 226713342003.0,
  "current_liabilities": 33648024469.0,
  "cash": 41201213966.0,
  "accounts_receivable": 63745917166.0,
  "fixed_assets": 33819932422.0,
  "ppe": 33819932422.0,
  "depreciation": 6802439617.0,
  "roe": 23.19578953,
  "roa": 18.83694228,
  "roic": -2.31229315,
  "net_profit_margin": 39.34901350278031,
  "net_margin": 39.34901350278031,
  "gross_profit_margin": 8.466345922926116,
  "gross_margin": 8.466345922926116,
  "ebit_margin": -5.161833327978744,
  "pe_ratio": 5.7949103481,
  "pb_ratio": 1.1553512321,
  "ps_ratio": 2.1890304531,
  "ev_ebitda": 648.257355844,
  "ebitda": 376402356.0,
  "dividend_per_share": 0.0,
  "eps": 3235.5979426337763,
  "eps_ttm": 3235.5979426337763,
  "earnings_per_share": 3235.5979426337763,
  "bvps": 15579.6778499242,
  "book_value_per_share": 15579.6778499242,
  "market_cap": 272515410000.0,
  "debt_to_equity": 0.1698540017,
  "current_ratio": 6.7377905711,
  "quick_ratio": 3.9351956432,
  "cash_ratio": 2.0407035245,
  "interest_coverage": 16.067622798864395,
  "asset_turnover": 0.4787144734,
  "inventory_turnover": 30.5158247101,
  "fixed_asset_turnover": 3.9783762043,
  "current_price": 18000.0,
  "working_capital": 193065317534.0
}