{
  "symbol": "MAS",
  "data_source": "VCI",
  "data_period": "year",
  "last_updated": "2025-11-17T14:18:47.769170",
  "name": "Công ty cổ phần Dịch vụ Hàng Không Sân Bay Đà Nẵng",
  "exchange": "HNX",
  "sector": "Du lịch và Giải trí",
  "shares_outstanding": 4267683.0,
  "charter_capital": 42676830000.0,
  "revenue": 181406891268.0,
  "revenue_ttm": 181406891268.0,
  "net_income": 7305557459.0,
  "net_income_ttm": 7305557459.0,
  "total_assets": 71900522730.0,
  "total_equity": 34406273460.0,
  "total_liabilities": 37494249270.0,
  "total_debt": 37494249270.0,
  "current_assets": 33843300606.0,
  "current_liabilities": 31606713135.0,
  "cash": 16757696773.0,
  "accounts_receivable": 9049348509.0,
  "fixed_assets": 34718371066.0,
  "ppe": 34718371066.0,
  "depreciation": 6882159818.0,
  "roe": 22.493980259999997,
  "roa": 10.198232359999999,
  "roic": 21.61385264,
  "net_profit_margin": 4.122050401887847,
  "net_margin": 4.122050401887847,
  "gross_profit_margin": 18.041732742851654,
  "gross_margin": 18.041732742851654,
  "ebit_margin": 4.596718073593742,
  "pe_ratio": 20.6979919575,
  "pb_ratio": 4.2793086462,
  "ps_ratio": 0.8307515971,
  "ev_ebitda": 8.9003841981,
  "ebitda": 15028976265.0,
  "dividend_per_share": 0.0,
  "eps": 1711.8322656579694,
  "eps_ttm": 1711.8322656579694,
  "earnings_per_share": 1711.8322656579694,
  "bvps": 8062.0499366987,
  "book_value_per_share": 8062.0499366987,
  "market_cap": 147235063500.0,
  "debt_to_equity": 1.0897503711,
  "current_ratio": 1.0707630516,
  "quick_ratio": 0.816505189,
  "cash_ratio": 0.5301942249,
  "interest_coverage": -16.87570407626477,
  "asset_turnover": 2.4740678452,
  "inventory_turnover": 27.7938115311,
  "fixed_asset_turnover": 4.8900001692,
  "current_price": 34500.0,
  "working_capital": 2236587471.0
}