{
  "symbol": "MBB",
  "data_source": "VCI",
  "data_period": "year",
  "last_updated": "2025-11-17T16:35:25.712937",
  "name": "Ngân hàng Thương mại Cổ phần Quân đội",
  "exchange": "HSX",
  "sector": "Ngân hàng",
  "shares_outstanding": 8054999909.0,
  "charter_capital": 80549999090000.0,
  "revenue": 69061893000000.0,
  "revenue_ttm": 69061893000000.0,
  "net_income": 22951264000000.0,
  "net_income_ttm": 22951264000000.0,
  "total_assets": 1128801062000000.0,
  "total_equity": 117059581000000.0,
  "total_liabilities": 1011741481000000.0,
  "total_debt": 1011741481000000.0,
  "cash": 3349166000000.0,
  "fixed_assets": 5430416000000.0,
  "ppe": 5430416000000.0,
  "depreciation": 0.0,
  "roe": 21.472783409999998,
  "roa": 2.21349844,
  "net_profit_margin": 55.00008881659577,
  "net_margin": 55.00008881659577,
  "pe_ratio": 5.9784158264,
  "pb_ratio": 1.1119042418,
  "ps_ratio": 2.2503404756,
  "dividend_per_share": 0.0,
  "eps": 4265.430564258221,
  "eps_ttm": 4265.430564258221,
  "earnings_per_share": 4265.430564258221,
  "bvps": 21134.9135270497,
  "book_value_per_share": 21134.9135270497,
  "market_cap": 124698616350000.0,
  "current_price": 23800.0
}