{
  "symbol": "MBG",
  "data_source": "VCI",
  "data_period": "year",
  "last_updated": "2025-11-17T14:19:14.305748",
  "name": "Công ty Cổ phần Tập đoàn MBG",
  "exchange": "HNX",
  "sector": "Xây dựng và Vật liệu",
  "shares_outstanding": 120218540.0,
  "charter_capital": 1202185400000.0,
  "revenue": 311186580224.0,
  "revenue_ttm": 311186580224.0,
  "net_income": 27389260232.0,
  "net_income_ttm": 27389260232.0,
  "total_assets": 1379122279279.0,
  "total_equity": 1289647677705.0,
  "total_liabilities": 89474601574.0,
  "total_debt": 89474601574.0,
  "current_assets": 961610332100.0,
  "current_liabilities": 87508802297.0,
  "cash": 93794659536.0,
  "accounts_receivable": 439477584379.0,
  "fixed_assets": 34506572164.0,
  "ppe": 34506572164.0,
  "depreciation": 12942725258.0,
  "roe": 2.1509337,
  "roa": 2.0378632899999998,
  "roic": 2.40073609,
  "net_profit_margin": 8.801342692633144,
  "net_margin": 8.801342692633144,
  "gross_profit_margin": 13.713394118500224,
  "gross_margin": 13.713394118500224,
  "ebit_margin": 10.53573908630634,
  "pe_ratio": 14.9238396892,
  "pb_ratio": 0.3175863616,
  "ps_ratio": 1.3134982739,
  "ev_ebitda": 8.5495223819,
  "ebitda": 45728531422.0,
  "dividend_per_share": 0.0,
  "eps": 227.8234067640482,
  "eps_ttm": 227.8234067640482,
  "earnings_per_share": 227.8234067640482,
  "bvps": 10705.7493994936,
  "book_value_per_share": 10705.7493994936,
  "market_cap": 408743036000.0,
  "debt_to_equity": 0.0693791049,
  "current_ratio": 10.9887269264,
  "quick_ratio": 6.0939268955,
  "cash_ratio": 1.0718311424,
  "interest_coverage": -8.686568758840314,
  "asset_turnover": 0.2315400459,
  "inventory_turnover": 0.7160287769,
  "fixed_asset_turnover": 8.5226724066,
  "current_price": 3400.0,
  "working_capital": 874101529803.0
}