{
  "symbol": "MBS",
  "data_source": "VCI",
  "data_period": "year",
  "last_updated": "2025-11-17T14:19:23.577607",
  "name": "Công ty Cổ phần Chứng khoán MB",
  "exchange": "HNX",
  "sector": "Dịch vụ tài chính",
  "shares_outstanding": 589992834.0,
  "charter_capital": 5899928340000.0,
  "revenue": 3120367476027.0,
  "revenue_ttm": 3120367476027.0,
  "net_income": 743553122565.0,
  "net_income_ttm": 743553122565.0,
  "total_assets": 22131880651055.0,
  "total_equity": 6908538856612.0,
  "total_liabilities": 15223341794443.0,
  "total_debt": 15223341794443.0,
  "current_assets": 21873571497790.0,
  "current_liabilities": 14161986237762.0,
  "cash": 1773543835124.0,
  "accounts_receivable": 210322704650.0,
  "fixed_assets": 155678821099.0,
  "ppe": 155678821099.0,
  "depreciation": 60909312223.0,
  "roe": 12.44780437,
  "roa": 3.9701684700000004,
  "roic": 7.36236824,
  "net_profit_margin": 23.82902425042986,
  "net_margin": 23.82902425042986,
  "gross_profit_margin": 54.81951092186678,
  "gross_margin": 54.81951092186678,
  "ebit_margin": 47.137773358854,
  "pe_ratio": 24.6685557909,
  "pb_ratio": 2.4957043864,
  "ps_ratio": 5.5255257147,
  "ev_ebitda": 18.6304889362,
  "ebitda": 1531781061036.0,
  "dividend_per_share": 0.0,
  "eps": 1298.073101044126,
  "eps_ttm": 1298.073101044126,
  "earnings_per_share": 1298.073101044126,
  "bvps": 12060.7232827568,
  "book_value_per_share": 12060.7232827568,
  "market_cap": 17241670728100.0,
  "debt_to_equity": 2.2035544868,
  "current_ratio": 1.5445270974,
  "quick_ratio": 0.2794583184,
  "cash_ratio": 0.2646071032,
  "interest_coverage": -2.7175566284039614,
  "asset_turnover": 0.1666106185,
  "inventory_turnover": 0.0,
  "fixed_asset_turnover": 17.2174483545,
  "current_price": 30500.0,
  "working_capital": 7711585260028.0
}