{
  "symbol": "MCC",
  "data_source": "VCI",
  "data_period": "year",
  "last_updated": "2025-11-17T14:19:33.092512",
  "name": "Công ty Cổ phần Gạch ngói cao cấp",
  "exchange": "HNX",
  "sector": "Xây dựng và Vật liệu",
  "shares_outstanding": 5016124.0,
  "charter_capital": 50161240000.0,
  "revenue": 22439004239.0,
  "revenue_ttm": 22439004239.0,
  "net_income": 1289489849.0,
  "net_income_ttm": 1289489849.0,
  "total_assets": 81806321252.0,
  "total_equity": 69429756641.0,
  "total_liabilities": 12376564611.0,
  "total_debt": 12376564611.0,
  "current_assets": 13093474429.0,
  "current_liabilities": 11527404670.0,
  "cash": 3937999063.0,
  "accounts_receivable": 1168756920.0,
  "fixed_assets": 989857573.0,
  "ppe": 989857573.0,
  "depreciation": 0.0,
  "roe": 1.84057568,
  "roa": 1.50923848,
  "roic": 3.96596714,
  "net_profit_margin": 5.746644705199568,
  "net_margin": 5.746644705199568,
  "gross_profit_margin": 36.357944983228805,
  "gross_margin": 36.357944983228805,
  "ebit_margin": 12.907596607901331,
  "pe_ratio": 59.2145446418,
  "pb_ratio": 0.9897902877,
  "ps_ratio": 3.0625645447,
  "ev_ebitda": 21.5148329491,
  "ebitda": 3178407190.0,
  "dividend_per_share": 0.0,
  "eps": 257.0689737733756,
  "eps_ttm": 257.0689737733756,
  "earnings_per_share": 257.0689737733756,
  "bvps": 13841.3158528378,
  "book_value_per_share": 13841.3158528378,
  "market_cap": 68720898800.0,
  "debt_to_equity": 0.1782602332,
  "current_ratio": 1.1358562316,
  "quick_ratio": 0.4430100382,
  "cash_ratio": 0.3416206142,
  "interest_coverage": -6.434804046988222,
  "asset_turnover": 0.2626295101,
  "inventory_turnover": 1.340155386,
  "fixed_asset_turnover": 19.8418439178,
  "current_price": 13700.0,
  "working_capital": 1566069759.0
}