{
  "symbol": "MCF",
  "data_source": "VCI",
  "data_period": "year",
  "last_updated": "2025-11-17T14:19:42.496404",
  "name": "Công ty Cổ phần Xây lắp Cơ khí và Lương thực Thực phẩm",
  "exchange": "HNX",
  "sector": "Thực phẩm và đồ uống",
  "shares_outstanding": 10777838.0,
  "charter_capital": 107778380000.0,
  "revenue": 480125601327.0,
  "revenue_ttm": 480125601327.0,
  "net_income": 9654232940.0,
  "net_income_ttm": 9654232940.0,
  "total_assets": 195125015315.0,
  "total_equity": 118297973589.0,
  "total_liabilities": 76827041726.0,
  "total_debt": 76827041726.0,
  "current_assets": 170878235463.0,
  "current_liabilities": 76557041726.0,
  "cash": 3125122734.0,
  "accounts_receivable": 35831513072.0,
  "fixed_assets": 23586536624.0,
  "ppe": 23586536624.0,
  "depreciation": 6615188501.0,
  "roe": 7.976943159999999,
  "roa": 5.29782539,
  "roic": 3.97295685,
  "net_profit_margin": 2.010772371503842,
  "net_margin": 2.010772371503842,
  "gross_profit_margin": 8.600668939725173,
  "gross_margin": 8.600668939725173,
  "ebit_margin": 1.4415261581284038,
  "pe_ratio": 9.7657661576,
  "pb_ratio": 0.6833065905,
  "ps_ratio": 0.1683596642,
  "ev_ebitda": 9.8709854048,
  "ebitda": 13536324636.0,
  "dividend_per_share": 0.0,
  "eps": 895.7485666420297,
  "eps_ttm": 895.7485666420297,
  "earnings_per_share": 895.7485666420297,
  "bvps": 10976.0393122443,
  "book_value_per_share": 10976.0393122443,
  "market_cap": 80833785000.0,
  "debt_to_equity": 0.6494366674,
  "current_ratio": 2.2320381197,
  "quick_ratio": 0.508857643,
  "cash_ratio": 0.0408208398,
  "interest_coverage": -1.1781047922644654,
  "asset_turnover": 2.6347215956,
  "inventory_turnover": 3.7808492295,
  "fixed_asset_turnover": 18.4607277814,
  "current_price": 7400.0,
  "working_capital": 94321193737.0
}