{
  "symbol": "MCM",
  "data_source": "VCI",
  "data_period": "year",
  "last_updated": "2025-11-17T16:35:36.589796",
  "name": "Công ty Cổ phần Giống bò sữa Mộc Châu",
  "exchange": "HSX",
  "sector": "Thực phẩm và đồ uống",
  "shares_outstanding": 110000000.0,
  "charter_capital": 1100000000000.0,
  "revenue": 2919366678903.0,
  "revenue_ttm": 2919366678903.0,
  "net_income": 219920772280.0,
  "net_income_ttm": 219920772280.0,
  "total_assets": 2686673183715.0,
  "total_equity": 2305183622970.0,
  "total_liabilities": 381489560745.0,
  "total_debt": 381489560745.0,
  "current_assets": 2114926082075.0,
  "current_liabilities": 377611942836.0,
  "cash": 36267752726.0,
  "accounts_receivable": 287023894347.0,
  "fixed_assets": 366583594443.0,
  "ppe": 366583594443.0,
  "depreciation": 67009925999.0,
  "roe": 9.4948166,
  "roa": 8.310286829999999,
  "roic": 6.420242549999999,
  "net_profit_margin": 7.539387419803223,
  "net_margin": 7.539387419803223,
  "gross_profit_margin": 29.090077251517286,
  "gross_margin": 29.090077251517286,
  "ebit_margin": 5.291622792050739,
  "pe_ratio": 15.0615822971,
  "pb_ratio": 1.2931724702,
  "ps_ratio": 1.021955028,
  "ev_ebitda": 13.749875735,
  "ebitda": 221364345827.0,
  "dividend_per_share": 0.0,
  "eps": 1999.279748,
  "eps_ttm": 1999.279748,
  "earnings_per_share": 1999.279748,
  "bvps": 20956.2147542727,
  "book_value_per_share": 20956.2147542727,
  "market_cap": 2981000000000.0,
  "debt_to_equity": 0.1654920489,
  "current_ratio": 5.6007923536,
  "quick_ratio": 0.8561478343,
  "cash_ratio": 0.0960450362,
  "interest_coverage": -89.09439574790618,
  "asset_turnover": 1.1022496082,
  "inventory_turnover": 11.4796623655,
  "fixed_asset_turnover": 7.6846829714,
  "current_price": 26950.0,
  "working_capital": 1737314139239.0
}