{
  "symbol": "MCO",
  "data_source": "VCI",
  "data_period": "year",
  "last_updated": "2025-11-17T14:19:51.868846",
  "name": "Công ty Cổ phần Đầu tư và Xây dựng BDC Việt Nam",
  "exchange": "HNX",
  "sector": "Xây dựng và Vật liệu",
  "shares_outstanding": 4103929.0,
  "charter_capital": 41039290000.0,
  "revenue": 54937895620.0,
  "revenue_ttm": 54937895620.0,
  "net_income": 204865967.0,
  "net_income_ttm": 204865967.0,
  "total_assets": 127607786831.0,
  "total_equity": 53188147682.0,
  "total_liabilities": 74419639149.0,
  "total_debt": 74419639149.0,
  "current_assets": 78955970754.0,
  "current_liabilities": 68967208032.0,
  "cash": 3505909094.0,
  "accounts_receivable": 56762940959.0,
  "fixed_assets": 7058015858.0,
  "ppe": 7058015858.0,
  "depreciation": 1579562508.0,
  "roe": 0.38591544,
  "roa": 0.14821522,
  "roic": 0.45049464,
  "net_profit_margin": 0.37290464930990014,
  "net_margin": 0.37290464930990014,
  "gross_profit_margin": 11.549976023635686,
  "gross_margin": 11.549976023635686,
  "ebit_margin": 0.481144472348102,
  "pe_ratio": 148.2387487034,
  "pb_ratio": 0.5709744731,
  "ps_ratio": 0.552789186,
  "ev_ebitda": 17.54476142,
  "ebitda": 1843893156.0,
  "dividend_per_share": 0.0,
  "eps": 49.91947156005867,
  "eps_ttm": 49.91947156005867,
  "earnings_per_share": 49.91947156005867,
  "bvps": 12960.2991869499,
  "book_value_per_share": 12960.2991869499,
  "market_cap": 30369074600.0,
  "debt_to_equity": 1.3991771173,
  "current_ratio": 1.1448335087,
  "quick_ratio": 0.8738769014,
  "cash_ratio": 0.0508344356,
  "interest_coverage": -0.7427754223861341,
  "asset_turnover": 0.3974614423,
  "inventory_turnover": 2.7783965288,
  "fixed_asset_turnover": 6.9844521633,
  "current_price": 7300.0,
  "working_capital": 9988762722.0
}