{
  "symbol": "MCP",
  "data_source": "VCI",
  "data_period": "year",
  "last_updated": "2025-11-17T16:35:47.716060",
  "name": "Công ty Cổ phần In và Bao bì Mỹ Châu",
  "exchange": "HSX",
  "sector": "Hàng & Dịch vụ Công nghiệp",
  "shares_outstanding": 19886871.0,
  "charter_capital": 198868710000.0,
  "revenue": 467307693861.0,
  "revenue_ttm": 467307693861.0,
  "net_income": 30114049356.0,
  "net_income_ttm": 30114049356.0,
  "total_assets": 317695500958.0,
  "total_equity": 276713277064.0,
  "total_liabilities": 40982223894.0,
  "total_debt": 40982223894.0,
  "current_assets": 294219098541.0,
  "current_liabilities": 40982223894.0,
  "cash": 16906377798.0,
  "accounts_receivable": 129503587107.0,
  "fixed_assets": 17047423327.0,
  "ppe": 17047423327.0,
  "depreciation": 10478544341.0,
  "roe": 11.470779929999999,
  "roa": 9.45822439,
  "roic": 6.8876605699999995,
  "net_profit_margin": 6.453852005248286,
  "net_margin": 6.453852005248286,
  "gross_profit_margin": 11.901633910359019,
  "gross_margin": 11.901633910359019,
  "ebit_margin": 4.084619241444306,
  "pe_ratio": 18.1460020645,
  "pb_ratio": 1.7773077129,
  "ps_ratio": 1.0540045063,
  "ev_ebitda": 16.0777454009,
  "ebitda": 29537615627.0,
  "dividend_per_share": 0.0,
  "eps": 1665.5030741848939,
  "eps_ttm": 1665.5030741848939,
  "earnings_per_share": 1665.5030741848939,
  "bvps": 15304.0465654296,
  "book_value_per_share": 15304.0465654296,
  "market_cap": 491804641600.0,
  "debt_to_equity": 0.1481035689,
  "current_ratio": 7.1791882086,
  "quick_ratio": 3.5725236699,
  "cash_ratio": 0.4125295358,
  "interest_coverage": -77.5549573576899,
  "asset_turnover": 1.4655161565,
  "inventory_turnover": 4.7948841228,
  "fixed_asset_turnover": 22.3364047992,
  "current_price": 27200.0,
  "working_capital": 253236874647.0
}