{
  "symbol": "MDC",
  "data_source": "VCI",
  "data_period": "year",
  "last_updated": "2025-11-17T14:21:13.655515",
  "name": "Công ty Cổ phần Than Mông Dương - Vinacomin",
  "exchange": "HNX",
  "sector": "Tài nguyên Cơ bản",
  "shares_outstanding": 21418346.0,
  "charter_capital": 214183460000.0,
  "revenue": 2612354731157.0,
  "revenue_ttm": 2612354731157.0,
  "net_income": 53326744689.0,
  "net_income_ttm": 53326744689.0,
  "total_assets": 1186219315309.0,
  "total_equity": 338338209305.0,
  "total_liabilities": 847881106004.0,
  "total_debt": 847881106004.0,
  "current_assets": 489723930483.0,
  "current_liabilities": 707938736653.0,
  "cash": 2759307911.0,
  "accounts_receivable": 410524309950.0,
  "fixed_assets": 481858262504.0,
  "ppe": 481858262504.0,
  "depreciation": 96323748539.0,
  "roe": 15.76997754,
  "roa": 4.6679706,
  "roic": 11.66720396,
  "net_profit_margin": 2.041328616400493,
  "net_margin": 2.041328616400493,
  "gross_profit_margin": 10.455928547767513,
  "gross_margin": 10.455928547767513,
  "ebit_margin": 3.307987051656135,
  "pe_ratio": 13.9164650802,
  "pb_ratio": 0.6267149839,
  "ps_ratio": 0.0811687719,
  "ev_ebitda": 3.3469479666,
  "ebitda": 182740104789.0,
  "dividend_per_share": 0.0,
  "eps": 2489.7695036302057,
  "eps_ttm": 2489.7695036302057,
  "earnings_per_share": 2489.7695036302057,
  "bvps": 15796.6543870848,
  "book_value_per_share": 15796.6543870848,
  "market_cap": 212041625400.0,
  "debt_to_equity": 2.506016414,
  "current_ratio": 0.6917603249,
  "quick_ratio": 0.5837844385,
  "cash_ratio": 0.0038976648,
  "interest_coverage": -4.787214974726246,
  "asset_turnover": 2.2867315762,
  "inventory_turnover": 42.0114585967,
  "fixed_asset_turnover": 5.3829499327,
  "current_price": 9900.0,
  "working_capital": -218214806170.0
}