{
  "symbol": "MDG",
  "data_source": "VCI",
  "data_period": "year",
  "last_updated": "2025-11-17T16:35:59.922517",
  "name": "Công ty Cổ phần Miền Đông",
  "exchange": "HSX",
  "sector": "Xây dựng và Vật liệu",
  "shares_outstanding": 10889031.0,
  "charter_capital": 108890310000.0,
  "revenue": 228714556869.0,
  "revenue_ttm": 228714556869.0,
  "net_income": 3976580095.0,
  "net_income_ttm": 3976580095.0,
  "total_assets": 325973317039.0,
  "total_equity": 130233177219.0,
  "total_liabilities": 195740139820.0,
  "total_debt": 195740139820.0,
  "current_assets": 224831519722.0,
  "current_liabilities": 195740139820.0,
  "cash": 23154813814.0,
  "accounts_receivable": 180915781135.0,
  "fixed_assets": 19074575878.0,
  "ppe": 19074575878.0,
  "depreciation": 3879364979.0,
  "roe": 3.10077086,
  "roa": 1.16795181,
  "roic": 5.34345365,
  "net_profit_margin": 1.738992795994209,
  "net_margin": 1.738992795994209,
  "gross_profit_margin": 23.236710085034698,
  "gross_margin": 23.236710085034698,
  "ebit_margin": 4.943683027031376,
  "pe_ratio": 57.5040978773,
  "pb_ratio": 1.7558479021,
  "ps_ratio": 0.9999921195,
  "ev_ebitda": 18.8910754876,
  "ebitda": 15184156791.0,
  "dividend_per_share": 0.0,
  "eps": 365.19136505351116,
  "eps_ttm": 365.19136505351116,
  "earnings_per_share": 365.19136505351116,
  "bvps": 11960.0336539587,
  "book_value_per_share": 11960.0336539587,
  "market_cap": 228669651000.0,
  "debt_to_equity": 1.5029975003,
  "current_ratio": 1.1486224539,
  "quick_ratio": 1.0443307558,
  "cash_ratio": 0.1200656495,
  "interest_coverage": -1.951260064580441,
  "asset_turnover": 0.6716254464,
  "inventory_turnover": 7.8414714334,
  "fixed_asset_turnover": 10.7441868091,
  "current_price": 21000.0,
  "working_capital": 29091379902.0
}