{
  "symbol": "MED",
  "data_source": "VCI",
  "data_period": "year",
  "last_updated": "2025-11-17T14:21:21.597575",
  "name": "Công ty Cổ phần Dược Trung ương Mediplantex",
  "exchange": "HNX",
  "sector": "Y tế",
  "shares_outstanding": 12410000.0,
  "charter_capital": 124100000000.0,
  "revenue": 443450755834.0,
  "revenue_ttm": 443450755834.0,
  "net_income": 15246766212.0,
  "net_income_ttm": 15246766212.0,
  "total_assets": 503755172939.0,
  "total_equity": 330863178751.0,
  "total_liabilities": 172891994188.0,
  "total_debt": 172891994188.0,
  "current_assets": 253080671735.0,
  "current_liabilities": 172891994188.0,
  "cash": 42611033335.0,
  "accounts_receivable": 99153240174.0,
  "fixed_assets": 34441460600.0,
  "ppe": 34441460600.0,
  "depreciation": 7915624907.0,
  "roe": 4.63385452,
  "roa": 2.87947058,
  "roic": 6.18805606,
  "net_profit_margin": 3.440653137993762,
  "net_margin": 3.440653137993762,
  "gross_profit_margin": 20.887816472743484,
  "gross_margin": 20.887816472743484,
  "ebit_margin": 5.008273101683329,
  "pe_ratio": 19.5346341551,
  "pb_ratio": 0.9001908315,
  "ps_ratio": 0.6721190031,
  "ev_ebitda": 9.3996773031,
  "ebitda": 30109076570.0,
  "dividend_per_share": 0.0,
  "eps": 1228.5871242546334,
  "eps_ttm": 1228.5871242546334,
  "earnings_per_share": 1228.5871242546334,
  "bvps": 26661.0135979855,
  "book_value_per_share": 26661.0135979855,
  "market_cap": 297840000000.0,
  "debt_to_equity": 0.5225483079,
  "current_ratio": 1.4638079277,
  "quick_ratio": 0.8199585769,
  "cash_ratio": 0.246460419,
  "interest_coverage": -5.859945820428562,
  "asset_turnover": 0.836896503,
  "inventory_turnover": 3.6804892561,
  "fixed_asset_turnover": 11.8334662782,
  "current_price": 24000.0,
  "working_capital": 80188677547.0
}