{
  "symbol": "MEL",
  "data_source": "VCI",
  "data_period": "year",
  "last_updated": "2025-11-17T14:21:29.570218",
  "name": "Công ty Cổ phần Thép Mê Lin",
  "exchange": "HNX",
  "sector": "Tài nguyên Cơ bản",
  "shares_outstanding": 15000000.0,
  "charter_capital": 150000000000.0,
  "revenue": 880916669901.0,
  "revenue_ttm": 880916669901.0,
  "net_income": 8105259141.0,
  "net_income_ttm": 8105259141.0,
  "total_assets": 729133392493.0,
  "total_equity": 259299879065.0,
  "total_liabilities": 469833513428.0,
  "total_debt": 469833513428.0,
  "current_assets": 656321558697.0,
  "current_liabilities": 467170027589.0,
  "cash": 17220861473.0,
  "accounts_receivable": 101610365358.0,
  "fixed_assets": 62201939809.0,
  "ppe": 62201939809.0,
  "depreciation": 0.0,
  "roe": 3.17545406,
  "roa": 1.17669569,
  "roic": 4.10182343,
  "net_profit_margin": 0.9212140545876469,
  "net_margin": 0.9212140545876469,
  "gross_profit_margin": 4.406657425052943,
  "gross_margin": 4.406657425052943,
  "ebit_margin": 3.05213404622787,
  "pe_ratio": 11.6590966872,
  "pb_ratio": 0.3644429004,
  "ps_ratio": 0.1074052373,
  "ev_ebitda": 14.2811637365,
  "ebitda": 33097104224.0,
  "dividend_per_share": 0.0,
  "eps": 540.3506094,
  "eps_ttm": 540.3506094,
  "earnings_per_share": 540.3506094,
  "bvps": 17286.6586043333,
  "book_value_per_share": 17286.6586043333,
  "market_cap": 94500000000.0,
  "debt_to_equity": 1.8119310935,
  "current_ratio": 1.404887985,
  "quick_ratio": 0.2543639785,
  "cash_ratio": 0.0368620854,
  "interest_coverage": -1.1019286257314178,
  "asset_turnover": 1.2773314522,
  "inventory_turnover": 1.6590110047,
  "fixed_asset_turnover": 13.8555051265,
  "current_price": 6300.0,
  "working_capital": 189151531108.0
}