{
  "symbol": "MHC",
  "data_source": "VCI",
  "data_period": "year",
  "last_updated": "2025-11-17T16:37:15.884101",
  "name": "Công ty Cổ phần MHC",
  "exchange": "HSX",
  "sector": "Hàng & Dịch vụ Công nghiệp",
  "shares_outstanding": 43476318.0,
  "charter_capital": 434763180000.0,
  "revenue": 14288898450.0,
  "revenue_ttm": 14288898450.0,
  "net_income": 11816355128.0,
  "net_income_ttm": 11816355128.0,
  "total_assets": 942147136208.0,
  "total_equity": 554183001112.0,
  "total_liabilities": 387964135096.0,
  "total_debt": 387964135096.0,
  "current_assets": 803685130922.0,
  "current_liabilities": 235352575510.0,
  "cash": 16662396109.0,
  "accounts_receivable": 340281104695.0,
  "fixed_assets": 13875228065.0,
  "ppe": 13875228065.0,
  "depreciation": 1525148710.0,
  "roe": 2.1607193899999997,
  "roa": 1.4154889,
  "roic": -1.76414613,
  "net_profit_margin": 82.36164005350601,
  "net_margin": 82.36164005350601,
  "gross_profit_margin": -1.7013270186688183,
  "gross_margin": -1.7013270186688183,
  "ebit_margin": -1.130517495139732,
  "pe_ratio": 46.1784162212,
  "pb_ratio": 0.9871215285,
  "ps_ratio": 38.0333009505,
  "ev_ebitda": -60.7219901923,
  "ebitda": -14628700974.0,
  "dividend_per_share": 0.0,
  "eps": 270.68923152599996,
  "eps_ttm": 270.68923152599996,
  "earnings_per_share": 270.68923152599996,
  "bvps": 12663.0811297084,
  "book_value_per_share": 12663.0811297084,
  "market_cap": 543453975000.0,
  "debt_to_equity": 0.7000650224,
  "current_ratio": 3.41481341,
  "quick_ratio": 3.4293983948,
  "cash_ratio": 1.9835629117,
  "interest_coverage": 0.799386470430282,
  "asset_turnover": 0.0171862642,
  "inventory_turnover": 122.990034633,
  "fixed_asset_turnover": 1.4957218016,
  "current_price": 12350.0,
  "working_capital": 568332555412.0
}