{
  "symbol": "MIC",
  "data_source": "VCI",
  "data_period": "year",
  "last_updated": "2025-11-17T14:21:37.664789",
  "name": "Công ty Cổ phần Kỹ nghệ Khoáng sản Quảng Nam",
  "exchange": "HNX",
  "sector": "Tài nguyên Cơ bản",
  "shares_outstanding": 8577770.0,
  "charter_capital": 85777700000.0,
  "revenue": 230404048106.0,
  "revenue_ttm": 230404048106.0,
  "net_income": 10434583100.0,
  "net_income_ttm": 10434583100.0,
  "total_assets": 174373523470.0,
  "total_equity": 91861882878.0,
  "total_liabilities": 82511640592.0,
  "total_debt": 82511640592.0,
  "current_assets": 53946378651.0,
  "current_liabilities": 76889520266.0,
  "cash": 2843387751.0,
  "accounts_receivable": 42565156121.0,
  "fixed_assets": 59641909305.0,
  "ppe": 59641909305.0,
  "depreciation": 7489217501.0,
  "roe": 12.04297111,
  "roa": 6.11191013,
  "roic": 14.627364649999999,
  "net_profit_margin": 4.528819344007121,
  "net_margin": 4.528819344007121,
  "gross_profit_margin": 20.314650794011428,
  "gross_margin": 20.314650794011428,
  "ebit_margin": 8.671472059296562,
  "pe_ratio": 7.3864713771,
  "pb_ratio": 0.8390286263,
  "ps_ratio": 0.3345199446,
  "ev_ebitda": 4.3307142461,
  "ebitda": 27468640156.0,
  "dividend_per_share": 0.0,
  "eps": 1881.818704816963,
  "eps_ttm": 1881.818704816963,
  "earnings_per_share": 1881.818704816963,
  "bvps": 16566.7768230746,
  "book_value_per_share": 16566.7768230746,
  "market_cap": 77074749400.0,
  "debt_to_equity": 0.8982141233,
  "current_ratio": 0.7016089899,
  "quick_ratio": 0.590568698,
  "cash_ratio": 0.0369801729,
  "interest_coverage": -5.544684543725199,
  "asset_turnover": 1.3495592698,
  "inventory_turnover": 33.8716990928,
  "fixed_asset_turnover": 3.7100965858,
  "current_price": 13500.0,
  "working_capital": -22943141615.0
}