{
  "symbol": "MIG",
  "data_source": "VCI",
  "data_period": "year",
  "last_updated": "2025-11-17T16:37:24.512447",
  "name": "Tổng Công ty Cổ phần Bảo hiểm Quân đội",
  "exchange": "HSX",
  "sector": "Bảo hiểm",
  "shares_outstanding": 211503463.0,
  "charter_capital": 2115034630000.0,
  "revenue": 4747462343135.0,
  "revenue_ttm": 4747462343135.0,
  "net_income": 238505988114.0,
  "net_income_ttm": 238505988114.0,
  "total_assets": 9834946333434.0,
  "total_equity": 2130259651577.0,
  "total_liabilities": 7704686681857.0,
  "total_debt": 7704686681857.0,
  "current_assets": 9130648855391.0,
  "current_liabilities": 7325625843649.0,
  "cash": 329566432891.0,
  "accounts_receivable": 682870160587.0,
  "fixed_assets": 138691481776.0,
  "ppe": 138691481776.0,
  "roe": 11.32636511,
  "roa": 2.55714126,
  "roic": -25.52997792,
  "net_profit_margin": 10.25109412467817,
  "net_margin": 10.25109412467817,
  "ebit_margin": -23.37512353786049,
  "pe_ratio": 13.2862925558,
  "pb_ratio": 1.3982336016,
  "ev_ebitda": -5.0026751435,
  "ebitda": -529523528138.0,
  "dividend_per_share": 0.0,
  "eps": 1381.2621472093124,
  "eps_ttm": 1381.2621472093124,
  "earnings_per_share": 1381.2621472093124,
  "bvps": 12336.9943191707,
  "book_value_per_share": 12336.9943191707,
  "market_cap": 2978600625000.0,
  "debt_to_equity": 3.6167829007,
  "current_ratio": 1.2463984716,
  "quick_ratio": 0.1382047917,
  "cash_ratio": 0.0449881607,
  "asset_turnover": 0.390350962,
  "current_price": 17400.0,
  "working_capital": 1805023011742.0
}