{
  "symbol": "MKV",
  "data_source": "VCI",
  "data_period": "year",
  "last_updated": "2025-11-17T14:21:46.493680",
  "name": "Công ty Cổ phần Dược Thú Y Cai Lậy",
  "exchange": "HNX",
  "sector": "Y tế",
  "shares_outstanding": 5000038.0,
  "charter_capital": 50000380000.0,
  "revenue": 119087670085.0,
  "revenue_ttm": 119087670085.0,
  "net_income": 7324302326.0,
  "net_income_ttm": 7324302326.0,
  "total_assets": 109488706504.0,
  "total_equity": 87145926069.0,
  "total_liabilities": 22342780435.0,
  "total_debt": 22342780435.0,
  "current_assets": 76986999054.0,
  "current_liabilities": 22342780435.0,
  "cash": 15174991167.0,
  "accounts_receivable": 38541119225.0,
  "fixed_assets": 30128258708.0,
  "ppe": 30128258708.0,
  "depreciation": 4230778551.0,
  "roe": 8.77332432,
  "roa": 7.04887836,
  "roic": 13.83839381,
  "net_profit_margin": 6.842810370879003,
  "net_margin": 6.842810370879003,
  "gross_profit_margin": 33.574235340318666,
  "gross_margin": 33.574235340318666,
  "ebit_margin": 11.266811215882395,
  "pe_ratio": 10.1716945702,
  "pb_ratio": 0.8548944232,
  "ps_ratio": 0.6960297709,
  "ev_ebitda": 3.6417562556,
  "ebitda": 16290374992.0,
  "dividend_per_share": 0.0,
  "eps": 1464.8493323450741,
  "eps_ttm": 1464.8493323450741,
  "earnings_per_share": 1464.8493323450741,
  "bvps": 17429.0527529991,
  "book_value_per_share": 17429.0527529991,
  "market_cap": 74500566200.0,
  "debt_to_equity": 0.2563835333,
  "current_ratio": 3.4457215062,
  "quick_ratio": 2.4041819928,
  "cash_ratio": 0.679189916,
  "interest_coverage": -313.0321742172156,
  "asset_turnover": 1.0301145263,
  "inventory_turnover": 4.7989157524,
  "fixed_asset_turnover": 3.3196139913,
  "current_price": 14900.0,
  "working_capital": 54644218619.0
}