{
  "symbol": "MSB",
  "data_source": "VCI",
  "data_period": "year",
  "last_updated": "2025-11-17T16:37:33.353184",
  "name": "Ngân hàng Thương mại Cổ phần Hàng Hải Việt Nam",
  "exchange": "HSX",
  "sector": "Ngân hàng",
  "shares_outstanding": 3120000000.0,
  "charter_capital": 31200000000000.0,
  "revenue": 18681257000000.0,
  "revenue_ttm": 18681257000000.0,
  "net_income": 5519377000000.0,
  "net_income_ttm": 5519377000000.0,
  "total_assets": 320148089000000.0,
  "total_equity": 36817557000000.0,
  "total_liabilities": 283330532000000.0,
  "total_debt": 283330532000000.0,
  "cash": 1203088000000.0,
  "fixed_assets": 432744000000.0,
  "ppe": 432744000000.0,
  "roe": 16.20587151,
  "roa": 1.8800443100000002,
  "net_profit_margin": 53.88404289966362,
  "net_margin": 53.88404289966362,
  "pe_ratio": 5.6763652854,
  "pb_ratio": 0.8509527126,
  "ps_ratio": 2.2035076071,
  "dividend_per_share": 0.0,
  "eps": 2122.8373076923076,
  "eps_ttm": 2122.8373076923076,
  "earnings_per_share": 2122.8373076923076,
  "bvps": 14160.5988461538,
  "book_value_per_share": 14160.5988461538,
  "market_cap": 31330000000000.0,
  "current_price": 12400.0
}