{
  "symbol": "MSH",
  "data_source": "VCI",
  "data_period": "year",
  "last_updated": "2025-11-17T16:37:41.653952",
  "name": "Công ty Cổ phần May Sông Hồng",
  "exchange": "HSX",
  "sector": "Hàng cá nhân & Gia dụng",
  "shares_outstanding": 112521020.0,
  "charter_capital": 1125210200000.0,
  "revenue": 5280403155194.0,
  "revenue_ttm": 5280403155194.0,
  "net_income": 442490050122.0,
  "net_income_ttm": 442490050122.0,
  "total_assets": 4523188931186.0,
  "total_equity": 2055533082808.0,
  "total_liabilities": 2467655848378.0,
  "total_debt": 2467655848378.0,
  "current_assets": 3249615903700.0,
  "current_liabilities": 1860132583008.0,
  "cash": 886350410790.0,
  "accounts_receivable": 991662262409.0,
  "fixed_assets": 699598255413.0,
  "ppe": 699598255413.0,
  "depreciation": 126959728817.0,
  "roe": 23.96683536,
  "roa": 10.34374081,
  "roic": 12.66907387,
  "net_profit_margin": 7.812334649073667,
  "net_margin": 7.812334649073667,
  "gross_profit_margin": 15.70918273414531,
  "gross_margin": 15.70918273414531,
  "ebit_margin": 8.339184711869258,
  "pe_ratio": 8.0781235525,
  "pb_ratio": 1.6810840166,
  "ps_ratio": 0.5717967807,
  "ev_ebitda": 6.2632607304,
  "ebitda": 567302301460.0,
  "dividend_per_share": 0.0,
  "eps": 5499.2696746878255,
  "eps_ttm": 5499.2696746878255,
  "earnings_per_share": 5499.2696746878255,
  "bvps": 23942.8842354304,
  "book_value_per_share": 23942.8842354304,
  "market_cap": 3019317525000.0,
  "debt_to_equity": 1.2004943482,
  "current_ratio": 1.7469807977,
  "quick_ratio": 1.0096122665,
  "cash_ratio": 0.4764985135,
  "interest_coverage": -8.251777252061292,
  "asset_turnover": 1.3240268464,
  "inventory_turnover": 7.5979377836,
  "fixed_asset_turnover": 7.1675579748,
  "current_price": 40450.0,
  "working_capital": 1389483320692.0
}