{
  "symbol": "MST",
  "data_source": "VCI",
  "data_period": "year",
  "last_updated": "2025-11-17T14:22:14.648941",
  "name": "Công ty Cổ phần Đầu tư MST",
  "exchange": "HNX",
  "sector": "Xây dựng và Vật liệu",
  "shares_outstanding": 83604220.0,
  "charter_capital": 836042200000.0,
  "revenue": 1273890610665.0,
  "revenue_ttm": 1273890610665.0,
  "net_income": 17139549264.0,
  "net_income_ttm": 17139549264.0,
  "total_assets": 1750574054602.0,
  "total_equity": 848660634888.0,
  "total_liabilities": 901913419714.0,
  "total_debt": 901913419714.0,
  "current_assets": 894333838842.0,
  "current_liabilities": 781642455412.0,
  "cash": 3225028300.0,
  "accounts_receivable": 857924177091.0,
  "fixed_assets": 543751791.0,
  "ppe": 543751791.0,
  "depreciation": 168703632.0,
  "roe": 2.0398085,
  "roa": 1.15435874,
  "roic": 1.9470094100000002,
  "net_profit_margin": 1.3454490613642849,
  "net_margin": 1.3454490613642849,
  "gross_profit_margin": 2.1396609150585744,
  "gross_margin": 2.1396609150585744,
  "ebit_margin": 1.7580463767064731,
  "pe_ratio": 23.9459754208,
  "pb_ratio": 0.4836128937,
  "ps_ratio": 0.3221809015,
  "ev_ebitda": 31.4121680101,
  "ebitda": 22564291356.0,
  "dividend_per_share": 0.0,
  "eps": 225.50762310148738,
  "eps_ttm": 225.50762310148738,
  "earnings_per_share": 225.50762310148738,
  "bvps": 11165.9553962347,
  "book_value_per_share": 11165.9553962347,
  "market_cap": 410423225400.0,
  "debt_to_equity": 1.0627492105,
  "current_ratio": 1.1441725467,
  "quick_ratio": 1.1017175429,
  "cash_ratio": 0.0041259636,
  "interest_coverage": -1.195476922211679,
  "asset_turnover": 0.857972832,
  "inventory_turnover": 325.848623157,
  "fixed_asset_turnover": 2028.1536301781,
  "current_price": 5500.0,
  "working_capital": 112691383430.0
}