{
  "symbol": "MVB",
  "data_source": "VCI",
  "data_period": "year",
  "last_updated": "2025-11-17T14:22:25.546249",
  "name": "Tổng Công ty Công nghiệp mỏ Việt Bắc TKV - Công ty Cổ phần",
  "exchange": "HNX",
  "sector": "Tài nguyên Cơ bản",
  "shares_outstanding": 105000000.0,
  "charter_capital": 1050000000000.0,
  "revenue": 5273038459513.0,
  "revenue_ttm": 5273038459513.0,
  "net_income": 267025507393.0,
  "net_income_ttm": 267025507393.0,
  "total_assets": 3164306501793.0,
  "total_equity": 2072690139620.0,
  "total_liabilities": 1091616362173.0,
  "total_debt": 1091616362173.0,
  "current_assets": 1290552755844.0,
  "current_liabilities": 944476421622.0,
  "cash": 327949309104.0,
  "accounts_receivable": 481576819426.0,
  "fixed_assets": 1169791738503.0,
  "ppe": 1169791738503.0,
  "depreciation": 227446079063.0,
  "roe": 13.182482349999999,
  "roa": 7.17411019,
  "roic": 13.17636784,
  "net_profit_margin": 4.272531076359552,
  "net_margin": 4.272531076359552,
  "gross_profit_margin": 14.373757305578566,
  "gross_margin": 14.373757305578566,
  "ebit_margin": 5.816173396734102,
  "pe_ratio": 9.4763284516,
  "pb_ratio": 1.0628005612,
  "ps_ratio": 0.3468130368,
  "ev_ebitda": 3.2813028364,
  "ebitda": 533840235808.0,
  "dividend_per_share": 0.0,
  "eps": 2143.5768797714286,
  "eps_ttm": 2143.5768797714286,
  "earnings_per_share": 2143.5768797714286,
  "bvps": 16371.8393037714,
  "book_value_per_share": 16371.8393037714,
  "market_cap": 1827000000000.0,
  "debt_to_equity": 0.5266664521,
  "current_ratio": 1.3664213593,
  "quick_ratio": 0.8571162922,
  "cash_ratio": 0.3472286884,
  "interest_coverage": -17.08276025352553,
  "asset_turnover": 1.6791241676,
  "inventory_turnover": 11.071070123,
  "fixed_asset_turnover": 4.3521268331,
  "current_price": 17200.0,
  "working_capital": 346076334222.0
}