{
  "symbol": "NAF",
  "data_source": "VCI",
  "data_period": "year",
  "last_updated": "2025-11-17T16:39:33.036644",
  "name": "Công ty Cổ phần Nafoods Group",
  "exchange": "HSX",
  "sector": "Thực phẩm và đồ uống",
  "shares_outstanding": 61182054.0,
  "charter_capital": 682659870000.0,
  "revenue": 1458300976120.0,
  "revenue_ttm": 1458300976120.0,
  "net_income": 116383541845.0,
  "net_income_ttm": 116383541845.0,
  "total_assets": 2028985659371.0,
  "total_equity": 985006301967.0,
  "total_liabilities": 1043979357404.0,
  "total_debt": 1043979357404.0,
  "current_assets": 991065823419.0,
  "current_liabilities": 856499415826.0,
  "cash": 54365245778.0,
  "accounts_receivable": 571734030786.0,
  "fixed_assets": 654838549110.0,
  "ppe": 654838549110.0,
  "depreciation": 95853530478.0,
  "roe": 11.7882739,
  "roa": 5.70612241,
  "roic": 8.79185796,
  "net_profit_margin": 8.084972792492028,
  "net_margin": 8.084972792492028,
  "gross_profit_margin": 28.224052438996498,
  "gross_margin": 28.224052438996498,
  "ebit_margin": 11.212524727921151,
  "pe_ratio": 20.0278475021,
  "pb_ratio": 2.2462787645,
  "ps_ratio": 1.5382837204,
  "ev_ebitda": 11.6890675436,
  "ebitda": 256980149842.0,
  "dividend_per_share": 0.0,
  "eps": 1779.1017703571379,
  "eps_ttm": 1779.1017703571379,
  "earnings_per_share": 1779.1017703571379,
  "bvps": 15069.3674066176,
  "book_value_per_share": 15069.3674066176,
  "market_cap": 2210549911850.0,
  "debt_to_equity": 1.0598707392,
  "current_ratio": 1.1571120833,
  "quick_ratio": 0.7309979026,
  "cash_ratio": 0.0634737687,
  "interest_coverage": -3.101025064394827,
  "asset_turnover": 0.7057689075,
  "inventory_turnover": 4.2407558659,
  "fixed_asset_turnover": 2.1791427127,
  "current_price": 33800.0,
  "working_capital": 134566407593.0
}