{
  "symbol": "NAG",
  "data_source": "VCI",
  "data_period": "year",
  "last_updated": "2025-11-17T14:22:35.611268",
  "name": "Công ty Cổ phần Tập đoàn Nagakawa",
  "exchange": "HNX",
  "sector": "Hàng & Dịch vụ Công nghiệp",
  "shares_outstanding": 38620235.0,
  "charter_capital": 386202350000.0,
  "revenue": 2744023280166.0,
  "revenue_ttm": 2744023280166.0,
  "net_income": 26944177745.0,
  "net_income_ttm": 26944177745.0,
  "total_assets": 1805083492382.0,
  "total_equity": 428982421396.0,
  "total_liabilities": 1376101070986.0,
  "total_debt": 1376101070986.0,
  "current_assets": 1632242146601.0,
  "current_liabilities": 1374609613734.0,
  "cash": 71646409892.0,
  "accounts_receivable": 486437626352.0,
  "fixed_assets": 94436662507.0,
  "ppe": 94436662507.0,
  "depreciation": 11848781365.0,
  "roe": 6.81153798,
  "roa": 1.5884585100000002,
  "roic": 5.44846081,
  "net_profit_margin": 0.9904553053302647,
  "net_margin": 0.9904553053302647,
  "gross_profit_margin": 10.9205480005281,
  "gross_margin": 10.9205480005281,
  "ebit_margin": 3.133701288828948,
  "pe_ratio": 10.7705902787,
  "pb_ratio": 0.7099156495,
  "ps_ratio": 0.1066778828,
  "ev_ebitda": 13.9541851469,
  "ebitda": 97187446264.0,
  "dividend_per_share": 0.0,
  "eps": 789.1860873072201,
  "eps_ttm": 789.1860873072201,
  "earnings_per_share": 789.1860873072201,
  "bvps": 11973.2534513882,
  "book_value_per_share": 11973.2534513882,
  "market_cap": 290511036500.0,
  "debt_to_equity": 3.2078262473,
  "current_ratio": 1.1874223273,
  "quick_ratio": 0.405994568,
  "cash_ratio": 0.0521212781,
  "interest_coverage": -1.3396707247222504,
  "asset_turnover": 1.6037659685,
  "inventory_turnover": 3.2699025701,
  "fixed_asset_turnover": 27.6130345231,
  "current_price": 8700.0,
  "working_capital": 257632532867.0
}