{
  "symbol": "NAP",
  "data_source": "VCI",
  "data_period": "year",
  "last_updated": "2025-11-17T14:22:45.992750",
  "name": "Công ty Cổ phần Cảng Nghệ Tĩnh",
  "exchange": "HNX",
  "sector": "Hàng & Dịch vụ Công nghiệp",
  "shares_outstanding": 21517200.0,
  "charter_capital": 215172000000.0,
  "revenue": 208040982497.0,
  "revenue_ttm": 208040982497.0,
  "net_income": 16918982281.0,
  "net_income_ttm": 16918982281.0,
  "total_assets": 315028224664.0,
  "total_equity": 242709820339.0,
  "total_liabilities": 72318404325.0,
  "total_debt": 72318404325.0,
  "current_assets": 49628307046.0,
  "current_liabilities": 67618404325.0,
  "cash": 12413338128.0,
  "accounts_receivable": 27062537644.0,
  "fixed_assets": 214290229361.0,
  "ppe": 214290229361.0,
  "depreciation": 29985582410.0,
  "roe": 6.989565059999999,
  "roa": 5.41799449,
  "roic": 7.80768447,
  "net_profit_margin": 8.132523735434665,
  "net_margin": 8.132523735434665,
  "gross_profit_margin": 25.42418406563847,
  "gross_margin": 25.42418406563847,
  "ebit_margin": 9.349730072669933,
  "pe_ratio": 15.8334562978,
  "pb_ratio": 0.9663287611,
  "ps_ratio": 1.127361913,
  "ev_ebitda": 4.6229508823,
  "ebitda": 49436852714.0,
  "dividend_per_share": 0.0,
  "eps": 786.3003681241054,
  "eps_ttm": 786.3003681241054,
  "earnings_per_share": 786.3003681241054,
  "bvps": 11279.8050089696,
  "book_value_per_share": 11279.8050089696,
  "market_cap": 234537480000.0,
  "debt_to_equity": 0.2979624155,
  "current_ratio": 0.7339467345,
  "quick_ratio": 0.5838037168,
  "cash_ratio": 0.1835792822,
  "interest_coverage": -21.991799337956884,
  "asset_turnover": 0.6662131785,
  "inventory_turnover": 63.4617022546,
  "fixed_asset_turnover": 0.9972135228,
  "current_price": 11000.0,
  "working_capital": -17990097279.0
}