{
  "symbol": "NAV",
  "data_source": "VCI",
  "data_period": "year",
  "last_updated": "2025-11-17T16:39:41.817126",
  "name": "Công ty Cổ phần Nam Việt",
  "exchange": "HSX",
  "sector": "Xây dựng và Vật liệu",
  "shares_outstanding": 8000000.0,
  "charter_capital": 80000000000.0,
  "revenue": 106199394079.0,
  "revenue_ttm": 106199394079.0,
  "net_income": 19137891639.0,
  "net_income_ttm": 19137891639.0,
  "total_assets": 117856884421.0,
  "total_equity": 111513146988.0,
  "total_liabilities": 6343737433.0,
  "total_debt": 6343737433.0,
  "current_assets": 94103641039.0,
  "current_liabilities": 4010267433.0,
  "cash": 17632706116.0,
  "accounts_receivable": 46612228986.0,
  "fixed_assets": 9960487514.0,
  "ppe": 9960487514.0,
  "depreciation": 2291398289.0,
  "roe": 16.87607298,
  "roa": 16.04659688,
  "roic": 7.35860026,
  "net_profit_margin": 18.020716412716663,
  "net_margin": 18.020716412716663,
  "gross_profit_margin": 16.87172295792134,
  "gross_margin": 16.87172295792134,
  "ebit_margin": 7.726792411730554,
  "pe_ratio": 7.641907623,
  "pb_ratio": 1.2590443709,
  "ps_ratio": 1.3220414412,
  "ev_ebitda": 11.6952363742,
  "ebitda": 10497205012.0,
  "dividend_per_share": 0.0,
  "eps": 2392.236454875,
  "eps_ttm": 2392.236454875,
  "earnings_per_share": 2392.236454875,
  "bvps": 13939.1433735,
  "book_value_per_share": 13939.1433735,
  "market_cap": 140400000000.0,
  "debt_to_equity": 0.0568877985,
  "current_ratio": 23.4656771927,
  "quick_ratio": 16.0201124178,
  "cash_ratio": 4.3968903348,
  "interest_coverage": 0.0,
  "asset_turnover": 0.890452772,
  "inventory_turnover": 5.700474602,
  "fixed_asset_turnover": 10.0789739955,
  "current_price": 17500.0,
  "working_capital": 90093373606.0
}