{
  "symbol": "NBB",
  "data_source": "VCI",
  "data_period": "year",
  "last_updated": "2025-11-17T16:39:51.651428",
  "name": "Công ty Cổ phần Đầu tư Năm Bảy Bảy",
  "exchange": "HSX",
  "sector": "Bất động sản",
  "shares_outstanding": 100475656.0,
  "charter_capital": 1004756560000.0,
  "revenue": 64726492360.0,
  "revenue_ttm": 64726492360.0,
  "net_income": 438931588.0,
  "net_income_ttm": 438931588.0,
  "total_assets": 7753558810731.0,
  "total_equity": 1817921867279.0,
  "total_liabilities": 5935636943452.0,
  "total_debt": 5935636943452.0,
  "current_assets": 3389657485670.0,
  "current_liabilities": 2572141469918.0,
  "cash": 33130364876.0,
  "accounts_receivable": 1344674990862.0,
  "fixed_assets": 217601942685.0,
  "ppe": 217601942685.0,
  "depreciation": 12281481141.0,
  "roe": 0.04217593,
  "roa": 0.010433419999999999,
  "roic": 0.06171608,
  "net_profit_margin": 1.1818384545625948,
  "net_margin": 1.1818384545625948,
  "gross_profit_margin": 34.749492632633064,
  "gross_margin": 34.749492632633064,
  "ebit_margin": 5.958767191567308,
  "pe_ratio": 2635.0300619882,
  "pb_ratio": 1.0864977314,
  "ps_ratio": 30.4252986033,
  "ev_ebitda": 394.5685020026,
  "ebitda": 16138382132.0,
  "dividend_per_share": 0.0,
  "eps": 7.613412118453847,
  "eps_ttm": 7.613412118453847,
  "earnings_per_share": 7.613412118453847,
  "bvps": 18039.6142889279,
  "book_value_per_share": 18039.6142889279,
  "market_cap": 1969322857600.0,
  "debt_to_equity": 3.2650671353,
  "current_ratio": 1.317834779,
  "quick_ratio": 0.5356646871,
  "cash_ratio": 0.0128804598,
  "interest_coverage": -0.015290898252215053,
  "asset_turnover": 0.008828131,
  "inventory_turnover": 0.0240609994,
  "fixed_asset_turnover": 0.29456216,
  "current_price": 20000.0,
  "working_capital": 817516015752.0
}