{
  "symbol": "NBC",
  "data_source": "VCI",
  "data_period": "year",
  "last_updated": "2025-11-17T14:22:56.127484",
  "name": "Công ty Cổ phần Than Núi Béo - Vinacomin",
  "exchange": "HNX",
  "sector": "Tài nguyên Cơ bản",
  "shares_outstanding": 36999124.0,
  "charter_capital": 369991240000.0,
  "revenue": 2804842053734.0,
  "revenue_ttm": 2804842053734.0,
  "net_income": 37092704472.0,
  "net_income_ttm": 37092704472.0,
  "total_assets": 2570220921022.0,
  "total_equity": 525444082076.0,
  "total_liabilities": 2044776838946.0,
  "total_debt": 2044776838946.0,
  "current_assets": 1054753257675.0,
  "current_liabilities": 1898554094297.0,
  "cash": 6621963053.0,
  "accounts_receivable": 832116958051.0,
  "fixed_assets": 1272126938298.0,
  "ppe": 1272126938298.0,
  "depreciation": 380111508458.0,
  "roe": 6.74016412,
  "roa": 1.42719386,
  "roic": 7.023971319999999,
  "net_profit_margin": 1.322452521796,
  "net_margin": 1.322452521796,
  "gross_profit_margin": 10.040112198656685,
  "gross_margin": 10.040112198656685,
  "ebit_margin": 4.005008829800344,
  "pe_ratio": 16.5430935546,
  "pb_ratio": 0.5985443435,
  "ps_ratio": 0.1121248712,
  "ev_ebitda": 2.8058397045,
  "ebitda": 492445680372.0,
  "dividend_per_share": 0.0,
  "eps": 1002.5292618279287,
  "eps_ttm": 1002.5292618279287,
  "earnings_per_share": 1002.5292618279287,
  "bvps": 14201.1199210554,
  "book_value_per_share": 14201.1199210554,
  "market_cap": 314492554000.0,
  "debt_to_equity": 3.891521303,
  "current_ratio": 0.5555560734,
  "quick_ratio": 0.4417777316,
  "cash_ratio": 0.003487898,
  "interest_coverage": -1.6331005162381134,
  "asset_turnover": 1.0792023412,
  "inventory_turnover": 19.6197488571,
  "fixed_asset_turnover": 1.9694983556,
  "current_price": 8500.0,
  "working_capital": -843800836622.0
}