{
  "symbol": "NBP",
  "data_source": "VCI",
  "data_period": "year",
  "last_updated": "2025-11-17T14:24:15.136180",
  "name": "Công ty Cổ phần Nhiệt Điện Ninh Bình",
  "exchange": "HNX",
  "sector": "Điện, nước & xăng dầu khí đốt",
  "shares_outstanding": 12865500.0,
  "charter_capital": 128655000000.0,
  "revenue": 1160602794231.0,
  "revenue_ttm": 1160602794231.0,
  "net_income": -13109769003.0,
  "net_income_ttm": -13109769003.0,
  "total_assets": 475687340832.0,
  "total_equity": 227854826653.0,
  "total_liabilities": 247832514179.0,
  "total_debt": 247832514179.0,
  "current_assets": 369881586665.0,
  "current_liabilities": 247832514179.0,
  "cash": 24953699806.0,
  "accounts_receivable": 128374704299.0,
  "fixed_assets": 92967908020.0,
  "ppe": 92967908020.0,
  "depreciation": 17289829794.0,
  "roe": -5.49147827,
  "roa": -2.84889597,
  "roic": -4.16485001,
  "net_profit_margin": -1.1295655213105322,
  "net_margin": -1.1295655213105322,
  "gross_profit_margin": 1.7118202238315217,
  "gross_margin": 1.7118202238315217,
  "ebit_margin": -0.8176623239381241,
  "pe_ratio": -7.3602555452,
  "pb_ratio": 0.4234768752,
  "ps_ratio": 0.0831389089,
  "ev_ebitda": 9.1714596116,
  "ebitda": 7800018015.0,
  "dividend_per_share": 0.0,
  "eps": -1018.9863590999183,
  "eps_ttm": -1018.9863590999183,
  "earnings_per_share": -1018.9863590999183,
  "bvps": 17710.5302283627,
  "book_value_per_share": 17710.5302283627,
  "market_cap": 96491250000.0,
  "debt_to_equity": 1.0876772628,
  "current_ratio": 1.4924659417,
  "quick_ratio": 0.6186775154,
  "cash_ratio": 0.1006877564,
  "interest_coverage": 3.7914230609724155,
  "asset_turnover": 2.5221166182,
  "inventory_turnover": 8.7057706939,
  "fixed_asset_turnover": 11.4723721773,
  "current_price": 7700.0,
  "working_capital": 122049072486.0
}