{
  "symbol": "NBW",
  "data_source": "VCI",
  "data_period": "year",
  "last_updated": "2025-11-17T14:24:25.722123",
  "name": "Công ty Cổ phần Cấp nước Nhà Bè",
  "exchange": "HNX",
  "sector": "Điện, nước & xăng dầu khí đốt",
  "shares_outstanding": 10900000.0,
  "charter_capital": 109000000000.0,
  "revenue": 906053704717.0,
  "revenue_ttm": 906053704717.0,
  "net_income": 30307364688.0,
  "net_income_ttm": 30307364688.0,
  "total_assets": 325405714102.0,
  "total_equity": 182880002590.0,
  "total_liabilities": 142525711512.0,
  "total_debt": 142525711512.0,
  "current_assets": 126105314975.0,
  "current_liabilities": 142200711512.0,
  "cash": 25119312413.0,
  "accounts_receivable": 11676667775.0,
  "fixed_assets": 180220909709.0,
  "ppe": 180220909709.0,
  "depreciation": 35718668517.0,
  "roe": 16.831065780000003,
  "roa": 9.62148663,
  "roic": 20.39710461,
  "net_profit_margin": 3.344985460598752,
  "net_margin": 3.344985460598752,
  "gross_profit_margin": 31.7921538049416,
  "gross_margin": 31.7921538049416,
  "ebit_margin": 4.116999383568672,
  "pe_ratio": 19.3602982515,
  "pb_ratio": 2.0562663751,
  "ps_ratio": 0.4150416229,
  "ev_ebitda": 4.8058941569,
  "ebitda": 73020893955.0,
  "dividend_per_share": 0.0,
  "eps": 2780.4921732110092,
  "eps_ttm": 2780.4921732110092,
  "earnings_per_share": 2780.4921732110092,
  "bvps": 16777.9818889908,
  "book_value_per_share": 16777.9818889908,
  "market_cap": 376050000000.0,
  "debt_to_equity": 0.7793400563,
  "current_ratio": 0.8868121238,
  "quick_ratio": 0.2587608725,
  "cash_ratio": 0.1766468827,
  "asset_turnover": 2.8763911663,
  "inventory_turnover": 23.0660191262,
  "fixed_asset_turnover": 5.5521422024,
  "current_price": 31200.0,
  "working_capital": -16095396537.0
}