{
  "symbol": "NCT",
  "data_source": "VCI",
  "data_period": "year",
  "last_updated": "2025-11-17T16:41:14.663970",
  "name": "Công ty Cổ phần Dịch vụ Hàng hóa Nội Bài",
  "exchange": "HSX",
  "sector": "Hàng & Dịch vụ Công nghiệp",
  "shares_outstanding": 26166940.0,
  "charter_capital": 261669400000.0,
  "revenue": 920644864614.0,
  "revenue_ttm": 920644864614.0,
  "net_income": 266441450895.0,
  "net_income_ttm": 266441450895.0,
  "total_assets": 740874801677.0,
  "total_equity": 558373289838.0,
  "total_liabilities": 182501511839.0,
  "total_debt": 182501511839.0,
  "current_assets": 518817831800.0,
  "current_liabilities": 168421880785.0,
  "cash": 134153298000.0,
  "accounts_receivable": 74778897409.0,
  "fixed_assets": 91161688134.0,
  "ppe": 91161688134.0,
  "depreciation": 29573939175.0,
  "roe": 53.73018268999999,
  "roa": 41.132648970000005,
  "roic": 54.101520150000006,
  "net_profit_margin": 28.940741553662093,
  "net_margin": 28.940741553662093,
  "gross_profit_margin": 44.99035135504316,
  "gross_margin": 44.99035135504316,
  "ebit_margin": 32.812700045272834,
  "pe_ratio": 11.6718682021,
  "pb_ratio": 5.023692965,
  "ps_ratio": 3.0468816759,
  "ev_ebitda": 8.0531976328,
  "ebitda": 331662377083.0,
  "dividend_per_share": 0.0,
  "eps": 10182.369466777545,
  "eps_ttm": 10182.369466777545,
  "earnings_per_share": 10182.369466777545,
  "bvps": 21338.8837150236,
  "book_value_per_share": 21338.8837150236,
  "market_cap": 2805095968000.0,
  "debt_to_equity": 0.3268449891,
  "current_ratio": 3.0804657292,
  "quick_ratio": 1.2405288104,
  "cash_ratio": 0.7965312902,
  "asset_turnover": 1.4212714242,
  "inventory_turnover": 172.7880022822,
  "fixed_asset_turnover": 9.7860112395,
  "current_price": 99200.0,
  "working_capital": 350395951015.0
}