{
  "symbol": "NDN",
  "data_source": "VCI",
  "data_period": "year",
  "last_updated": "2025-11-17T14:24:35.960390",
  "name": "Công ty Cổ phần Đầu tư Phát triển Nhà Đà Nẵng",
  "exchange": "HNX",
  "sector": "Bất động sản",
  "shares_outstanding": 71657936.0,
  "charter_capital": 716579360000.0,
  "revenue": 55616946205.0,
  "revenue_ttm": 55616946205.0,
  "net_income": 36176027961.0,
  "net_income_ttm": 36176027961.0,
  "total_assets": 1277801391839.0,
  "total_equity": 1088770890332.0,
  "total_liabilities": 189030501507.0,
  "total_debt": 189030501507.0,
  "current_assets": 1011448565385.0,
  "current_liabilities": 187685784560.0,
  "cash": 97365245552.0,
  "accounts_receivable": 129543846132.0,
  "fixed_assets": 3340798105.0,
  "ppe": 3340798105.0,
  "depreciation": 0.0,
  "roe": 3.3785441800000005,
  "roa": 2.7795592300000003,
  "roic": 1.12661981,
  "net_profit_margin": 65.04497357272693,
  "net_margin": 65.04497357272693,
  "gross_profit_margin": 47.68967501781951,
  "gross_margin": 47.68967501781951,
  "ebit_margin": 22.05498394102273,
  "pe_ratio": 23.8099283144,
  "pb_ratio": 0.7832037447,
  "ps_ratio": 15.3321873383,
  "ev_ebitda": 36.3468725987,
  "ebitda": 20782095923.0,
  "dividend_per_share": 0.0,
  "eps": 504.84328715524265,
  "eps_ttm": 504.84328715524265,
  "earnings_per_share": 504.84328715524265,
  "bvps": 15194.0029410281,
  "book_value_per_share": 15194.0029410281,
  "market_cap": 852729438400.0,
  "debt_to_equity": 0.1736182545,
  "current_ratio": 5.3890526006,
  "quick_ratio": 4.1364642504,
  "cash_ratio": 3.4462476395,
  "interest_coverage": -2.851707174694056,
  "asset_turnover": 0.0427328827,
  "inventory_turnover": 0.2630808616,
  "fixed_asset_turnover": 15.2987964735,
  "current_price": 11700.0,
  "working_capital": 823762780825.0
}