{
  "symbol": "NDX",
  "data_source": "VCI",
  "data_period": "year",
  "last_updated": "2025-11-17T14:24:45.898824",
  "name": "Công ty Cổ phần Xây lắp Phát triển Nhà Đà Nẵng",
  "exchange": "HNX",
  "sector": "Xây dựng và Vật liệu",
  "shares_outstanding": 9987557.0,
  "charter_capital": 99875570000.0,
  "revenue": 48574095529.0,
  "revenue_ttm": 48574095529.0,
  "net_income": 66072013.0,
  "net_income_ttm": 66072013.0,
  "total_assets": 213547027442.0,
  "total_equity": 119884071410.0,
  "total_liabilities": 93662956032.0,
  "total_debt": 93662956032.0,
  "current_assets": 139950467041.0,
  "current_liabilities": 87132874952.0,
  "cash": 4602445954.0,
  "accounts_receivable": 125652773095.0,
  "fixed_assets": 45351229768.0,
  "ppe": 45351229768.0,
  "depreciation": 5075072826.0,
  "roe": 0.14000114,
  "roa": 0.07059799,
  "roic": -2.1363347299999997,
  "net_profit_margin": 0.3235791449913093,
  "net_margin": 0.3235791449913093,
  "gross_profit_margin": -0.3507704696184751,
  "gross_margin": -0.3507704696184751,
  "ebit_margin": -7.576951926573051,
  "pe_ratio": 393.9723243251,
  "pb_ratio": 0.5606235477,
  "ps_ratio": 1.2748122786,
  "ev_ebitda": 78.6687804062,
  "ebitda": 1394636959.0,
  "dividend_per_share": 0.0,
  "eps": 15.737146030806132,
  "eps_ttm": 15.737146030806132,
  "earnings_per_share": 15.737146030806132,
  "bvps": 11059.1144907609,
  "book_value_per_share": 11059.1144907609,
  "market_cap": 61922853400.0,
  "debt_to_equity": 0.7812794054,
  "current_ratio": 1.6061729527,
  "quick_ratio": 1.4949234482,
  "cash_ratio": 0.0528411898,
  "interest_coverage": 1.3749460227150772,
  "asset_turnover": 0.2181784182,
  "inventory_turnover": 11.4163827171,
  "fixed_asset_turnover": 1.0148947209,
  "current_price": 6200.0,
  "working_capital": 52817592089.0
}