{
  "symbol": "NFC",
  "data_source": "VCI",
  "data_period": "year",
  "last_updated": "2025-11-17T14:26:13.513739",
  "name": "Công ty Cổ phần Phân lân Ninh Bình",
  "exchange": "HNX",
  "sector": "Hóa chất",
  "shares_outstanding": 15731260.0,
  "charter_capital": 157312600000.0,
  "revenue": 914853215175.0,
  "revenue_ttm": 914853215175.0,
  "net_income": 44732600565.0,
  "net_income_ttm": 44732600565.0,
  "total_assets": 348901225209.0,
  "total_equity": 221684526497.0,
  "total_liabilities": 127216698712.0,
  "total_debt": 127216698712.0,
  "current_assets": 341311146403.0,
  "current_liabilities": 127216698712.0,
  "cash": 89566413589.0,
  "accounts_receivable": 59564369902.0,
  "fixed_assets": 7105627536.0,
  "ppe": 7105627536.0,
  "depreciation": 3227990446.0,
  "roe": 20.96147016,
  "roa": 14.000728460000001,
  "roic": 24.083419980000002,
  "net_profit_margin": 4.892118170884178,
  "net_margin": 4.892118170884178,
  "gross_profit_margin": 16.58169844343985,
  "gross_margin": 16.58169844343985,
  "ebit_margin": 5.838836735708609,
  "pe_ratio": 23.4448847917,
  "pb_ratio": 4.2577423644,
  "ps_ratio": 1.0322563221,
  "ev_ebitda": 15.0892148696,
  "ebitda": 56617205984.0,
  "dividend_per_share": 0.0,
  "eps": 2843.548486580223,
  "eps_ttm": 2843.548486580223,
  "earnings_per_share": 2843.548486580223,
  "bvps": 14091.975245276,
  "book_value_per_share": 14091.975245276,
  "market_cap": 943875600000.0,
  "debt_to_equity": 0.5738636824,
  "current_ratio": 2.6829115192,
  "quick_ratio": 1.1722579268,
  "cash_ratio": 0.704046045,
  "interest_coverage": -492.78709363977515,
  "asset_turnover": 2.8618949849,
  "inventory_turnover": 4.2622024426,
  "fixed_asset_turnover": 126.0262277048,
  "current_price": 60000.0,
  "working_capital": 214094447691.0
}