{
  "symbol": "NHA",
  "data_source": "VCI",
  "data_period": "year",
  "last_updated": "2025-11-17T16:41:25.163999",
  "name": "Tổng Công ty Đầu tư Phát triển Nhà và Đô thị Nam Hà Nội",
  "exchange": "HSX",
  "sector": "Xây dựng và Vật liệu",
  "shares_outstanding": 48591709.0,
  "charter_capital": 485917090000.0,
  "revenue": 160353679429.0,
  "revenue_ttm": 160353679429.0,
  "net_income": 63003683331.0,
  "net_income_ttm": 63003683331.0,
  "total_assets": 800671014397.0,
  "total_equity": 516013059821.0,
  "total_liabilities": 284657954576.0,
  "total_debt": 284657954576.0,
  "current_assets": 194006433766.0,
  "current_liabilities": 233769522502.0,
  "cash": 21633945852.0,
  "accounts_receivable": 57367291774.0,
  "fixed_assets": 62975113609.0,
  "ppe": 62975113609.0,
  "depreciation": 5723933930.0,
  "roe": 13.27759617,
  "roa": 8.48331598,
  "roic": 12.605600319999999,
  "net_profit_margin": 39.29045068086275,
  "net_margin": 39.29045068086275,
  "gross_profit_margin": 55.7817151383826,
  "gross_margin": 55.7817151383826,
  "ebit_margin": 50.987113427104646,
  "pe_ratio": 14.3383511287,
  "pb_ratio": 1.7506706794,
  "ps_ratio": 5.6336027787,
  "ev_ebitda": 11.594398439,
  "ebitda": 87483646345.0,
  "dividend_per_share": 0.0,
  "eps": 1426.244888025948,
  "eps_ttm": 1426.244888025948,
  "earnings_per_share": 1426.244888025948,
  "bvps": 11681.237505716,
  "book_value_per_share": 11681.237505716,
  "market_cap": 903368934000.0,
  "debt_to_equity": 0.5516487406,
  "current_ratio": 0.8299047356,
  "quick_ratio": 0.3379449844,
  "cash_ratio": 0.0925439109,
  "interest_coverage": -32.56765918946166,
  "asset_turnover": 0.2159129213,
  "inventory_turnover": 0.7551817003,
  "fixed_asset_turnover": 2.452520316,
  "current_price": 20900.0,
  "working_capital": -39763088736.0
}