{
  "symbol": "NHC",
  "data_source": "VCI",
  "data_period": "year",
  "last_updated": "2025-11-17T14:26:24.340733",
  "name": "Công ty Cổ phần Gạch ngói Nhị Hiệp",
  "exchange": "HNX",
  "sector": "Xây dựng và Vật liệu",
  "shares_outstanding": 3041542.0,
  "charter_capital": 30415420000.0,
  "revenue": 49641461608.0,
  "revenue_ttm": 49641461608.0,
  "net_income": 523621689.0,
  "net_income_ttm": 523621689.0,
  "total_assets": 94122343804.0,
  "total_equity": 54880259519.0,
  "total_liabilities": 39242084285.0,
  "total_debt": 39242084285.0,
  "current_assets": 24956780216.0,
  "current_liabilities": 38734606921.0,
  "cash": 8307354735.0,
  "accounts_receivable": 6574339003.0,
  "fixed_assets": 64636191678.0,
  "ppe": 64636191678.0,
  "depreciation": 3288948292.0,
  "roe": 1.00658694,
  "roa": 0.69018122,
  "roic": 2.38147904,
  "net_profit_margin": 1.105895916557014,
  "net_margin": 1.105895916557014,
  "gross_profit_margin": 14.035283003700636,
  "gross_margin": 14.035283003700636,
  "ebit_margin": 2.633418618482425,
  "pe_ratio": 125.4155469864,
  "pb_ratio": 1.1937936454,
  "ps_ratio": 1.3176172123,
  "ev_ebitda": 12.4209995743,
  "ebitda": 4595910170.0,
  "dividend_per_share": 0.0,
  "eps": 180.4527292406286,
  "eps_ttm": 180.4527292406286,
  "earnings_per_share": 180.4527292406286,
  "bvps": 18009.8127361056,
  "book_value_per_share": 18009.8127361056,
  "market_cap": 65393153000.0,
  "debt_to_equity": 0.7150491749,
  "current_ratio": 0.644301884,
  "quick_ratio": 0.3848686993,
  "cash_ratio": 0.2151409152,
  "interest_coverage": -24.07218857645375,
  "asset_turnover": 0.6240923853,
  "inventory_turnover": 5.4221425556,
  "fixed_asset_turnover": 1.367618869,
  "current_price": 20000.0,
  "working_capital": -13777826705.0
}