{
  "symbol": "NHH",
  "data_source": "VCI",
  "data_period": "year",
  "last_updated": "2025-11-17T16:41:34.834513",
  "name": "Công ty Cổ phần Nhựa Hà Nội",
  "exchange": "HSX",
  "sector": "Hóa chất",
  "shares_outstanding": 112964000.0,
  "charter_capital": 1129640000000.0,
  "revenue": 2098726472452.0,
  "revenue_ttm": 2098726472452.0,
  "net_income": 87854703191.0,
  "net_income_ttm": 87854703191.0,
  "total_assets": 1930231139346.0,
  "total_equity": 1356545653310.0,
  "total_liabilities": 573685486036.0,
  "total_debt": 573685486036.0,
  "current_assets": 835183275843.0,
  "current_liabilities": 511697586717.0,
  "cash": 191950270642.0,
  "accounts_receivable": 378616624372.0,
  "fixed_assets": 828896685347.0,
  "ppe": 828896685347.0,
  "depreciation": 107615606434.0,
  "roe": 6.35940858,
  "roa": 4.29310735,
  "roic": 10.70913765,
  "net_profit_margin": 4.101731020428904,
  "net_margin": 4.101731020428904,
  "gross_profit_margin": 18.62957445068299,
  "gross_margin": 18.62957445068299,
  "ebit_margin": 8.495651100754916,
  "pe_ratio": 11.0227770523,
  "pb_ratio": 0.6101442376,
  "ps_ratio": 0.3944803515,
  "ev_ebitda": 3.2971048526,
  "ebitda": 285761377603.0,
  "dividend_per_share": 0.0,
  "eps": 1180.1512269484083,
  "eps_ttm": 1180.1512269484083,
  "earnings_per_share": 1180.1512269484083,
  "bvps": 18602.1588034303,
  "book_value_per_share": 18602.1588034303,
  "market_cap": 827188000000.0,
  "debt_to_equity": 0.422901717,
  "current_ratio": 1.6321813851,
  "quick_ratio": 1.1150470704,
  "cash_ratio": 0.37512444,
  "interest_coverage": -8.40168554664429,
  "asset_turnover": 1.0466574552,
  "inventory_turnover": 7.5241943301,
  "fixed_asset_turnover": 2.5766383614,
  "current_price": 11400.0,
  "working_capital": 323485689126.0
}