{
  "symbol": "NHT",
  "data_source": "VCI",
  "data_period": "year",
  "last_updated": "2025-11-17T16:41:43.842051",
  "name": "Công ty Cổ phần Sản xuất và Thương mại Nam Hoa",
  "exchange": "HSX",
  "sector": "Hàng cá nhân & Gia dụng",
  "shares_outstanding": 24028169.0,
  "charter_capital": 240281690000.0,
  "revenue": 353270820594.0,
  "revenue_ttm": 353270820594.0,
  "net_income": 8823848929.0,
  "net_income_ttm": 8823848929.0,
  "total_assets": 555207933031.0,
  "total_equity": 361780157583.0,
  "total_liabilities": 193427775448.0,
  "total_debt": 193427775448.0,
  "current_assets": 160322122520.0,
  "current_liabilities": 148750963118.0,
  "cash": 12291520588.0,
  "accounts_receivable": 76755933418.0,
  "fixed_assets": 129292383780.0,
  "ppe": 129292383780.0,
  "depreciation": 26543309965.0,
  "roe": 8.28952495,
  "roa": 3.9093601700000002,
  "roic": 4.65066943,
  "net_profit_margin": 6.409849323281606,
  "net_margin": 6.409849323281606,
  "gross_profit_margin": 17.668269292600407,
  "gross_margin": 17.668269292600407,
  "ebit_margin": 6.299606291779389,
  "pe_ratio": 11.1807192774,
  "pb_ratio": 0.9315968189,
  "ps_ratio": 0.7166672589,
  "ev_ebitda": 7.2881796687,
  "ebitda": 48720464406.0,
  "dividend_per_share": 0.0,
  "eps": 939.1166828816628,
  "eps_ttm": 939.1166828816628,
  "earnings_per_share": 939.1166828816628,
  "bvps": 11270.9702166237,
  "book_value_per_share": 11270.9702166237,
  "market_cap": 252295774500.0,
  "debt_to_equity": 0.5346555675,
  "current_ratio": 1.0777888032,
  "quick_ratio": 0.5986344703,
  "cash_ratio": 0.0826315362,
  "interest_coverage": -2.807499377812238,
  "asset_turnover": 0.609898918,
  "inventory_turnover": 3.3620149873,
  "fixed_asset_turnover": 1.9694926557,
  "current_price": 10400.0,
  "working_capital": 11571159402.0
}