{
  "symbol": "NNC",
  "data_source": "VCI",
  "data_period": "year",
  "last_updated": "2025-11-17T16:43:21.780228",
  "name": "Công ty Cổ phần Đá Núi Nhỏ",
  "exchange": "HSX",
  "sector": "Xây dựng và Vật liệu",
  "shares_outstanding": 21920000.0,
  "charter_capital": 219200000000.0,
  "revenue": 280070334347.0,
  "revenue_ttm": 280070334347.0,
  "net_income": 62607149256.0,
  "net_income_ttm": 62607149256.0,
  "total_assets": 485884969241.0,
  "total_equity": 420977695264.0,
  "total_liabilities": 64907273977.0,
  "total_debt": 64907273977.0,
  "current_assets": 236735767992.0,
  "current_liabilities": 57649174215.0,
  "cash": 96678014272.0,
  "accounts_receivable": 21514890115.0,
  "fixed_assets": 55252226323.0,
  "ppe": 55252226323.0,
  "depreciation": 0.0,
  "roe": 15.743438970000001,
  "roa": 13.65002231,
  "roic": 16.31602724,
  "net_profit_margin": 22.354080949691493,
  "net_margin": 22.354080949691493,
  "gross_profit_margin": 31.585347682842713,
  "gross_margin": 31.585347682842713,
  "ebit_margin": 24.524852151209547,
  "pe_ratio": 19.8278347646,
  "pb_ratio": 2.8013265626,
  "ps_ratio": 4.2107137221,
  "ev_ebitda": 13.7377085068,
  "ebitda": 78806300570.0,
  "dividend_per_share": 0.0,
  "eps": 2856.165568248175,
  "eps_ttm": 2856.165568248175,
  "earnings_per_share": 2856.165568248175,
  "bvps": 19205.1868277372,
  "book_value_per_share": 19205.1868277372,
  "market_cap": 1179296000000.0,
  "debt_to_equity": 0.1541822161,
  "current_ratio": 4.1064901833,
  "quick_ratio": 2.0502120973,
  "cash_ratio": 1.6770083107,
  "interest_coverage": -27114.790743044236,
  "asset_turnover": 0.6106277571,
  "inventory_turnover": 6.8002076236,
  "fixed_asset_turnover": 5.2347889337,
  "current_price": 53900.0,
  "working_capital": 179086593777.0
}