{
  "symbol": "NO1",
  "data_source": "VCI",
  "data_period": "year",
  "last_updated": "2025-11-17T16:43:30.119991",
  "name": "Công ty Cổ phần Tâp đoàn 911",
  "exchange": "HSX",
  "sector": "Hàng & Dịch vụ Công nghiệp",
  "shares_outstanding": 24000000.0,
  "charter_capital": 240000000000.0,
  "revenue": 802345438436.0,
  "revenue_ttm": 802345438436.0,
  "net_income": 18034938891.0,
  "net_income_ttm": 18034938891.0,
  "total_assets": 537731592625.0,
  "total_equity": 314589391490.0,
  "total_liabilities": 223142201135.0,
  "total_debt": 223142201135.0,
  "current_assets": 458760647718.0,
  "current_liabilities": 220365727846.0,
  "cash": 105537221329.0,
  "accounts_receivable": 83309018552.0,
  "fixed_assets": 26994218117.0,
  "ppe": 26994218117.0,
  "depreciation": 8852465523.0,
  "roe": 5.78837104,
  "roa": 3.69493084,
  "roic": 5.2025326199999995,
  "net_profit_margin": 2.2477773321868995,
  "net_margin": 2.2477773321868995,
  "gross_profit_margin": 6.621685595242265,
  "gross_margin": 6.621685595242265,
  "ebit_margin": 2.394585045370397,
  "pe_ratio": 9.0357944091,
  "pb_ratio": 0.5180085674,
  "ps_ratio": 0.2031045385,
  "ev_ebitda": 3.9953698252,
  "ebitda": 28065309404.0,
  "dividend_per_share": 0.0,
  "eps": 751.455787125,
  "eps_ttm": 751.455787125,
  "earnings_per_share": 751.455787125,
  "bvps": 13107.8913120833,
  "book_value_per_share": 13107.8913120833,
  "market_cap": 162960000000.0,
  "debt_to_equity": 0.7093125425,
  "current_ratio": 2.0818148639,
  "quick_ratio": 0.8569673775,
  "cash_ratio": 0.4789184886,
  "interest_coverage": -3.8339316237269396,
  "asset_turnover": 1.643815331,
  "inventory_turnover": 4.9096004843,
  "fixed_asset_turnover": 14.1192730765,
  "current_price": 7200.0,
  "working_capital": 238394919872.0
}