{
  "symbol": "NRC",
  "data_source": "VCI",
  "data_period": "year",
  "last_updated": "2025-11-17T14:26:34.503465",
  "name": "Công ty Cổ phần Tập đoàn NRC",
  "exchange": "HNX",
  "sector": "Bất động sản",
  "shares_outstanding": 92597762.0,
  "charter_capital": 925977620000.0,
  "revenue": 5149234224.0,
  "revenue_ttm": 5149234224.0,
  "net_income": -137296581082.0,
  "net_income_ttm": -137296581082.0,
  "total_assets": 1929368276887.0,
  "total_equity": 1155973977028.0,
  "total_liabilities": 773394299859.0,
  "total_debt": 773394299859.0,
  "current_assets": 399050602046.0,
  "current_liabilities": 565447424723.0,
  "cash": 470453855.0,
  "accounts_receivable": 387070487913.0,
  "fixed_assets": 66906158723.0,
  "ppe": 66906158723.0,
  "depreciation": 1397456018.0,
  "roe": -12.742591419999998,
  "roa": -6.84037206,
  "roic": -5.11116342,
  "net_profit_margin": -26.6520165719694,
  "net_margin": -26.6520165719694,
  "gross_profit_margin": 88.06126992369651,
  "gross_margin": 88.06126992369651,
  "ebit_margin": -14.986605686010837,
  "pe_ratio": -4.318249611,
  "pb_ratio": 0.5878857464,
  "ps_ratio": 115.0900601953,
  "ev_ebitda": -12.4848703046,
  "ebitda": -75772086882.0,
  "dividend_per_share": 0.0,
  "eps": -1482.0819953618318,
  "eps_ttm": -1482.0819953618318,
  "earnings_per_share": -1482.0819953618318,
  "bvps": 10886.4690791663,
  "book_value_per_share": 10886.4690791663,
  "market_cap": 592625676800.0,
  "debt_to_equity": 0.6690412719,
  "current_ratio": 0.7057253859,
  "quick_ratio": 0.6853704249,
  "cash_ratio": 0.0008320028,
  "interest_coverage": 1.4479771226023108,
  "asset_turnover": 0.0025665495,
  "inventory_turnover": 0.0570641436,
  "fixed_asset_turnover": 0.0762860966,
  "current_price": 6600.0,
  "working_capital": -166396822677.0
}