{
  "symbol": "NSC",
  "data_source": "VCI",
  "data_period": "year",
  "last_updated": "2025-11-17T16:43:38.567150",
  "name": "Công ty Cổ phần Tập đoàn Giống cây trồng Việt Nam",
  "exchange": "HSX",
  "sector": "Thực phẩm và đồ uống",
  "shares_outstanding": 17586988.0,
  "charter_capital": 175869880000.0,
  "revenue": 2594400629388.0,
  "revenue_ttm": 2594400629388.0,
  "net_income": 225577807523.0,
  "net_income_ttm": 225577807523.0,
  "total_assets": 2154864352409.0,
  "total_equity": 1520644894426.0,
  "total_liabilities": 634219457983.0,
  "total_debt": 634219457983.0,
  "current_assets": 1290546146074.0,
  "current_liabilities": 601584763565.0,
  "cash": 278670806878.0,
  "accounts_receivable": 444365279534.0,
  "fixed_assets": 767788543772.0,
  "ppe": 767788543772.0,
  "depreciation": 80708186129.0,
  "roe": 15.661609239999999,
  "roa": 9.96104241,
  "roic": 17.120602209999998,
  "net_profit_margin": 8.90061651299655,
  "net_margin": 8.90061651299655,
  "gross_profit_margin": 29.641541579114683,
  "gross_margin": 29.641541579114683,
  "ebit_margin": 11.998559496601455,
  "pe_ratio": 6.8313703219,
  "pb_ratio": 0.972497985,
  "ps_ratio": 0.5666743448,
  "ev_ebitda": 3.4829099943,
  "ebitda": 374516464731.0,
  "dividend_per_share": 0.0,
  "eps": 12392.631664899072,
  "eps_ttm": 12392.631664899072,
  "earnings_per_share": 12392.631664899072,
  "bvps": 81131.2735048776,
  "book_value_per_share": 81131.2735048776,
  "market_cap": 1387613353200.0,
  "debt_to_equity": 0.4170726909,
  "current_ratio": 2.1452440691,
  "quick_ratio": 1.2018856364,
  "cash_ratio": 0.4632278338,
  "interest_coverage": -16.422875206641418,
  "asset_turnover": 1.1191407236,
  "inventory_turnover": 3.418488707,
  "fixed_asset_turnover": 3.2417359009,
  "current_price": 78900.0,
  "working_capital": 688961382509.0
}