{
  "symbol": "NSH",
  "data_source": "VCI",
  "data_period": "year",
  "last_updated": "2025-11-17T14:27:02.248219",
  "name": "Công ty Cổ phần Tập đoàn Nhôm Sông Hồng Shalumi",
  "exchange": "HNX",
  "sector": "Tài nguyên Cơ bản",
  "shares_outstanding": 20693437.0,
  "charter_capital": 206934370000.0,
  "revenue": 1013058486509.0,
  "revenue_ttm": 1013058486509.0,
  "net_income": 1874395707.0,
  "net_income_ttm": 1874395707.0,
  "total_assets": 912241314817.0,
  "total_equity": 238114394630.0,
  "total_liabilities": 674126920187.0,
  "total_debt": 674126920187.0,
  "current_assets": 779580637754.0,
  "current_liabilities": 668549478879.0,
  "cash": 7457742138.0,
  "accounts_receivable": 177243540732.0,
  "fixed_assets": 118950395539.0,
  "ppe": 118950395539.0,
  "depreciation": 14463461796.0,
  "roe": 0.7902933900000001,
  "roa": 0.20653964,
  "roic": 4.9657506,
  "net_profit_margin": 0.1850351761578173,
  "net_margin": 0.1850351761578173,
  "gross_profit_margin": 4.618781279396554,
  "gross_margin": 4.618781279396554,
  "ebit_margin": 3.5746639474335735,
  "pe_ratio": 48.5762544483,
  "pb_ratio": 0.3823839501,
  "ps_ratio": 0.089883158,
  "ev_ebitda": 11.340924723,
  "ebitda": 50674602273.0,
  "dividend_per_share": 0.0,
  "eps": 90.5792356774759,
  "eps_ttm": 90.5792356774759,
  "earnings_per_share": 90.5792356774759,
  "bvps": 11506.7591057976,
  "book_value_per_share": 11506.7591057976,
  "market_cap": 91051122800.0,
  "debt_to_equity": 2.8311052813,
  "current_ratio": 1.1660776986,
  "quick_ratio": 0.2762716728,
  "cash_ratio": 0.0111551087,
  "interest_coverage": -1.0745771177196581,
  "asset_turnover": 1.1162182576,
  "inventory_turnover": 1.5813308498,
  "fixed_asset_turnover": 8.0737420488,
  "current_price": 4500.0,
  "working_capital": 111031158875.0
}