{
  "symbol": "NST",
  "data_source": "VCI",
  "data_period": "year",
  "last_updated": "2025-11-17T14:27:15.296665",
  "name": "Công ty Cổ phần Ngân Sơn",
  "exchange": "HNX",
  "sector": "Hàng cá nhân & Gia dụng",
  "shares_outstanding": 11202003.0,
  "charter_capital": 112020030000.0,
  "revenue": 869476126115.0,
  "revenue_ttm": 869476126115.0,
  "net_income": 18311183029.0,
  "net_income_ttm": 18311183029.0,
  "total_assets": 295559598503.0,
  "total_equity": 187817087087.0,
  "total_liabilities": 107742511416.0,
  "total_debt": 107742511416.0,
  "current_assets": 227798019674.0,
  "current_liabilities": 107742511416.0,
  "cash": 5877816683.0,
  "accounts_receivable": 82525434456.0,
  "fixed_assets": 42430530309.0,
  "ppe": 42430530309.0,
  "depreciation": 12977275282.0,
  "roe": 9.95967351,
  "roa": 5.491822679999999,
  "roic": 10.46098121,
  "net_profit_margin": 2.1060018186834144,
  "net_margin": 2.1060018186834144,
  "gross_profit_margin": 15.205816729752659,
  "gross_margin": 15.205816729752659,
  "ebit_margin": 2.9128947418218325,
  "pe_ratio": 12.8857173568,
  "pb_ratio": 0.7753609709,
  "ps_ratio": 0.1674871047,
  "ev_ebitda": 5.0657534653,
  "ebitda": 38304199641.0,
  "dividend_per_share": 0.0,
  "eps": 1634.6347192551189,
  "eps_ttm": 1634.6347192551189,
  "earnings_per_share": 1634.6347192551189,
  "bvps": 16766.384287435,
  "book_value_per_share": 16766.384287435,
  "market_cap": 145626039000.0,
  "debt_to_equity": 0.573656599,
  "current_ratio": 2.1142816951,
  "quick_ratio": 0.8205048312,
  "cash_ratio": 0.0545542944,
  "interest_coverage": -7.004516771326035,
  "asset_turnover": 2.6077008248,
  "inventory_turnover": 7.0019990509,
  "fixed_asset_turnover": 18.5276806358,
  "current_price": 13000.0,
  "working_capital": 120055508258.0
}