{
  "symbol": "NT2",
  "data_source": "VCI",
  "data_period": "year",
  "last_updated": "2025-11-17T16:43:46.911968",
  "name": "Công ty Cổ phần Điện lực Dầu khí Nhơn Trạch 2",
  "exchange": "HSX",
  "sector": "Điện, nước & xăng dầu khí đốt",
  "shares_outstanding": 287876029.0,
  "charter_capital": 2878760290000.0,
  "revenue": 5943678536835.0,
  "revenue_ttm": 5943678536835.0,
  "net_income": 82893960390.0,
  "net_income_ttm": 82893960390.0,
  "total_assets": 8697847050278.0,
  "total_equity": 4189080110421.0,
  "total_liabilities": 4508766939857.0,
  "total_debt": 4508766939857.0,
  "current_assets": 5773811804064.0,
  "current_liabilities": 4508766939857.0,
  "cash": 56958238240.0,
  "accounts_receivable": 2988656591746.0,
  "fixed_assets": 1441668582940.0,
  "ppe": 1441668582940.0,
  "depreciation": 687070057755.0,
  "roe": 1.9447424299999998,
  "roa": 0.9667497199999999,
  "roic": -0.57188057,
  "net_profit_margin": 1.394657531969098,
  "net_margin": 1.394657531969098,
  "gross_profit_margin": 0.8666828465193294,
  "gross_margin": 0.8666828465193294,
  "ebit_margin": -0.4989286062531755,
  "pe_ratio": 84.215950962,
  "pb_ratio": 1.6664741469,
  "ps_ratio": 1.1745241032,
  "ev_ebitda": 12.0478300011,
  "ebitda": 657415345271.0,
  "dividend_per_share": 0.0,
  "eps": 287.9502009179097,
  "eps_ttm": 287.9502009179097,
  "earnings_per_share": 287.9502009179097,
  "bvps": 14551.6808918502,
  "book_value_per_share": 14551.6808918502,
  "market_cap": 6980993703250.0,
  "debt_to_equity": 1.076314327,
  "current_ratio": 1.2805744633,
  "quick_ratio": 0.6754873052,
  "cash_ratio": 0.012632775,
  "interest_coverage": 0.8489798739618689,
  "asset_turnover": 0.6931807258,
  "inventory_turnover": 19.8738559682,
  "fixed_asset_turnover": 3.3327115729,
  "current_price": 24150.0,
  "working_capital": 1265044864207.0
}