{
  "symbol": "NTC",
  "data_source": "VCI",
  "data_period": "year",
  "last_updated": "2025-11-17T16:44:14.071374",
  "name": "Công ty Cổ phần Khu Công nghiệp Nam Tân Uyên",
  "exchange": "HSX",
  "sector": "Bất động sản",
  "shares_outstanding": 23999980.0,
  "charter_capital": 239999800000.0,
  "revenue": 367858654446.0,
  "revenue_ttm": 367858654446.0,
  "net_income": 292659902504.0,
  "net_income_ttm": 292659902504.0,
  "total_assets": 7356705577453.0,
  "total_equity": 1110768128491.0,
  "total_liabilities": 6245937448962.0,
  "total_debt": 6245937448962.0,
  "current_assets": 1904586374638.0,
  "current_liabilities": 2866492049705.0,
  "cash": 20206110831.0,
  "accounts_receivable": 88802206920.0,
  "fixed_assets": 26095876069.0,
  "ppe": 26095876069.0,
  "depreciation": 0.0,
  "roe": 28.258600169999998,
  "roa": 4.9106390200000005,
  "roic": 3.9767183999999998,
  "net_profit_margin": 79.55770483224043,
  "net_margin": 79.55770483224043,
  "gross_profit_margin": 60.72013137040082,
  "gross_margin": 60.72013137040082,
  "ebit_margin": 40.8468723780039,
  "pe_ratio": 13.3617438818,
  "pb_ratio": 3.4808315785,
  "ps_ratio": 10.5105499932,
  "ev_ebitda": 28.0902040412,
  "ebitda": 231891643190.0,
  "dividend_per_share": 0.0,
  "eps": 12194.172766143973,
  "eps_ttm": 12194.172766143973,
  "earnings_per_share": 12194.172766143973,
  "bvps": 46282.0439221616,
  "book_value_per_share": 46282.0439221616,
  "market_cap": 3866396778000.0,
  "debt_to_equity": 5.6230794607,
  "current_ratio": 0.6644310682,
  "quick_ratio": 0.0380284738,
  "cash_ratio": 0.0070490727,
  "interest_coverage": -19.897984122672078,
  "asset_turnover": 0.0617242419,
  "inventory_turnover": 286.832659556,
  "fixed_asset_turnover": 12.5115591084,
  "current_price": 161900.0,
  "working_capital": -961905675067.0
}