{
  "symbol": "NTH",
  "data_source": "VCI",
  "data_period": "year",
  "last_updated": "2025-11-17T14:27:27.371829",
  "name": "Công ty Cổ phần Thủy điện Nước Trong",
  "exchange": "HNX",
  "sector": "Điện, nước & xăng dầu khí đốt",
  "shares_outstanding": 10802053.0,
  "charter_capital": 108020530000.0,
  "revenue": 107631651286.0,
  "revenue_ttm": 107631651286.0,
  "net_income": 51283995995.0,
  "net_income_ttm": 51283995995.0,
  "total_assets": 203890988182.0,
  "total_equity": 186584849006.0,
  "total_liabilities": 17306139176.0,
  "total_debt": 17306139176.0,
  "current_assets": 37867702215.0,
  "current_liabilities": 17306139176.0,
  "cash": 21156348340.0,
  "accounts_receivable": 15856202173.0,
  "fixed_assets": 164094162100.0,
  "ppe": 164094162100.0,
  "roe": 28.148814039999998,
  "roa": 23.3910408,
  "roic": 29.57171494,
  "net_profit_margin": 47.64769041657422,
  "net_margin": 47.64769041657422,
  "gross_profit_margin": 55.60192318240895,
  "gross_margin": 55.60192318240895,
  "ebit_margin": 51.26404640618662,
  "pe_ratio": 12.6379228079,
  "pb_ratio": 3.2999304299,
  "ps_ratio": 5.7205943943,
  "ev_ebitda": 7.9603552924,
  "ebitda": 74690218064.0,
  "dividend_per_share": 0.0,
  "eps": 4747.61566111553,
  "eps_ttm": 4747.61566111553,
  "earnings_per_share": 4747.61566111553,
  "bvps": 17273.0914212326,
  "book_value_per_share": 17273.0914212326,
  "market_cap": 615717021000.0,
  "debt_to_equity": 0.0927521139,
  "current_ratio": 2.1881080367,
  "quick_ratio": 2.1386948375,
  "cash_ratio": 1.2224764937,
  "interest_coverage": -43.16663697687783,
  "asset_turnover": 0.4909165712,
  "inventory_turnover": 66.1253580525,
  "fixed_asset_turnover": 0.6198062377,
  "current_price": 57800.0,
  "working_capital": 20561563039.0
}