{
  "symbol": "NTL",
  "data_source": "VCI",
  "data_period": "year",
  "last_updated": "2025-11-17T16:44:22.311856",
  "name": "Công ty Cổ phần Phát triển Đô thị Từ Liêm",
  "exchange": "HSX",
  "sector": "Bất động sản",
  "shares_outstanding": 121979900.0,
  "charter_capital": 1219799000000.0,
  "revenue": 1441314355785.0,
  "revenue_ttm": 1441314355785.0,
  "net_income": 620095406671.0,
  "net_income_ttm": 620095406671.0,
  "total_assets": 2178124954026.0,
  "total_equity": 1757931102996.0,
  "total_liabilities": 420193851030.0,
  "total_debt": 420193851030.0,
  "current_assets": 2117847681181.0,
  "current_liabilities": 409333618030.0,
  "cash": 577047733383.0,
  "accounts_receivable": 104865591430.0,
  "fixed_assets": 48004820641.0,
  "ppe": 48004820641.0,
  "depreciation": 4685975309.0,
  "roe": 38.51390837,
  "roa": 29.43402578,
  "roic": 47.1106286,
  "net_profit_margin": 43.02291198183967,
  "net_margin": 43.02291198183967,
  "gross_profit_margin": 61.022847873319805,
  "gross_margin": 61.022847873319805,
  "ebit_margin": 57.45952571505074,
  "pe_ratio": 3.7478414617,
  "pb_ratio": 1.255928737,
  "ps_ratio": 1.5318214109,
  "ev_ebitda": 1.9580621614,
  "ebitda": 832858368206.0,
  "dividend_per_share": 0.0,
  "eps": 5083.58677676404,
  "eps_ttm": 5083.58677676404,
  "earnings_per_share": 5083.58677676404,
  "bvps": 14411.6457137282,
  "book_value_per_share": 14411.6457137282,
  "market_cap": 2207836190000.0,
  "debt_to_equity": 0.2390274854,
  "current_ratio": 5.1738913881,
  "quick_ratio": 2.0157034518,
  "cash_ratio": 1.7595173317,
  "interest_coverage": -5903.619317267791,
  "asset_turnover": 0.6841476883,
  "inventory_turnover": 0.7438604046,
  "fixed_asset_turnover": 29.5531959276,
  "current_price": 18350.0,
  "working_capital": 1708514063151.0
}