{
  "symbol": "NTP",
  "data_source": "VCI",
  "data_period": "year",
  "last_updated": "2025-11-17T14:27:39.361531",
  "name": "Công ty Cổ phần Nhựa Thiếu niên Tiền Phong",
  "exchange": "HNX",
  "sector": "Xây dựng và Vật liệu",
  "shares_outstanding": 171038220.0,
  "charter_capital": 1710382200000.0,
  "revenue": 5828549177536.0,
  "revenue_ttm": 5828549177536.0,
  "net_income": 735659511537.0,
  "net_income_ttm": 735659511537.0,
  "total_assets": 6414871527523.0,
  "total_equity": 3666374210005.0,
  "total_liabilities": 2748497317518.0,
  "total_debt": 2748497317518.0,
  "current_assets": 4472882423054.0,
  "current_liabilities": 2748497317518.0,
  "cash": 532864832803.0,
  "accounts_receivable": 428249651492.0,
  "fixed_assets": 1265480616982.0,
  "ppe": 1265480616982.0,
  "depreciation": 152906892624.0,
  "roe": 21.69487567,
  "roa": 12.39676676,
  "roic": 17.6743118,
  "net_profit_margin": 13.005413457050821,
  "net_margin": 13.005413457050821,
  "gross_profit_margin": 31.290184694310135,
  "gross_margin": 31.290184694310135,
  "ebit_margin": 16.085707202213058,
  "pe_ratio": 13.6837653787,
  "pb_ratio": 2.4802595694,
  "ps_ratio": 1.6076119739,
  "ev_ebitda": 9.4490135027,
  "ebitda": 1062805185530.0,
  "dividend_per_share": 0.0,
  "eps": 5161.353560692257,
  "eps_ttm": 5161.353560692257,
  "earnings_per_share": 5161.353560692257,
  "bvps": 25723.1141402673,
  "book_value_per_share": 25723.1141402673,
  "market_cap": 9093559719200.0,
  "debt_to_equity": 0.7496499703,
  "current_ratio": 1.6273919551,
  "quick_ratio": 0.3496872557,
  "cash_ratio": 0.1938749692,
  "interest_coverage": -18.589856542573656,
  "asset_turnover": 0.9532005114,
  "inventory_turnover": 3.5924050008,
  "fixed_asset_turnover": 4.3612182038,
  "current_price": 63500.0,
  "working_capital": 1724385105536.0
}