{
  "symbol": "NVB",
  "data_source": "VCI",
  "data_period": "year",
  "last_updated": "2025-11-17T14:27:49.577591",
  "name": "Ngân hàng Thương mại Cổ phần Quốc Dân",
  "exchange": "HNX",
  "sector": "Ngân hàng",
  "shares_outstanding": 1177984751.0,
  "charter_capital": 19279847510000.0,
  "revenue": 2928691000000.0,
  "revenue_ttm": 2928691000000.0,
  "net_income": -5128938000000.0,
  "net_income_ttm": -5128938000000.0,
  "total_assets": 118498716000000.0,
  "total_equity": 6092846000000.0,
  "total_liabilities": 112405870000000.0,
  "total_debt": 112405870000000.0,
  "cash": 296645000000.0,
  "fixed_assets": 922110000000.0,
  "ppe": 922110000000.0,
  "roe": -91.69036421,
  "roa": -4.77669908,
  "net_profit_margin": 2.877880229582318,
  "net_margin": 2.877880229582318,
  "pe_ratio": -3.169504143,
  "pb_ratio": 2.6680783069,
  "ps_ratio": -11.0398725431,
  "dividend_per_share": 0.0,
  "eps": -4353.993362223349,
  "eps_ttm": -4353.993362223349,
  "earnings_per_share": -4353.993362223349,
  "bvps": 5172.2619850443,
  "book_value_per_share": 5172.2619850443,
  "market_cap": 16256190240000.0,
  "current_price": 14200.0
}