{
  "symbol": "NVT",
  "data_source": "VCI",
  "data_period": "year",
  "last_updated": "2025-11-17T16:44:38.977474",
  "name": "Công ty Cổ phần Bất động sản Du lịch Ninh Vân Bay",
  "exchange": "HSX",
  "sector": "Bất động sản",
  "shares_outstanding": 90500000.0,
  "charter_capital": 905000000000.0,
  "revenue": 410702451708.0,
  "revenue_ttm": 410702451708.0,
  "net_income": 22912306850.0,
  "net_income_ttm": 22912306850.0,
  "total_assets": 1071502256963.0,
  "total_equity": 529540904612.0,
  "total_liabilities": 541961352351.0,
  "total_debt": 541961352351.0,
  "current_assets": 180662443452.0,
  "current_liabilities": 152665594978.0,
  "cash": 85445878059.0,
  "accounts_receivable": 70651071868.0,
  "fixed_assets": 535900143135.0,
  "ppe": 535900143135.0,
  "depreciation": 52774682040.0,
  "roe": -4.58786631,
  "roa": -0.90594368,
  "roic": 10.451794139999999,
  "net_profit_margin": -2.371428381909093,
  "net_margin": -2.371428381909093,
  "gross_profit_margin": 54.44591678234784,
  "gross_margin": 54.44591678234784,
  "ebit_margin": 19.85442751945755,
  "pe_ratio": -76.1947630571,
  "pb_ratio": 3.5777858809,
  "ps_ratio": 1.8069042367,
  "ev_ebitda": 6.7548365761,
  "ebitda": 134317302635.0,
  "dividend_per_share": 0.0,
  "eps": -107.61894480662984,
  "eps_ttm": -107.61894480662984,
  "earnings_per_share": -107.61894480662984,
  "bvps": 2291.9202749613,
  "book_value_per_share": 2291.9202749613,
  "market_cap": 742100000000.0,
  "debt_to_equity": 1.0234551243,
  "current_ratio": 1.1833867577,
  "quick_ratio": 1.0224762819,
  "cash_ratio": 0.5596930865,
  "interest_coverage": -3.4974889975667653,
  "asset_turnover": 0.3820244752,
  "inventory_turnover": 13.9154110565,
  "fixed_asset_turnover": 0.7474297842,
  "current_price": 7720.0,
  "working_capital": 27996848474.0
}