{
  "symbol": "OCB",
  "data_source": "VCI",
  "data_period": "year",
  "last_updated": "2025-11-17T16:44:47.169512",
  "name": "Ngân hàng Thương mại Cổ phần Phương Đông",
  "exchange": "HSX",
  "sector": "Ngân hàng",
  "shares_outstanding": 2663052284.0,
  "charter_capital": 26630522840000.0,
  "revenue": 17954213013236.0,
  "revenue_ttm": 17954213013236.0,
  "net_income": 3173423226768.0,
  "net_income_ttm": 3173423226768.0,
  "total_assets": 280712371670087.0,
  "total_equity": 31671045433324.0,
  "total_liabilities": 249041326236763.0,
  "total_debt": 249041326236763.0,
  "cash": 787773771826.0,
  "fixed_assets": 630506628479.0,
  "ppe": 630506628479.0,
  "roe": 10.54175249,
  "roa": 1.21861016,
  "net_profit_margin": 36.87167878646252,
  "net_margin": 36.87167878646252,
  "pe_ratio": 9.6496806598,
  "pb_ratio": 0.9576319997,
  "ps_ratio": 3.0121121093,
  "dividend_per_share": 0.0,
  "eps": 1286.9807721370007,
  "eps_ttm": 1286.9807721370007,
  "earnings_per_share": 1286.9807721370007,
  "bvps": 12844.1823209562,
  "book_value_per_share": 12844.1823209562,
  "market_cap": 30329206569600.0,
  "current_price": 12350.0
}