{
  "symbol": "OCH",
  "data_source": "VCI",
  "data_period": "year",
  "last_updated": "2025-11-17T14:28:14.532198",
  "name": "Công ty Cổ phần One Capital Hospitality",
  "exchange": "HNX",
  "sector": "Thực phẩm và đồ uống",
  "shares_outstanding": 200000000.0,
  "charter_capital": 2000000000000.0,
  "revenue": 1018575978807.0,
  "revenue_ttm": 1018575978807.0,
  "net_income": 176735589569.0,
  "net_income_ttm": 176735589569.0,
  "total_assets": 3853256849417.0,
  "total_equity": 1914484905426.0,
  "total_liabilities": 1938771943991.0,
  "total_debt": 1938771943991.0,
  "current_assets": 628613173938.0,
  "current_liabilities": 589967426483.0,
  "cash": 169749007919.0,
  "accounts_receivable": 185581624762.0,
  "fixed_assets": 482842470131.0,
  "ppe": 482842470131.0,
  "depreciation": 47709569719.0,
  "roe": 12.09389344,
  "roa": 4.452023270000001,
  "roic": 4.75354222,
  "net_profit_margin": 18.07275568731064,
  "net_margin": 18.07275568731064,
  "gross_profit_margin": 47.75781013198356,
  "gross_margin": 47.75781013198356,
  "ebit_margin": 16.138243454527597,
  "pe_ratio": 6.7495949631,
  "pb_ratio": 0.7785538126,
  "ps_ratio": 1.2198378076,
  "ev_ebitda": 11.8931439401,
  "ebitda": 206467496595.0,
  "dividend_per_share": 0.0,
  "eps": 888.94223028,
  "eps_ttm": 888.94223028,
  "earnings_per_share": 888.94223028,
  "bvps": 7706.59638776,
  "book_value_per_share": 7706.59638776,
  "market_cap": 1200000000000.0,
  "debt_to_equity": 1.0126859389,
  "current_ratio": 1.0655048834,
  "quick_ratio": 0.6022888541,
  "cash_ratio": 0.2877263606,
  "interest_coverage": -1.4731246164285803,
  "asset_turnover": 0.2463389283,
  "inventory_turnover": 1.558807207,
  "fixed_asset_turnover": 1.9763388736,
  "current_price": 6100.0,
  "working_capital": 38645747455.0
}