{
  "symbol": "OGC",
  "data_source": "VCI",
  "data_period": "year",
  "last_updated": "2025-11-17T16:46:14.652842",
  "name": "Công ty Cổ phần Tập đoàn Đại Dương",
  "exchange": "HSX",
  "sector": "Dịch vụ tài chính",
  "shares_outstanding": 300000000.0,
  "charter_capital": 3000000000000.0,
  "revenue": 1041737803129.0,
  "revenue_ttm": 1041737803129.0,
  "net_income": 215147294010.0,
  "net_income_ttm": 215147294010.0,
  "total_assets": 4508611101180.0,
  "total_equity": 1734998775337.0,
  "total_liabilities": 2773612325843.0,
  "total_debt": 2773612325843.0,
  "current_assets": 676236857416.0,
  "current_liabilities": 723732909020.0,
  "cash": 190735461868.0,
  "accounts_receivable": 197129141591.0,
  "fixed_assets": 482842470131.0,
  "ppe": 482842470131.0,
  "depreciation": 46266841130.0,
  "roe": 19.44931071,
  "roa": 2.5720590899999998,
  "roic": 6.52634637,
  "net_profit_margin": 11.848041498569566,
  "net_margin": 11.848041498569566,
  "gross_profit_margin": 47.4524001352443,
  "gross_margin": 47.4524001352443,
  "ebit_margin": 20.483861143421375,
  "pe_ratio": 9.5559155773,
  "pb_ratio": 1.682698492,
  "ps_ratio": 1.1321888432,
  "ev_ebitda": 9.4035075614,
  "ebitda": 252518667796.0,
  "dividend_per_share": 0.0,
  "eps": 397.65943611,
  "eps_ttm": 397.65943611,
  "earnings_per_share": 397.65943611,
  "bvps": 2258.27741452,
  "book_value_per_share": 2258.27741452,
  "market_cap": 1140000000000.0,
  "debt_to_equity": 1.5986249473,
  "current_ratio": 0.9343735085,
  "quick_ratio": 0.565982647,
  "cash_ratio": 0.293604344,
  "interest_coverage": -1.9138234482134513,
  "asset_turnover": 0.2170872788,
  "inventory_turnover": 1.5640415372,
  "fixed_asset_turnover": 2.0228712272,
  "current_price": 3820.0,
  "working_capital": -47496051604.0
}