{
  "symbol": "ONE",
  "data_source": "VCI",
  "data_period": "year",
  "last_updated": "2025-11-17T14:28:23.790976",
  "name": "Công ty Cổ phần Công nghệ ONE",
  "exchange": "HNX",
  "sector": "Công nghệ Thông tin",
  "shares_outstanding": 7960310.0,
  "charter_capital": 79603100000.0,
  "revenue": 580761310872.0,
  "revenue_ttm": 580761310872.0,
  "net_income": 1278333150.0,
  "net_income_ttm": 1278333150.0,
  "total_assets": 338491148281.0,
  "total_equity": 102148615757.0,
  "total_liabilities": 236342532524.0,
  "total_debt": 236342532524.0,
  "current_assets": 326764419683.0,
  "current_liabilities": 233155823661.0,
  "cash": 76029793987.0,
  "accounts_receivable": 192684530091.0,
  "fixed_assets": 11512817037.0,
  "ppe": 11512817037.0,
  "depreciation": 2192057903.0,
  "roe": 1.25820727,
  "roa": 0.36242611999999996,
  "roic": 4.91215521,
  "net_profit_margin": 0.2201133453743004,
  "net_margin": 0.2201133453743004,
  "gross_profit_margin": 6.252996432126973,
  "gross_margin": 6.252996432126973,
  "ebit_margin": 1.637243093504841,
  "pe_ratio": 38.0545078479,
  "pb_ratio": 0.4286079128,
  "ps_ratio": 0.0753867453,
  "ev_ebitda": 5.0573436702,
  "ebitda": 11700532355.0,
  "dividend_per_share": 0.0,
  "eps": 160.58836276476669,
  "eps_ttm": 160.58836276476669,
  "earnings_per_share": 160.58836276476669,
  "bvps": 12832.2409249137,
  "book_value_per_share": 12832.2409249137,
  "market_cap": 43781705000.0,
  "debt_to_equity": 2.3137125332,
  "current_ratio": 1.4014851294,
  "quick_ratio": 1.1525095958,
  "cash_ratio": 0.3260900491,
  "interest_coverage": -2.200097402068723,
  "asset_turnover": 1.646543132,
  "inventory_turnover": 6.5826592596,
  "fixed_asset_turnover": 46.059830646,
  "current_price": 5600.0,
  "working_capital": 93608596022.0
}