{
  "symbol": "OPC",
  "data_source": "VCI",
  "data_period": "year",
  "last_updated": "2025-11-17T16:46:23.771506",
  "name": "Công ty Cổ phần Dược Phẩm OPC",
  "exchange": "HSX",
  "sector": "Y tế",
  "shares_outstanding": 64050892.0,
  "charter_capital": 640508920000.0,
  "revenue": 969552846704.0,
  "revenue_ttm": 969552846704.0,
  "net_income": 109453949892.0,
  "net_income_ttm": 109453949892.0,
  "total_assets": 1221572137635.0,
  "total_equity": 876818386450.0,
  "total_liabilities": 344753751185.0,
  "total_debt": 344753751185.0,
  "current_assets": 903835324897.0,
  "current_liabilities": 339969198231.0,
  "cash": 175594075576.0,
  "accounts_receivable": 261211292358.0,
  "fixed_assets": 210092486409.0,
  "ppe": 210092486409.0,
  "depreciation": 22301077330.0,
  "roe": 13.10278319,
  "roa": 8.625542079999999,
  "roic": 15.33199977,
  "net_profit_margin": 11.053334149948382,
  "net_margin": 11.053334149948382,
  "gross_profit_margin": 41.58852418569414,
  "gross_margin": 41.58852418569414,
  "ebit_margin": 13.879529940457026,
  "pe_ratio": 14.7740795694,
  "pb_ratio": 1.7309811689,
  "ps_ratio": 1.4515299879,
  "ev_ebitda": 7.849708243,
  "ebitda": 156734870359.0,
  "dividend_per_share": 0.0,
  "eps": 1671.4824124073089,
  "eps_ttm": 1671.4824124073089,
  "earnings_per_share": 1671.4824124073089,
  "bvps": 12680.6694342524,
  "book_value_per_share": 12680.6694342524,
  "market_cap": 1405917079400.0,
  "debt_to_equity": 0.3931871828,
  "current_ratio": 2.6585800408,
  "quick_ratio": 1.2850408942,
  "cash_ratio": 0.5167027809,
  "interest_coverage": 0.0,
  "asset_turnover": 0.7803565843,
  "inventory_turnover": 1.4784517824,
  "fixed_asset_turnover": 4.4690998419,
  "current_price": 22400.0,
  "working_capital": 563866126666.0
}