{
  "symbol": "ORS",
  "data_source": "VCI",
  "data_period": "year",
  "last_updated": "2025-11-17T16:46:32.568322",
  "name": "Công ty Cổ phần Chứng khoán Tiên Phong",
  "exchange": "HSX",
  "sector": "Dịch vụ tài chính",
  "shares_outstanding": 335999743.0,
  "charter_capital": 3359997430000.0,
  "revenue": 2077145548108.0,
  "revenue_ttm": 2077145548108.0,
  "net_income": 379111428571.0,
  "net_income_ttm": 379111428571.0,
  "total_assets": 11198130697457.0,
  "total_equity": 3920423088146.0,
  "total_liabilities": 7277707609311.0,
  "total_debt": 7277707609311.0,
  "current_assets": 11145350890409.0,
  "current_liabilities": 4277707609311.0,
  "cash": 533855110527.0,
  "accounts_receivable": 1689943608946.0,
  "fixed_assets": 17459320608.0,
  "ppe": 17459320608.0,
  "depreciation": 5310568490.0,
  "roe": 11.74320361,
  "roa": 4.18217071,
  "roic": 13.09132247,
  "net_profit_margin": 18.251558198043437,
  "net_margin": 18.251558198043437,
  "gross_profit_margin": 53.25695438201823,
  "gross_margin": 53.25695438201823,
  "ebit_margin": 46.75501385907236,
  "pe_ratio": 12.4965802117,
  "pb_ratio": 1.2084400764,
  "ps_ratio": 2.2808206101,
  "ev_ebitda": 7.8872472921,
  "ebitda": 976480257381.0,
  "dividend_per_share": 0.0,
  "eps": 1128.3086861497986,
  "eps_ttm": 1128.3086861497986,
  "earnings_per_share": 1128.3086861497986,
  "bvps": 11667.9347821584,
  "book_value_per_share": 11667.9347821584,
  "market_cap": 4737596376300.0,
  "debt_to_equity": 1.8563577057,
  "current_ratio": 2.6054494389,
  "quick_ratio": 1.4016217137,
  "cash_ratio": 1.0065634808,
  "interest_coverage": -1.875493578974434,
  "asset_turnover": 0.2291404748,
  "fixed_asset_turnover": 121.9038656151,
  "current_price": 14200.0,
  "working_capital": 6867643281098.0
}