{
  "symbol": "PAC",
  "data_source": "VCI",
  "data_period": "year",
  "last_updated": "2025-11-17T16:46:41.232040",
  "name": "Công ty Cổ phần Pin Ắc quy Miền Nam",
  "exchange": "HSX",
  "sector": "Hàng & Dịch vụ Công nghiệp",
  "shares_outstanding": 69707328.0,
  "charter_capital": 697073280000.0,
  "revenue": 3849053470231.0,
  "revenue_ttm": 3849053470231.0,
  "net_income": 126626969757.0,
  "net_income_ttm": 126626969757.0,
  "total_assets": 2534781271379.0,
  "total_equity": 968885437771.0,
  "total_liabilities": 1565895833608.0,
  "total_debt": 1565895833608.0,
  "current_assets": 1832261785850.0,
  "current_liabilities": 1550850787215.0,
  "cash": 200617830195.0,
  "accounts_receivable": 191740806102.0,
  "fixed_assets": 394061085307.0,
  "ppe": 394061085307.0,
  "depreciation": 90006230311.0,
  "roe": 13.236127680000001,
  "roa": 5.09740965,
  "roic": 8.120512940000001,
  "net_profit_margin": 3.950415969109962,
  "net_margin": 3.950415969109962,
  "gross_profit_margin": 12.979223817291555,
  "gross_margin": 12.979223817291555,
  "ebit_margin": 5.545552665321905,
  "pe_ratio": 9.7458069112,
  "pb_ratio": 1.146341718,
  "ps_ratio": 0.3464999213,
  "ev_ebitda": 7.9553886289,
  "ebitda": 267763847516.0,
  "dividend_per_share": 0.0,
  "eps": 2724.818560183296,
  "eps_ttm": 2724.818560183296,
  "earnings_per_share": 2724.818560183296,
  "bvps": 20848.9315395925,
  "book_value_per_share": 20848.9315395925,
  "market_cap": 1110673797300.0,
  "debt_to_equity": 1.6161826492,
  "current_ratio": 1.1814558828,
  "quick_ratio": 0.252995736,
  "cash_ratio": 0.1293598532,
  "interest_coverage": -4.2387157767689425,
  "asset_turnover": 1.2903475701,
  "inventory_turnover": 4.1369643431,
  "fixed_asset_turnover": 8.8292203444,
  "current_price": 23900.0,
  "working_capital": 281410998635.0
}