{
  "symbol": "PBP",
  "data_source": "VCI",
  "data_period": "year",
  "last_updated": "2025-11-17T14:28:33.785087",
  "name": "Công ty Cổ phần Bao bì Dầu khí Việt Nam",
  "exchange": "HNX",
  "sector": "Hàng & Dịch vụ Công nghiệp",
  "shares_outstanding": 4799516.0,
  "charter_capital": 47995160000.0,
  "revenue": 370255844016.0,
  "revenue_ttm": 370255844016.0,
  "net_income": 8139394117.0,
  "net_income_ttm": 8139394117.0,
  "total_assets": 152314023345.0,
  "total_equity": 68744560178.0,
  "total_liabilities": 83569463167.0,
  "total_debt": 83569463167.0,
  "current_assets": 104901214406.0,
  "current_liabilities": 74506967116.0,
  "cash": 3121473191.0,
  "accounts_receivable": 7658818917.0,
  "fixed_assets": 43575223891.0,
  "ppe": 43575223891.0,
  "depreciation": 6322153463.0,
  "roe": 11.98826243,
  "roa": 5.86865075,
  "roic": 11.70158205,
  "net_profit_margin": 2.198468239496242,
  "net_margin": 2.198468239496242,
  "gross_profit_margin": 8.234636639217955,
  "gross_margin": 8.234636639217955,
  "ebit_margin": 2.5614783137712127,
  "pe_ratio": 9.4346403311,
  "pb_ratio": 0.8936533253,
  "ps_ratio": 0.1659340569,
  "ev_ebitda": 4.4675044091,
  "ebitda": 15805520629.0,
  "dividend_per_share": 0.0,
  "eps": 1695.8781087509658,
  "eps_ttm": 1695.8781087509658,
  "earnings_per_share": 1695.8781087509658,
  "bvps": 14323.2276292026,
  "book_value_per_share": 14323.2276292026,
  "market_cap": 61433804800.0,
  "debt_to_equity": 1.215652016,
  "current_ratio": 1.407938324,
  "quick_ratio": 0.1446883765,
  "cash_ratio": 0.0418950511,
  "interest_coverage": -15.978968814636296,
  "asset_turnover": 2.6694271251,
  "inventory_turnover": 7.8009905372,
  "fixed_asset_turnover": 9.513253481,
  "current_price": 12700.0,
  "working_capital": 30394247290.0
}