{
  "symbol": "PCE",
  "data_source": "VCI",
  "data_period": "year",
  "last_updated": "2025-11-17T14:28:42.509350",
  "name": "Công ty Cổ phần Phân bón và hóa chất dầu khí Miền Trung",
  "exchange": "HNX",
  "sector": "Hóa chất",
  "shares_outstanding": 10000000.0,
  "charter_capital": 100000000000.0,
  "revenue": 3216594822427.0,
  "revenue_ttm": 3216594822427.0,
  "net_income": 27718815095.0,
  "net_income_ttm": 27718815095.0,
  "total_assets": 324266463685.0,
  "total_equity": 194853162939.0,
  "total_liabilities": 129413300746.0,
  "total_debt": 129413300746.0,
  "current_assets": 292841733819.0,
  "current_liabilities": 129413300746.0,
  "cash": 164497235561.0,
  "accounts_receivable": 126689677805.0,
  "fixed_assets": 26964423759.0,
  "ppe": 26964423759.0,
  "depreciation": 1866380720.0,
  "roe": 14.530297780000001,
  "roa": 10.03648808,
  "roic": 4.801273999999999,
  "net_profit_margin": 0.8798639494936444,
  "net_margin": 0.8798639494936444,
  "gross_profit_margin": 2.5533891589483977,
  "gross_margin": 2.5533891589483977,
  "ebit_margin": 0.2969646896543889,
  "pe_ratio": 7.1431624808,
  "pb_ratio": 1.0161497869,
  "ps_ratio": 0.0628501115,
  "ev_ebitda": 2.9855031962,
  "ebitda": 11221814963.0,
  "dividend_per_share": 0.0,
  "eps": 2771.8815095,
  "eps_ttm": 2771.8815095,
  "earnings_per_share": 2771.8815095,
  "bvps": 19485.3162939,
  "book_value_per_share": 19485.3162939,
  "market_cap": 198000000000.0,
  "debt_to_equity": 0.6641580706,
  "current_ratio": 2.2628410846,
  "quick_ratio": 2.2500539874,
  "cash_ratio": 1.2710999149,
  "interest_coverage": -28.28522265879854,
  "asset_turnover": 11.4068636205,
  "inventory_turnover": 6235.6315557228,
  "fixed_asset_turnover": 115.2324629629,
  "current_price": 20900.0,
  "working_capital": 163428433073.0
}