{
  "symbol": "PCH",
  "data_source": "VCI",
  "data_period": "year",
  "last_updated": "2025-11-17T14:28:51.699506",
  "name": "Công ty Cổ phần Nhựa Picomat",
  "exchange": "HNX",
  "sector": "Hóa chất",
  "shares_outstanding": 25409893.0,
  "charter_capital": 254098930000.0,
  "revenue": 195093628708.0,
  "revenue_ttm": 195093628708.0,
  "net_income": 12857134636.0,
  "net_income_ttm": 12857134636.0,
  "total_assets": 283620919180.0,
  "total_equity": 262239208083.0,
  "total_liabilities": 21381711097.0,
  "total_debt": 21381711097.0,
  "current_assets": 104946605247.0,
  "current_liabilities": 21181711097.0,
  "cash": 22777042455.0,
  "accounts_receivable": 1641802751.0,
  "fixed_assets": 71373540002.0,
  "ppe": 71373540002.0,
  "depreciation": 5933844119.0,
  "roe": 4.93704169,
  "roa": 4.48110388,
  "roic": 7.17720191,
  "net_profit_margin": 6.366891744653749,
  "net_margin": 6.366891744653749,
  "gross_profit_margin": 17.472532227504274,
  "gross_margin": 17.472532227504274,
  "ebit_margin": 9.883683970808365,
  "pe_ratio": 39.580141472,
  "pb_ratio": 1.9070260249,
  "ps_ratio": 2.5200247599,
  "ev_ebitda": 18.8361914464,
  "ebitda": 25201318954.0,
  "dividend_per_share": 0.0,
  "eps": 512.8834623886218,
  "eps_ttm": 512.8834623886218,
  "earnings_per_share": 512.8834623886218,
  "bvps": 10644.8468633672,
  "book_value_per_share": 10644.8468633672,
  "market_cap": 491259269200.0,
  "debt_to_equity": 0.0815351421,
  "current_ratio": 4.9545858107,
  "quick_ratio": 1.4821056521,
  "cash_ratio": 1.4045952592,
  "interest_coverage": -23.52448801734333,
  "asset_turnover": 0.7038134245,
  "inventory_turnover": 3.3347625671,
  "fixed_asset_turnover": 2.6784925635,
  "current_price": 20400.0,
  "working_capital": 83764894150.0
}