{
  "symbol": "PCT",
  "data_source": "VCI",
  "data_period": "year",
  "last_updated": "2025-11-17T14:30:13.829038",
  "name": "Công ty Cổ phần Vận tải Biển Global Pacific",
  "exchange": "HNX",
  "sector": "Hàng & Dịch vụ Công nghiệp",
  "shares_outstanding": 50035493.0,
  "charter_capital": 500354930000.0,
  "revenue": 540056890013.0,
  "revenue_ttm": 540056890013.0,
  "net_income": 87786522552.0,
  "net_income_ttm": 87786522552.0,
  "total_assets": 1898739195276.0,
  "total_equity": 660350730639.0,
  "total_liabilities": 1238388464637.0,
  "total_debt": 1238388464637.0,
  "current_assets": 403056652360.0,
  "current_liabilities": 288723375147.0,
  "cash": 23172556710.0,
  "accounts_receivable": 253009326139.0,
  "fixed_assets": 1454379201348.0,
  "ppe": 1454379201348.0,
  "depreciation": 153059821788.0,
  "roe": 14.20355509,
  "roa": 5.59636132,
  "roic": 9.82470062,
  "net_profit_margin": 16.255050935446235,
  "net_margin": 16.255050935446235,
  "gross_profit_margin": 37.4849435262509,
  "gross_margin": 37.4849435262509,
  "ebit_margin": 33.187218600004464,
  "pe_ratio": 5.6403065651,
  "pb_ratio": 0.7198253314,
  "ps_ratio": 0.8801613169,
  "ev_ebitda": 4.8635033506,
  "ebitda": 332289682441.0,
  "dividend_per_share": 0.0,
  "eps": 1754.4850123091621,
  "eps_ttm": 1754.4850123091621,
  "earnings_per_share": 1754.4850123091621,
  "bvps": 13197.646131697,
  "book_value_per_share": 13197.646131697,
  "market_cap": 475337183500.0,
  "debt_to_equity": 1.8753495789,
  "current_ratio": 1.3959959153,
  "quick_ratio": 0.9565622552,
  "cash_ratio": 0.0802586791,
  "interest_coverage": -2.4641773458196967,
  "asset_turnover": 0.344284453,
  "inventory_turnover": 39.8556014609,
  "fixed_asset_turnover": 0.4339964874,
  "current_price": 10400.0,
  "working_capital": 114333277213.0
}