{
  "symbol": "PDB",
  "data_source": "VCI",
  "data_period": "year",
  "last_updated": "2025-11-17T14:30:22.815969",
  "name": "Công ty Cổ phần Tập đoàn Đầu tư DIN Capital",
  "exchange": "HNX",
  "sector": "Xây dựng và Vật liệu",
  "shares_outstanding": 8909981.0,
  "charter_capital": 89099810000.0,
  "revenue": 307927199240.0,
  "revenue_ttm": 307927199240.0,
  "net_income": 9473510107.0,
  "net_income_ttm": 9473510107.0,
  "total_assets": 206561955456.0,
  "total_equity": 133530797633.0,
  "total_liabilities": 73031157823.0,
  "total_debt": 73031157823.0,
  "current_assets": 166916892334.0,
  "current_liabilities": 72557157823.0,
  "cash": 16310248936.0,
  "accounts_receivable": 127495702159.0,
  "fixed_assets": 33284520966.0,
  "ppe": 33284520966.0,
  "depreciation": 12703017560.0,
  "roe": 7.1892762,
  "roa": 4.4126428099999995,
  "roic": 12.40008276,
  "net_profit_margin": 3.0674176030283697,
  "net_margin": 3.0674176030283697,
  "gross_profit_margin": 9.866251089213135,
  "gross_margin": 9.866251089213135,
  "ebit_margin": 6.10543459441105,
  "pe_ratio": 25.4284374457,
  "pb_ratio": 1.6567181245,
  "ps_ratio": 0.7175966571,
  "ev_ebitda": 7.0703914356,
  "ebitda": 31503311308.0,
  "dividend_per_share": 0.0,
  "eps": 1060.093519166876,
  "eps_ttm": 1060.093519166876,
  "earnings_per_share": 1060.093519166876,
  "bvps": 14969.3539498008,
  "book_value_per_share": 14969.3539498008,
  "market_cap": 220967528800.0,
  "debt_to_equity": 0.5469236994,
  "current_ratio": 2.3004882956,
  "quick_ratio": 1.9822507681,
  "cash_ratio": 0.2250746881,
  "interest_coverage": -18.364186554949036,
  "asset_turnover": 1.4385530043,
  "inventory_turnover": 21.8006451869,
  "fixed_asset_turnover": 8.0061813952,
  "current_price": 24700.0,
  "working_capital": 94359734511.0
}