{
  "symbol": "PDN",
  "data_source": "VCI",
  "data_period": "year",
  "last_updated": "2025-11-17T16:48:23.135977",
  "name": "Công ty Cổ phần Cảng Đồng Nai",
  "exchange": "HSX",
  "sector": "Hàng & Dịch vụ Công nghiệp",
  "shares_outstanding": 55565820.0,
  "charter_capital": 555658200000.0,
  "revenue": 1337315365298.0,
  "revenue_ttm": 1337315365298.0,
  "net_income": 347241629002.0,
  "net_income_ttm": 347241629002.0,
  "total_assets": 1548725371222.0,
  "total_equity": 1239724873198.0,
  "total_liabilities": 309000498024.0,
  "total_debt": 309000498024.0,
  "current_assets": 842985861151.0,
  "current_liabilities": 239225907782.0,
  "cash": 278055890865.0,
  "accounts_receivable": 150061265750.0,
  "fixed_assets": 356244191302.0,
  "ppe": 356244191302.0,
  "depreciation": 51067833551.0,
  "roe": 31.001132910000003,
  "roa": 23.88156123,
  "roic": 31.7267135,
  "net_profit_margin": 25.965575361846128,
  "net_margin": 25.965575361846128,
  "gross_profit_margin": 37.28263289922626,
  "gross_margin": 37.28263289922626,
  "ebit_margin": 31.0403928689251,
  "pe_ratio": 10.6112314844,
  "pb_ratio": 2.8087904238,
  "ps_ratio": 2.6038191457,
  "ev_ebitda": 7.0203836344,
  "ebitda": 466175776836.0,
  "dividend_per_share": 0.0,
  "eps": 9373.78499595669,
  "eps_ttm": 9373.78499595669,
  "earnings_per_share": 9373.78499595669,
  "bvps": 33466.363030542,
  "book_value_per_share": 33466.363030542,
  "market_cap": 3482127352000.0,
  "debt_to_equity": 0.2492492526,
  "current_ratio": 3.5238067188,
  "quick_ratio": 1.7895936129,
  "cash_ratio": 1.1623151248,
  "interest_coverage": -58.979731909909916,
  "asset_turnover": 0.9197393434,
  "inventory_turnover": 657.4232555913,
  "fixed_asset_turnover": 3.5883647375,
  "current_price": 94000.0,
  "working_capital": 603759953369.0
}