{
  "symbol": "PEN",
  "data_source": "VCI",
  "data_period": "year",
  "last_updated": "2025-11-17T14:30:31.415628",
  "name": "Công ty Cổ phần Xây lắp III Petrolimex",
  "exchange": "HNX",
  "sector": "Xây dựng và Vật liệu",
  "shares_outstanding": 5000000.0,
  "charter_capital": 50000000000.0,
  "revenue": 268459795880.0,
  "revenue_ttm": 268459795880.0,
  "net_income": 1010428401.0,
  "net_income_ttm": 1010428401.0,
  "total_assets": 272420775097.0,
  "total_equity": 57719303621.0,
  "total_liabilities": 214701471476.0,
  "total_debt": 214701471476.0,
  "current_assets": 254368939975.0,
  "current_liabilities": 209564115230.0,
  "cash": 15432467054.0,
  "accounts_receivable": 197719272079.0,
  "fixed_assets": 16191930990.0,
  "ppe": 16191930990.0,
  "depreciation": 3288698428.0,
  "roe": 1.76604821,
  "roa": 0.38288981,
  "roic": 0.47748162000000005,
  "net_profit_margin": 0.37637978442465025,
  "net_margin": 0.37637978442465025,
  "gross_profit_margin": 8.05262790993969,
  "gross_margin": 8.05262790993969,
  "ebit_margin": 0.2114317684476368,
  "pe_ratio": 44.0407256526,
  "pb_ratio": 0.7709725726,
  "ps_ratio": 0.1657603883,
  "ev_ebitda": 23.3964371814,
  "ebitda": 3856307722.0,
  "dividend_per_share": 0.0,
  "eps": 202.0856802,
  "eps_ttm": 202.0856802,
  "earnings_per_share": 202.0856802,
  "bvps": 11543.8607242,
  "book_value_per_share": 11543.8607242,
  "market_cap": 44500000000.0,
  "debt_to_equity": 3.719751591,
  "current_ratio": 1.2138000807,
  "quick_ratio": 1.0590830343,
  "cash_ratio": 0.1156043673,
  "interest_coverage": -0.11062153386663733,
  "asset_turnover": 1.0172964244,
  "inventory_turnover": 10.634417911,
  "fixed_asset_turnover": 15.3562184834,
  "current_price": 8900.0,
  "working_capital": 44804824745.0
}