{
  "symbol": "PGC",
  "data_source": "VCI",
  "data_period": "year",
  "last_updated": "2025-11-17T16:48:50.145802",
  "name": "Tổng Công ty Gas Petrolimex - Công ty Cổ phần",
  "exchange": "HSX",
  "sector": "Điện, nước & xăng dầu khí đốt",
  "shares_outstanding": 60342638.0,
  "charter_capital": 603426380000.0,
  "revenue": 4362937805868.0,
  "revenue_ttm": 4362937805868.0,
  "net_income": 115725251640.0,
  "net_income_ttm": 115725251640.0,
  "total_assets": 2979958671706.0,
  "total_equity": 883791360554.0,
  "total_liabilities": 2096167311152.0,
  "total_debt": 2096167311152.0,
  "current_assets": 1921002547936.0,
  "current_liabilities": 2021564655119.0,
  "cash": 92234971224.0,
  "accounts_receivable": 511252794182.0,
  "fixed_assets": 293641148767.0,
  "ppe": 293641148767.0,
  "depreciation": 40460677131.0,
  "roe": 12.58122448,
  "roa": 3.9305275799999997,
  "roic": 5.212123770000001,
  "net_profit_margin": 2.5269662020889885,
  "net_margin": 2.5269662020889885,
  "gross_profit_margin": 17.252250669250905,
  "gross_margin": 17.252250669250905,
  "ebit_margin": 2.496818551916033,
  "pe_ratio": 12.0801515192,
  "pb_ratio": 0.941809134,
  "ps_ratio": 0.1906020513,
  "ev_ebitda": 12.8522950492,
  "ebitda": 147568945933.0,
  "dividend_per_share": 0.0,
  "eps": 1796.4335539821775,
  "eps_ttm": 1796.4335539821775,
  "earnings_per_share": 1796.4335539821775,
  "bvps": 14387.2038519098,
  "book_value_per_share": 14387.2038519098,
  "market_cap": 817642744900.0,
  "debt_to_equity": 2.3717897738,
  "current_ratio": 0.95025531,
  "quick_ratio": 0.2998161666,
  "cash_ratio": 0.0469166153,
  "interest_coverage": -2.4407552140654287,
  "asset_turnover": 1.5554333811,
  "inventory_turnover": 18.3833095734,
  "fixed_asset_turnover": 14.4665836539,
  "current_price": 13550.0,
  "working_capital": -100562107183.0
}