{
  "symbol": "PGD",
  "data_source": "VCI",
  "data_period": "year",
  "last_updated": "2025-11-17T16:49:14.000789",
  "name": "Công ty Cổ phần Phân phối khí thấp áp dầu khí Việt Nam",
  "exchange": "HSX",
  "sector": "Điện, nước & xăng dầu khí đốt",
  "shares_outstanding": 98998266.0,
  "charter_capital": 989982660000.0,
  "revenue": 10937645849520.0,
  "revenue_ttm": 10937645849520.0,
  "net_income": 249168381705.0,
  "net_income_ttm": 249168381705.0,
  "total_assets": 3768226596211.0,
  "total_equity": 1477533436155.0,
  "total_liabilities": 2290693160056.0,
  "total_debt": 2290693160056.0,
  "current_assets": 3378374535481.0,
  "current_liabilities": 2290605160056.0,
  "cash": 1384904766353.0,
  "accounts_receivable": 1204263842352.0,
  "fixed_assets": 262987060581.0,
  "ppe": 262987060581.0,
  "depreciation": 55471302246.0,
  "roe": 17.30905443,
  "roa": 6.988163429999999,
  "roic": 19.395666040000002,
  "net_profit_margin": 2.2780805406671196,
  "net_margin": 2.2780805406671196,
  "gross_profit_margin": 7.0227396781338385,
  "gross_margin": 7.0227396781338385,
  "ebit_margin": 2.620101754854099,
  "pe_ratio": 10.8157163326,
  "pb_ratio": 1.648258702,
  "ps_ratio": 0.2226582737,
  "ev_ebitda": 3.0710609753,
  "ebitda": 342048753089.0,
  "dividend_per_share": 0.0,
  "eps": 2516.8964242767647,
  "eps_ttm": 2516.8964242767647,
  "earnings_per_share": 2516.8964242767647,
  "bvps": 14924.8415740433,
  "book_value_per_share": 14924.8415740433,
  "market_cap": 2435357343600.0,
  "debt_to_equity": 1.5503494567,
  "current_ratio": 1.4748829673,
  "quick_ratio": 1.1303426072,
  "cash_ratio": 0.6046021333,
  "interest_coverage": 0.0,
  "asset_turnover": 3.0675664482,
  "inventory_turnover": 213.3262074411,
  "fixed_asset_turnover": 40.4231785047,
  "current_price": 24400.0,
  "working_capital": 1087769375425.0
}