{
  "symbol": "PGI",
  "data_source": "VCI",
  "data_period": "year",
  "last_updated": "2025-11-17T16:49:23.969171",
  "name": "Tổng Công ty Cổ phần Bảo hiểm Petrolimex",
  "exchange": "HSX",
  "sector": "Bảo hiểm",
  "shares_outstanding": 110896796.0,
  "charter_capital": 1108967960000.0,
  "revenue": 4393872320062.0,
  "revenue_ttm": 4393872320062.0,
  "net_income": 232240505231.0,
  "net_income_ttm": 232240505231.0,
  "total_assets": 8424810637331.0,
  "total_equity": 1907381084776.0,
  "total_liabilities": 6517429552555.0,
  "total_debt": 6517429552555.0,
  "current_assets": 7108186167110.0,
  "current_liabilities": 6461305012399.0,
  "cash": 150043597779.0,
  "accounts_receivable": 644465792108.0,
  "fixed_assets": 616234287018.0,
  "ppe": 616234287018.0,
  "roe": 12.313907859999999,
  "roa": 2.92613543,
  "roic": -25.998236130000002,
  "net_profit_margin": 7.947515895386135,
  "net_margin": 7.947515895386135,
  "ebit_margin": -22.44197145944058,
  "pe_ratio": 12.6159707765,
  "pb_ratio": 1.1570033162,
  "ev_ebitda": -4.3619140094,
  "ebitda": -612547162596.0,
  "dividend_per_share": 0.0,
  "eps": 2094.203922997018,
  "eps_ttm": 2094.203922997018,
  "earnings_per_share": 2094.203922997018,
  "bvps": 17199.6049802557,
  "book_value_per_share": 17199.6049802557,
  "market_cap": 2206846240400.0,
  "debt_to_equity": 3.4169519686,
  "current_ratio": 1.1001161768,
  "quick_ratio": 0.7624108242,
  "cash_ratio": 0.6626684671,
  "asset_turnover": 0.430699088,
  "current_price": 19900.0,
  "working_capital": 646881154711.0
}