{
  "symbol": "PGN",
  "data_source": "VCI",
  "data_period": "year",
  "last_updated": "2025-11-17T14:30:40.629065",
  "name": "Công ty Cổ phần Phụ Gia Nhựa",
  "exchange": "HNX",
  "sector": "Hóa chất",
  "shares_outstanding": 9464859.0,
  "charter_capital": 94648590000.0,
  "revenue": 221001048262.0,
  "revenue_ttm": 221001048262.0,
  "net_income": 755383954.0,
  "net_income_ttm": 755383954.0,
  "total_assets": 192238562252.0,
  "total_equity": 107786943947.0,
  "total_liabilities": 84451618305.0,
  "total_debt": 84451618305.0,
  "current_assets": 164583126116.0,
  "current_liabilities": 84016298997.0,
  "cash": 2916357009.0,
  "accounts_receivable": 67862984534.0,
  "fixed_assets": 24610491591.0,
  "ppe": 24610491591.0,
  "depreciation": 4408371105.0,
  "roe": 0.70327643,
  "roa": 0.37545713000000003,
  "roic": 4.57140548,
  "net_profit_margin": 0.3418010728639084,
  "net_margin": 0.3418010728639084,
  "gross_profit_margin": 5.658014467956732,
  "gross_margin": 5.658014467956732,
  "ebit_margin": 3.5049025757638743,
  "pe_ratio": 78.938149777,
  "pb_ratio": 0.5532081115,
  "ps_ratio": 0.2698114428,
  "ev_ebitda": 9.7387479156,
  "ebitda": 12154242538.0,
  "dividend_per_share": 0.0,
  "eps": 79.80931929361019,
  "eps_ttm": 79.80931929361019,
  "earnings_per_share": 79.80931929361019,
  "bvps": 11388.119352544,
  "book_value_per_share": 11388.119352544,
  "market_cap": 59628611700.0,
  "debt_to_equity": 0.7835050815,
  "current_ratio": 1.9589428252,
  "quick_ratio": 0.8424477439,
  "cash_ratio": 0.0347118005,
  "interest_coverage": -1.3024366275022365,
  "asset_turnover": 1.0984667924,
  "inventory_turnover": 2.8689881833,
  "fixed_asset_turnover": 8.2570366367,
  "current_price": 6400.0,
  "working_capital": 80566827119.0
}