{
  "symbol": "PGS",
  "data_source": "VCI",
  "data_period": "year",
  "last_updated": "2025-11-17T14:30:49.212303",
  "name": "Công ty Cổ phần Kinh doanh Khí Miền Nam",
  "exchange": "HNX",
  "sector": "Điện, nước & xăng dầu khí đốt",
  "shares_outstanding": 50000000.0,
  "charter_capital": 500000000000.0,
  "revenue": 6659744463510.0,
  "revenue_ttm": 6659744463510.0,
  "net_income": 115966503792.0,
  "net_income_ttm": 115966503792.0,
  "total_assets": 2841418344920.0,
  "total_equity": 1014741766358.0,
  "total_liabilities": 1826676578562.0,
  "total_debt": 1826676578562.0,
  "current_assets": 1769303160908.0,
  "current_liabilities": 1668182663469.0,
  "cash": 931975641216.0,
  "accounts_receivable": 613914012608.0,
  "fixed_assets": 382439290925.0,
  "ppe": 382439290925.0,
  "depreciation": 73027707035.0,
  "roe": 11.45622786,
  "roa": 4.15720906,
  "roic": 8.71902963,
  "net_profit_margin": 1.8010905854727792,
  "net_margin": 1.8010905854727792,
  "gross_profit_margin": 14.655463314076902,
  "gross_margin": 14.655463314076902,
  "ebit_margin": 2.1062124948409764,
  "pe_ratio": 23.5451761709,
  "pb_ratio": 2.4587536285,
  "ps_ratio": 0.3875016374,
  "ev_ebitda": 10.082642728,
  "ebitda": 208640041717.0,
  "dividend_per_share": 0.0,
  "eps": 2319.33007584,
  "eps_ttm": 2319.33007584,
  "earnings_per_share": 2319.33007584,
  "bvps": 20294.83532716,
  "book_value_per_share": 20294.83532716,
  "market_cap": 2495000000000.0,
  "debt_to_equity": 1.8001393449,
  "current_ratio": 1.0606171612,
  "quick_ratio": 0.9266908761,
  "cash_ratio": 0.558677213,
  "interest_coverage": -15.099529399584897,
  "asset_turnover": 2.308162117,
  "inventory_turnover": 49.0788974426,
  "fixed_asset_turnover": 16.8340553778,
  "current_price": 48800.0,
  "working_capital": 101120497439.0
}