{
  "symbol": "PGT",
  "data_source": "VCI",
  "data_period": "year",
  "last_updated": "2025-11-17T14:32:13.308108",
  "name": "Công ty Cổ phần PGT Holdings",
  "exchange": "HNX",
  "sector": "Du lịch và Giải trí",
  "shares_outstanding": 9241801.0,
  "charter_capital": 92418010000.0,
  "revenue": 36226259588.0,
  "revenue_ttm": 36226259588.0,
  "net_income": 5541040198.0,
  "net_income_ttm": 5541040198.0,
  "total_assets": 69577407635.0,
  "total_equity": 44486669407.0,
  "total_liabilities": 25090738228.0,
  "total_debt": 25090738228.0,
  "current_assets": 45120845084.0,
  "current_liabilities": 24740738228.0,
  "cash": 7690504685.0,
  "accounts_receivable": 33763689583.0,
  "fixed_assets": 90563149.0,
  "ppe": 90563149.0,
  "depreciation": -415553223.0,
  "roe": 15.392608520000001,
  "roa": 7.099016199999999,
  "roic": -2.64690575,
  "net_profit_margin": 12.95343175466675,
  "net_margin": 12.95343175466675,
  "gross_profit_margin": 38.39401396440962,
  "gross_margin": 38.39401396440962,
  "ebit_margin": -3.250460368781919,
  "pe_ratio": 16.9373993653,
  "pb_ratio": 2.5317392833,
  "ps_ratio": 2.1939744678,
  "ev_ebitda": -45.0631982072,
  "ebitda": -1593073434.0,
  "dividend_per_share": 0.0,
  "eps": 507.7520943158157,
  "eps_ttm": 507.7520943158157,
  "earnings_per_share": 507.7520943158157,
  "bvps": 3396.874258275,
  "book_value_per_share": 3396.874258275,
  "market_cap": 79479488600.0,
  "debt_to_equity": 0.5640057699,
  "current_ratio": 1.8237469177,
  "quick_ratio": 1.6755439505,
  "cash_ratio": 0.3108437838,
  "interest_coverage": 0.0,
  "asset_turnover": 0.548041348,
  "inventory_turnover": 76.0102666395,
  "fixed_asset_turnover": 365.840200245,
  "current_price": 8800.0,
  "working_capital": 20380106856.0
}