{
  "symbol": "PGV",
  "data_source": "VCI",
  "data_period": "year",
  "last_updated": "2025-11-17T16:49:33.149784",
  "name": "Tổng Công ty Phát điện 3 - Công ty Cổ phần",
  "exchange": "HSX",
  "sector": "Điện, nước & xăng dầu khí đốt",
  "shares_outstanding": 1123468046.0,
  "charter_capital": 11234680460000.0,
  "revenue": 40690149938010.0,
  "revenue_ttm": 40690149938010.0,
  "net_income": -875568005248.0,
  "net_income_ttm": -875568005248.0,
  "total_assets": 55266948819641.0,
  "total_equity": 14569674282781.0,
  "total_liabilities": 40697274536860.0,
  "total_debt": 40697274536860.0,
  "current_assets": 16821305298169.0,
  "current_liabilities": 13814064825171.0,
  "cash": 618781821094.0,
  "accounts_receivable": 10330733524343.0,
  "fixed_assets": 33014635888534.0,
  "ppe": 33014635888534.0,
  "depreciation": 4508736320254.0,
  "roe": -5.92270589,
  "roa": -1.53957389,
  "roic": 4.96663646,
  "net_profit_margin": -2.1587260240701847,
  "net_margin": -2.1587260240701847,
  "gross_profit_margin": 7.322821181908686,
  "gross_margin": 7.322821181908686,
  "ebit_margin": 5.671419240171669,
  "pe_ratio": -25.0685941113,
  "pb_ratio": 1.5453473892,
  "ps_ratio": 0.5411622649,
  "ev_ebitda": 7.8186998049,
  "ebitda": 6816445312693.0,
  "dividend_per_share": 0.0,
  "eps": -781.8547746617442,
  "eps_ttm": -781.8547746617442,
  "earnings_per_share": -781.8547746617442,
  "bvps": 12683.232350992,
  "book_value_per_share": 12683.232350992,
  "market_cap": 22019973701600.0,
  "debt_to_equity": 2.7932865037,
  "current_ratio": 1.2176941046,
  "quick_ratio": 0.7926352948,
  "cash_ratio": 0.0447936092,
  "interest_coverage": -1.0205088028555902,
  "asset_turnover": 0.7131863294,
  "inventory_turnover": 13.5896246934,
  "fixed_asset_turnover": 1.1604618334,
  "current_price": 20000.0,
  "working_capital": 3007240472998.0
}