{
  "symbol": "PHC",
  "data_source": "VCI",
  "data_period": "year",
  "last_updated": "2025-11-17T16:49:42.174417",
  "name": "Công ty Cổ phần Xây dựng Phục Hưng Holdings",
  "exchange": "HSX",
  "sector": "Xây dựng và Vật liệu",
  "shares_outstanding": 50602094.0,
  "charter_capital": 506819270000.0,
  "revenue": 1558061385067.0,
  "revenue_ttm": 1558061385067.0,
  "net_income": 4778279702.0,
  "net_income_ttm": 4778279702.0,
  "total_assets": 3240311810811.0,
  "total_equity": 661169480916.0,
  "total_liabilities": 2579142329895.0,
  "total_debt": 2579142329895.0,
  "current_assets": 2559728765947.0,
  "current_liabilities": 2459252284070.0,
  "cash": 236265806425.0,
  "accounts_receivable": 1688904554283.0,
  "fixed_assets": 344392032774.0,
  "ppe": 344392032774.0,
  "depreciation": 21333526174.0,
  "roe": 0.7636469300000001,
  "roa": 0.15198557000000001,
  "roic": 1.06190932,
  "net_profit_margin": 0.3127571389486976,
  "net_margin": 0.3127571389486976,
  "gross_profit_margin": 5.616140178214941,
  "gross_margin": 5.616140178214941,
  "ebit_margin": 1.4198614842154433,
  "pe_ratio": 52.4193775553,
  "pb_ratio": 0.408063717,
  "ps_ratio": 0.1639453455,
  "ev_ebitda": 33.1660806206,
  "ebitda": 43455839681.0,
  "dividend_per_share": 0.0,
  "eps": 96.14765064082903,
  "eps_ttm": 96.14765064082903,
  "earnings_per_share": 96.14765064082903,
  "bvps": 12351.0123309834,
  "book_value_per_share": 12351.0123309834,
  "market_cap": 255436912080.0,
  "debt_to_equity": 3.9008792818,
  "current_ratio": 1.0408565166,
  "quick_ratio": 0.7828275176,
  "cash_ratio": 0.0960722118,
  "interest_coverage": -0.5091915752496882,
  "asset_turnover": 0.4859539541,
  "inventory_turnover": 2.3189469917,
  "fixed_asset_turnover": 4.6469960304,
  "current_price": 5060.0,
  "working_capital": 100476481877.0
}