{
  "symbol": "PHN",
  "data_source": "VCI",
  "data_period": "year",
  "last_updated": "2025-11-17T14:32:21.703812",
  "name": "Công ty Cổ phần Pin Hà Nội",
  "exchange": "HNX",
  "sector": "Hàng & Dịch vụ Công nghiệp",
  "shares_outstanding": 7253911.0,
  "charter_capital": 72539110000.0,
  "revenue": 456806433853.0,
  "revenue_ttm": 456806433853.0,
  "net_income": 58258455649.0,
  "net_income_ttm": 58258455649.0,
  "total_assets": 208399052788.0,
  "total_equity": 153005043371.0,
  "total_liabilities": 55394009417.0,
  "total_debt": 55394009417.0,
  "current_assets": 175257277695.0,
  "current_liabilities": 55394009417.0,
  "cash": 20039540554.0,
  "accounts_receivable": 16706365039.0,
  "fixed_assets": 9320307903.0,
  "ppe": 9320307903.0,
  "depreciation": 0.0,
  "roe": 38.87499725,
  "roa": 30.51957206,
  "roic": 48.30797389,
  "net_profit_margin": 13.008309456488925,
  "net_margin": 13.008309456488925,
  "gross_profit_margin": 24.781506416488664,
  "gross_margin": 24.781506416488664,
  "ebit_margin": 17.042620297654068,
  "pe_ratio": 7.8726757536,
  "pb_ratio": 2.9204326064,
  "ps_ratio": 0.9977341262,
  "ev_ebitda": 5.3720119588,
  "ebitda": 80378788324.0,
  "dividend_per_share": 0.0,
  "eps": 8031.316575155113,
  "eps_ttm": 8031.316575155113,
  "earnings_per_share": 8031.316575155113,
  "bvps": 21092.7654572823,
  "book_value_per_share": 21092.7654572823,
  "market_cap": 446840917600.0,
  "debt_to_equity": 0.3620404151,
  "current_ratio": 3.1638308824,
  "quick_ratio": 0.6633552252,
  "cash_ratio": 0.3617636774,
  "interest_coverage": -469.137200839344,
  "asset_turnover": 2.3461597497,
  "inventory_turnover": 3.761338945,
  "fixed_asset_turnover": 44.98152496,
  "current_price": 67500.0,
  "working_capital": 119863268278.0
}