{
  "symbol": "PHR",
  "data_source": "VCI",
  "data_period": "year",
  "last_updated": "2025-11-17T16:49:51.340513",
  "name": "Công ty Cổ phần Cao su Phước Hòa",
  "exchange": "HSX",
  "sector": "Hóa chất",
  "shares_outstanding": 135499198.0,
  "charter_capital": 1354991980000.0,
  "revenue": 1634916531061.0,
  "revenue_ttm": 1634916531061.0,
  "net_income": 483021699190.0,
  "net_income_ttm": 483021699190.0,
  "total_assets": 5931927851865.0,
  "total_equity": 3919090627983.0,
  "total_liabilities": 2012837223882.0,
  "total_debt": 2012837223882.0,
  "current_assets": 2570451321097.0,
  "current_liabilities": 604407813082.0,
  "cash": 190403886202.0,
  "accounts_receivable": 208215975307.0,
  "fixed_assets": 1809772147653.0,
  "ppe": 1809772147653.0,
  "depreciation": 140157838032.0,
  "roe": 12.45534836,
  "roa": 7.60885798,
  "roic": 6.34753245,
  "net_profit_margin": 28.170457272055767,
  "net_margin": 28.170457272055767,
  "gross_profit_margin": 25.868846558750374,
  "gross_margin": 25.868846558750374,
  "ebit_margin": 15.466017712660015,
  "pe_ratio": 18.3444762203,
  "pb_ratio": 2.0685243127,
  "ps_ratio": 4.7376456579,
  "ev_ebitda": 19.3684296718,
  "ebitda": 392731906949.0,
  "dividend_per_share": 0.0,
  "eps": 3395.216160917794,
  "eps_ttm": 3395.216160917794,
  "earnings_per_share": 3395.216160917794,
  "bvps": 27604.2199013237,
  "book_value_per_share": 27604.2199013237,
  "market_cap": 7737004205800.0,
  "debt_to_equity": 0.5135980295,
  "current_ratio": 4.2528426428,
  "quick_ratio": 0.6595213577,
  "cash_ratio": 0.315025521,
  "interest_coverage": -17.952771178871394,
  "asset_turnover": 0.2701006202,
  "inventory_turnover": 3.3084980037,
  "fixed_asset_turnover": 0.9099644737,
  "current_price": 57300.0,
  "working_capital": 1966043508015.0
}