{
  "symbol": "PIA",
  "data_source": "VCI",
  "data_period": "year",
  "last_updated": "2025-11-17T14:32:29.892304",
  "name": "Công ty Cổ phần Tin học Viễn thông Petrolimex",
  "exchange": "HNX",
  "sector": "Viễn thông",
  "shares_outstanding": 3900000.0,
  "charter_capital": 39000000000.0,
  "revenue": 158894205729.0,
  "revenue_ttm": 158894205729.0,
  "net_income": 13988503533.0,
  "net_income_ttm": 13988503533.0,
  "total_assets": 101116066364.0,
  "total_equity": 72727670183.0,
  "total_liabilities": 28388396181.0,
  "total_debt": 28388396181.0,
  "current_assets": 86888587524.0,
  "current_liabilities": 28268396181.0,
  "cash": 25269180330.0,
  "accounts_receivable": 46909061211.0,
  "fixed_assets": 4131465827.0,
  "ppe": 4131465827.0,
  "depreciation": 1576637055.0,
  "roe": 19.70917731,
  "roa": 14.30718681,
  "roic": 24.416183020000002,
  "net_profit_margin": 8.803658678943847,
  "net_margin": 8.803658678943847,
  "gross_profit_margin": 36.649589311847144,
  "gross_margin": 36.649589311847144,
  "ebit_margin": 11.175562365871148,
  "pe_ratio": 11.3355635435,
  "pb_ratio": 1.3996048511,
  "ps_ratio": 0.640614927,
  "ev_ebitda": 3.9578455289,
  "ebitda": 19333958112.0,
  "dividend_per_share": 0.0,
  "eps": 3586.7957776923076,
  "eps_ttm": 3586.7957776923076,
  "earnings_per_share": 3586.7957776923076,
  "bvps": 18648.1205597436,
  "book_value_per_share": 18648.1205597436,
  "market_cap": 101790000000.0,
  "debt_to_equity": 0.3903383143,
  "current_ratio": 3.0737006432,
  "quick_ratio": 2.5533192997,
  "cash_ratio": 0.8939021573,
  "asset_turnover": 1.6251410161,
  "inventory_turnover": 11.3553489511,
  "fixed_asset_turnover": 50.2638580098,
  "current_price": 26100.0,
  "working_capital": 58620191343.0
}