{
  "symbol": "PIC",
  "data_source": "VCI",
  "data_period": "year",
  "last_updated": "2025-11-17T14:32:37.967245",
  "name": "Công ty Cổ phần Đầu tư Điện lực 3",
  "exchange": "HNX",
  "sector": "Điện, nước & xăng dầu khí đốt",
  "shares_outstanding": 33339891.0,
  "charter_capital": 333398910000.0,
  "revenue": 116730807384.0,
  "revenue_ttm": 116730807384.0,
  "net_income": 32205485886.0,
  "net_income_ttm": 32205485886.0,
  "total_assets": 433285718084.0,
  "total_equity": 369631263865.0,
  "total_liabilities": 63654454219.0,
  "total_debt": 63654454219.0,
  "current_assets": 79000867628.0,
  "current_liabilities": 23654454219.0,
  "cash": 15070649584.0,
  "accounts_receivable": 37126533042.0,
  "fixed_assets": 327244617453.0,
  "ppe": 327244617453.0,
  "depreciation": 37221599963.0,
  "roe": 8.834425009999999,
  "roa": 7.31204332,
  "roic": 8.90464058,
  "net_profit_margin": 27.589534080798554,
  "net_margin": 27.589534080798554,
  "gross_profit_margin": 44.3252524329683,
  "gross_margin": 44.3252524329683,
  "ebit_margin": 31.2481277114851,
  "pe_ratio": 20.4206119939,
  "pb_ratio": 1.5333609529,
  "ps_ratio": 4.8554289969,
  "ev_ebitda": 8.0288361904,
  "ebitda": 73697791733.0,
  "dividend_per_share": 0.0,
  "eps": 965.9745404086653,
  "eps_ttm": 965.9745404086653,
  "earnings_per_share": 965.9745404086653,
  "bvps": 11086.7568182811,
  "book_value_per_share": 11086.7568182811,
  "market_cap": 566778147000.0,
  "debt_to_equity": 0.1722106879,
  "current_ratio": 3.3397882232,
  "quick_ratio": 2.2066534338,
  "cash_ratio": 0.6371167749,
  "interest_coverage": -14.206397981739945,
  "asset_turnover": 0.2650296049,
  "inventory_turnover": 233.9054618662,
  "fixed_asset_turnover": 0.337715785,
  "current_price": 17200.0,
  "working_capital": 55346413409.0
}