{
  "symbol": "PIT",
  "data_source": "VCI",
  "data_period": "year",
  "last_updated": "2025-11-17T16:51:13.891954",
  "name": "Công ty Cổ phần Xuất nhập khẩu Petrolimex",
  "exchange": "HSX",
  "sector": "Bán lẻ",
  "shares_outstanding": 15199345.0,
  "charter_capital": 151993450000.0,
  "revenue": 735928672204.0,
  "revenue_ttm": 735928672204.0,
  "net_income": 2851329228.0,
  "net_income_ttm": 2851329228.0,
  "total_assets": 344602446151.0,
  "total_equity": 112231694257.0,
  "total_liabilities": 232370751894.0,
  "total_debt": 232370751894.0,
  "current_assets": 285453067494.0,
  "current_liabilities": 229744544228.0,
  "cash": 5345014892.0,
  "accounts_receivable": 76811343011.0,
  "fixed_assets": 55364423543.0,
  "ppe": 55364423543.0,
  "depreciation": 8044249928.0,
  "roe": 2.5732618,
  "roa": 0.9044208499999999,
  "roic": 4.3257391300000005,
  "net_profit_margin": 0.38754142626086524,
  "net_margin": 0.38754142626086524,
  "gross_profit_margin": 9.772589024819508,
  "gross_margin": 9.772589024819508,
  "ebit_margin": 1.8590711160849829,
  "pe_ratio": 34.6490126534,
  "pb_ratio": 0.8802838018,
  "ps_ratio": 0.1342792778,
  "ev_ebitda": 13.6919570857,
  "ebitda": 21722332969.0,
  "dividend_per_share": 0.0,
  "eps": 187.59553309698543,
  "eps_ttm": 187.59553309698543,
  "earnings_per_share": 187.59553309698543,
  "bvps": 7383.9822871972,
  "book_value_per_share": 7383.9822871972,
  "market_cap": 98795742500.0,
  "debt_to_equity": 2.0704557071,
  "current_ratio": 1.2424802881,
  "quick_ratio": 0.3751396176,
  "cash_ratio": 0.0408059198,
  "interest_coverage": -1.1883164126561017,
  "asset_turnover": 2.3337398055,
  "inventory_turnover": 5.4057817324,
  "fixed_asset_turnover": 12.4015523073,
  "current_price": 6250.0,
  "working_capital": 55708523266.0
}