{
  "symbol": "PJC",
  "data_source": "VCI",
  "data_period": "year",
  "last_updated": "2025-11-17T14:32:46.392128",
  "name": "Công ty Cổ phần Thương mại và Vận tải Petrolimex Hà Nội",
  "exchange": "HNX",
  "sector": "Điện, nước & xăng dầu khí đốt",
  "shares_outstanding": 7326928.0,
  "charter_capital": 73269280000.0,
  "revenue": 1188944768920.0,
  "revenue_ttm": 1188944768920.0,
  "net_income": 26461493137.0,
  "net_income_ttm": 26461493137.0,
  "total_assets": 251796545855.0,
  "total_equity": 154170162930.0,
  "total_liabilities": 97626382925.0,
  "total_debt": 97626382925.0,
  "current_assets": 83117656351.0,
  "current_liabilities": 82217552425.0,
  "cash": 28449127158.0,
  "accounts_receivable": 38627025704.0,
  "fixed_assets": 116244706965.0,
  "ppe": 116244706965.0,
  "depreciation": 29517471926.0,
  "roe": 17.25013442,
  "roa": 10.94515084,
  "roic": 20.04735076,
  "net_profit_margin": 2.2256284588422712,
  "net_margin": 2.2256284588422712,
  "gross_profit_margin": 10.150254667138386,
  "gross_margin": 10.150254667138386,
  "ebit_margin": 2.5995348255810886,
  "pe_ratio": 11.9110312012,
  "pb_ratio": 1.5207981333,
  "ps_ratio": 0.1972015035,
  "ev_ebitda": 3.409420863,
  "ebitda": 60424505251.0,
  "dividend_per_share": 0.0,
  "eps": 3611.5399437526885,
  "eps_ttm": 3611.5399437526885,
  "earnings_per_share": 3611.5399437526885,
  "bvps": 21041.5829021385,
  "book_value_per_share": 21041.5829021385,
  "market_cap": 234461696000.0,
  "debt_to_equity": 0.6332378527,
  "current_ratio": 1.0109478317,
  "quick_ratio": 0.8164589077,
  "cash_ratio": 0.3466440742,
  "interest_coverage": 0.0,
  "asset_turnover": 4.9177798726,
  "inventory_turnover": 131.1439751389,
  "fixed_asset_turnover": 12.3888521937,
  "current_price": 32000.0,
  "working_capital": 900103926.0
}