{
  "symbol": "PJT",
  "data_source": "VCI",
  "data_period": "year",
  "last_updated": "2025-11-17T16:51:23.002924",
  "name": "Công ty Cổ phần Vận tải Xăng dầu đường thủy Petrolimex",
  "exchange": "HSX",
  "sector": "Hàng & Dịch vụ Công nghiệp",
  "shares_outstanding": 24882785.0,
  "charter_capital": 248827850000.0,
  "revenue": 699399765438.0,
  "revenue_ttm": 699399765438.0,
  "net_income": 28776520948.0,
  "net_income_ttm": 28776520948.0,
  "total_assets": 443502071944.0,
  "total_equity": 325922344630.0,
  "total_liabilities": 117579727314.0,
  "total_debt": 117579727314.0,
  "current_assets": 180889257420.0,
  "current_liabilities": 102772784314.0,
  "cash": 88249283257.0,
  "accounts_receivable": 37352850415.0,
  "fixed_assets": 262188894204.0,
  "ppe": 262188894204.0,
  "depreciation": 55703719745.0,
  "roe": 9.2106721,
  "roa": 6.5915541,
  "roic": 8.55396032,
  "net_profit_margin": 4.114459622384727,
  "net_margin": 4.114459622384727,
  "gross_profit_margin": 10.080699560407565,
  "gross_margin": 10.080699560407565,
  "ebit_margin": 4.567567912178816,
  "pe_ratio": 9.1563427391,
  "pb_ratio": 0.6947463015,
  "ps_ratio": 0.3237538168,
  "ev_ebitda": 2.1189107925,
  "ebitda": 87649279009.0,
  "dividend_per_share": 0.0,
  "eps": 1156.483124698461,
  "eps_ttm": 1156.483124698461,
  "earnings_per_share": 1156.483124698461,
  "bvps": 13098.3065050797,
  "book_value_per_share": 13098.3065050797,
  "market_cap": 226433343500.0,
  "debt_to_equity": 0.3607599456,
  "current_ratio": 1.7600890997,
  "quick_ratio": 1.2221341916,
  "cash_ratio": 0.8586833941,
  "interest_coverage": -6.336507434116153,
  "asset_turnover": 1.6020461257,
  "inventory_turnover": 12.5309428406,
  "fixed_asset_turnover": 2.4117466491,
  "current_price": 9100.0,
  "working_capital": 78116473106.0
}