{
  "symbol": "PLC",
  "data_source": "VCI",
  "data_period": "year",
  "last_updated": "2025-11-17T14:33:13.396843",
  "name": "Tổng Công ty Hóa dầu Petrolimex - Công ty Cổ phần",
  "exchange": "HNX",
  "sector": "Hóa chất",
  "shares_outstanding": 80798839.0,
  "charter_capital": 807988390000.0,
  "revenue": 6931744246143.0,
  "revenue_ttm": 6931744246143.0,
  "net_income": 43221032080.0,
  "net_income_ttm": 43221032080.0,
  "total_assets": 4079954802914.0,
  "total_equity": 1249651256240.0,
  "total_liabilities": 2830303546674.0,
  "total_debt": 2830303546674.0,
  "current_assets": 3238681107303.0,
  "current_liabilities": 2812477395506.0,
  "cash": 298965403934.0,
  "accounts_receivable": 1205966310749.0,
  "fixed_assets": 641644077421.0,
  "ppe": 641644077421.0,
  "depreciation": 98631882901.0,
  "roe": 3.37252373,
  "roa": 1.0390493699999999,
  "roic": 4.72216755,
  "net_profit_margin": 0.6235231789466164,
  "net_margin": 0.6235231789466164,
  "gross_profit_margin": 11.86830408780244,
  "gross_margin": 11.86830408780244,
  "ebit_margin": 2.0223491831655793,
  "pe_ratio": 49.3530405672,
  "pb_ratio": 1.7069477096,
  "ps_ratio": 0.3077276475,
  "ev_ebitda": 14.8780300176,
  "ebitda": 238815956042.0,
  "dividend_per_share": 0.0,
  "eps": 534.9214495520165,
  "eps_ttm": 534.9214495520165,
  "earnings_per_share": 534.9214495520165,
  "bvps": 15466.2031250226,
  "book_value_per_share": 15466.2031250226,
  "market_cap": 2133089349600.0,
  "debt_to_equity": 2.2648747261,
  "current_ratio": 1.1515403155,
  "quick_ratio": 0.5350911325,
  "cash_ratio": 0.1062996646,
  "interest_coverage": -1.6380694887642164,
  "asset_turnover": 1.6664165937,
  "inventory_turnover": 5.0309162657,
  "fixed_asset_turnover": 10.2875997994,
  "current_price": 26500.0,
  "working_capital": 426203711797.0
}