{
  "symbol": "PLP",
  "data_source": "VCI",
  "data_period": "year",
  "last_updated": "2025-11-17T16:51:31.648932",
  "name": "Công ty Cổ phần Sản xuất và Công nghệ Nhựa Pha Lê",
  "exchange": "HSX",
  "sector": "Hóa chất",
  "shares_outstanding": 70000000.0,
  "charter_capital": 700000000000.0,
  "revenue": 2002833899638.0,
  "revenue_ttm": 2002833899638.0,
  "net_income": 8826085169.0,
  "net_income_ttm": 8826085169.0,
  "total_assets": 2391993955389.0,
  "total_equity": 800313882869.0,
  "total_liabilities": 1591680072520.0,
  "total_debt": 1591680072520.0,
  "current_assets": 1514439559341.0,
  "current_liabilities": 1196782361425.0,
  "cash": 16016322858.0,
  "accounts_receivable": 998826186468.0,
  "fixed_assets": 557222802707.0,
  "ppe": 557222802707.0,
  "depreciation": 8413302875.0,
  "roe": 1.10894281,
  "roa": 0.42685585000000004,
  "roic": 3.7371538699999998,
  "net_profit_margin": 0.44070541990195433,
  "net_margin": 0.44070541990195433,
  "gross_profit_margin": 6.257005615254947,
  "gross_margin": 6.257005615254947,
  "ebit_margin": 3.728124046371564,
  "pe_ratio": 48.3000097821,
  "pb_ratio": 0.5326660066,
  "ps_ratio": 0.2128607609,
  "ev_ebitda": 19.3536894496,
  "ebitda": 83077100659.0,
  "dividend_per_share": 0.0,
  "eps": 126.08693098571429,
  "eps_ttm": 126.08693098571429,
  "earnings_per_share": 126.08693098571429,
  "bvps": 11433.0554695571,
  "book_value_per_share": 11433.0554695571,
  "market_cap": 426300000000.0,
  "debt_to_equity": 1.9888197701,
  "current_ratio": 1.2654260358,
  "quick_ratio": 0.8479758242,
  "cash_ratio": 0.0133828199,
  "interest_coverage": -1.3301277099582338,
  "asset_turnover": 0.9685740914,
  "inventory_turnover": 5.7374672727,
  "fixed_asset_turnover": 5.4350650181,
  "current_price": 6030.0,
  "working_capital": 317657197916.0
}