{
  "symbol": "PMB",
  "data_source": "VCI",
  "data_period": "year",
  "last_updated": "2025-11-17T14:34:13.641802",
  "name": "Công ty Cổ phần Phân bón và Hóa chất Dầu khí Miền Bắc",
  "exchange": "HNX",
  "sector": "Hóa chất",
  "shares_outstanding": 12000000.0,
  "charter_capital": 120000000000.0,
  "revenue": 2195485569778.0,
  "revenue_ttm": 2195485569778.0,
  "net_income": 9903009178.0,
  "net_income_ttm": 9903009178.0,
  "total_assets": 192855059807.0,
  "total_equity": 142430580249.0,
  "total_liabilities": 50424479558.0,
  "total_debt": 50424479558.0,
  "current_assets": 184250440933.0,
  "current_liabilities": 50424479558.0,
  "cash": 139841793500.0,
  "accounts_receivable": 11056592760.0,
  "fixed_assets": 3719537224.0,
  "ppe": 3719537224.0,
  "depreciation": 2916576179.0,
  "roe": 6.90720456,
  "roa": 5.24265696,
  "roic": 2.50157948,
  "net_profit_margin": 0.45989665138908237,
  "net_margin": 0.45989665138908237,
  "gross_profit_margin": 3.4734752293462976,
  "gross_margin": 3.4734752293462976,
  "ebit_margin": 0.16546670358494953,
  "pe_ratio": 15.6690182534,
  "pb_ratio": 0.8509408569,
  "ps_ratio": 0.0562853908,
  "ev_ebitda": -2.8770018635,
  "ebitda": 6479590346.0,
  "dividend_per_share": 0.0,
  "eps": 825.2507648333333,
  "eps_ttm": 825.2507648333333,
  "earnings_per_share": 825.2507648333333,
  "bvps": 11869.21502075,
  "book_value_per_share": 11869.21502075,
  "market_cap": 121200000000.0,
  "debt_to_equity": 0.354028464,
  "current_ratio": 3.6539879548,
  "quick_ratio": 2.9925620965,
  "cash_ratio": 2.7732917568,
  "interest_coverage": -472.9091264196674,
  "asset_turnover": 11.3996415142,
  "inventory_turnover": 64.0598910454,
  "fixed_asset_turnover": 476.8193156862,
  "current_price": 10200.0,
  "working_capital": 133825961375.0
}