{
  "symbol": "PMC",
  "data_source": "VCI",
  "data_period": "year",
  "last_updated": "2025-11-17T14:34:22.152337",
  "name": "Công ty Cổ phần Dược phẩm Dược liệu Pharmedic",
  "exchange": "HNX",
  "sector": "Y tế",
  "shares_outstanding": 9332573.0,
  "charter_capital": 93325730000.0,
  "revenue": 498360089687.0,
  "revenue_ttm": 498360089687.0,
  "net_income": 80133203919.0,
  "net_income_ttm": 80133203919.0,
  "total_assets": 375839227615.0,
  "total_equity": 289611822269.0,
  "total_liabilities": 86227405346.0,
  "total_debt": 86227405346.0,
  "current_assets": 335435862125.0,
  "current_liabilities": 86227405346.0,
  "cash": 60084311574.0,
  "accounts_receivable": 62795373353.0,
  "fixed_assets": 34272818764.0,
  "ppe": 34272818764.0,
  "depreciation": 11432305934.0,
  "roe": 25.32620109,
  "roa": 19.97801652,
  "roic": 31.243183540000004,
  "net_profit_margin": 16.085029674332546,
  "net_margin": 16.085029674332546,
  "gross_profit_margin": 37.5791001926191,
  "gross_margin": 37.5791001926191,
  "ebit_margin": 18.162721576811055,
  "pe_ratio": 24.9349578633,
  "pb_ratio": 5.3814781413,
  "ps_ratio": 3.1284356487,
  "ev_ebitda": 14.7028098613,
  "ebitda": 101916259107.0,
  "dividend_per_share": 0.0,
  "eps": 8586.399904827962,
  "eps_ttm": 8586.399904827962,
  "earnings_per_share": 8586.399904827962,
  "bvps": 31032.3661297908,
  "book_value_per_share": 31032.3661297908,
  "market_cap": 1558539691000.0,
  "debt_to_equity": 0.2977344111,
  "current_ratio": 3.8901305308,
  "quick_ratio": 1.4250653192,
  "cash_ratio": 0.6968122412,
  "asset_turnover": 1.2420254685,
  "inventory_turnover": 4.4950010997,
  "fixed_asset_turnover": 13.0381256868,
  "current_price": 170200.0,
  "working_capital": 249208456779.0
}