{
  "symbol": "PMG",
  "data_source": "VCI",
  "data_period": "year",
  "last_updated": "2025-11-17T16:51:48.704825",
  "name": "Công ty Cổ phần Đầu tư và Sản xuất Petro Miền Trung",
  "exchange": "HSX",
  "sector": "Điện, nước & xăng dầu khí đốt",
  "shares_outstanding": 46336278.0,
  "charter_capital": 463362780000.0,
  "revenue": 2055746202576.0,
  "revenue_ttm": 2055746202576.0,
  "net_income": 31482864892.0,
  "net_income_ttm": 31482864892.0,
  "total_assets": 1772788225879.0,
  "total_equity": 668811932489.0,
  "total_liabilities": 1103976293390.0,
  "total_debt": 1103976293390.0,
  "current_assets": 806532268064.0,
  "current_liabilities": 1034870658607.0,
  "cash": 149697944432.0,
  "accounts_receivable": 309844573110.0,
  "fixed_assets": 441318250627.0,
  "ppe": 441318250627.0,
  "depreciation": 45281709073.0,
  "roe": 6.1664788,
  "roa": 1.39622861,
  "roic": 2.99825652,
  "net_profit_margin": 1.224261609905853,
  "net_margin": 1.224261609905853,
  "gross_profit_margin": 14.629027763373909,
  "gross_margin": 14.629027763373909,
  "ebit_margin": 1.6665911235068134,
  "pe_ratio": 14.1884055655,
  "pb_ratio": 0.8487558465,
  "ps_ratio": 0.1737032024,
  "ev_ebitda": 8.3341540848,
  "ebitda": 79024745509.0,
  "dividend_per_share": 0.0,
  "eps": 534.9438289583811,
  "eps_ttm": 534.9438289583811,
  "earnings_per_share": 534.9438289583811,
  "bvps": 8942.5009924837,
  "book_value_per_share": 8942.5009924837,
  "market_cap": 351692350020.0,
  "debt_to_equity": 1.6506528065,
  "current_ratio": 0.7793556242,
  "quick_ratio": 0.4440579252,
  "cash_ratio": 0.1446537721,
  "interest_coverage": -1.3955287363483957,
  "asset_turnover": 1.1404658965,
  "inventory_turnover": 47.3582325247,
  "fixed_asset_turnover": 4.4353456216,
  "current_price": 7780.0,
  "working_capital": -228338390543.0
}