{
  "symbol": "PMP",
  "data_source": "VCI",
  "data_period": "year",
  "last_updated": "2025-11-17T14:34:30.092212",
  "name": "Công ty Cổ phần Bao bì Đạm Phú Mỹ",
  "exchange": "HNX",
  "sector": "Hàng & Dịch vụ Công nghiệp",
  "shares_outstanding": 4200000.0,
  "charter_capital": 42000000000.0,
  "revenue": 613868831563.0,
  "revenue_ttm": 613868831563.0,
  "net_income": 7417636511.0,
  "net_income_ttm": 7417636511.0,
  "total_assets": 242198777206.0,
  "total_equity": 70598266916.0,
  "total_liabilities": 171600510290.0,
  "total_debt": 171600510290.0,
  "current_assets": 180935151584.0,
  "current_liabilities": 170535572178.0,
  "cash": 10203265909.0,
  "accounts_receivable": 78001950187.0,
  "fixed_assets": 56774584159.0,
  "ppe": 56774584159.0,
  "depreciation": 12278701231.0,
  "roe": 10.64744652,
  "roa": 3.0875213599999998,
  "roic": 7.75889208,
  "net_profit_margin": 1.2083422597159088,
  "net_margin": 1.2083422597159088,
  "gross_profit_margin": 11.061907191166945,
  "gross_margin": 11.061907191166945,
  "ebit_margin": 2.299508991857214,
  "pe_ratio": 8.6598061291,
  "pb_ratio": 0.7733900899,
  "ps_ratio": 0.0889440825,
  "ev_ebitda": 5.900102473,
  "ebitda": 26394670211.0,
  "dividend_per_share": 0.0,
  "eps": 1766.1039311904763,
  "eps_ttm": 1766.1039311904763,
  "earnings_per_share": 1766.1039311904763,
  "bvps": 16809.1111704762,
  "book_value_per_share": 16809.1111704762,
  "market_cap": 54600000000.0,
  "debt_to_equity": 2.4306617965,
  "current_ratio": 1.0609818777,
  "quick_ratio": 0.5172247348,
  "cash_ratio": 0.0598307191,
  "interest_coverage": -2.3037659255713603,
  "asset_turnover": 2.5551712182,
  "inventory_turnover": 6.7594733346,
  "fixed_asset_turnover": 10.6792165727,
  "current_price": 13000.0,
  "working_capital": 10399579406.0
}