{
  "symbol": "PMS",
  "data_source": "VCI",
  "data_period": "year",
  "last_updated": "2025-11-17T14:34:38.282210",
  "name": "Công ty Cổ phần Cơ khí Xăng dầu",
  "exchange": "HNX",
  "sector": "Hàng & Dịch vụ Công nghiệp",
  "shares_outstanding": 7227662.0,
  "charter_capital": 72276620000.0,
  "revenue": 1385858111571.0,
  "revenue_ttm": 1385858111571.0,
  "net_income": 31403406955.0,
  "net_income_ttm": 31403406955.0,
  "total_assets": 328073585083.0,
  "total_equity": 174198772689.0,
  "total_liabilities": 153874812394.0,
  "total_debt": 153874812394.0,
  "current_assets": 200884993115.0,
  "current_liabilities": 151153166394.0,
  "cash": 20834914435.0,
  "accounts_receivable": 117493750340.0,
  "fixed_assets": 55690915511.0,
  "ppe": 55690915511.0,
  "depreciation": 9318943974.0,
  "roe": 18.17104041,
  "roa": 8.37975615,
  "roic": 16.88288996,
  "net_profit_margin": 2.2659900528634416,
  "net_margin": 2.2659900528634416,
  "gross_profit_margin": 9.534685147183653,
  "gross_margin": 9.534685147183653,
  "ebit_margin": 2.6336716205835113,
  "pe_ratio": 8.2092094645,
  "pb_ratio": 1.4106902374,
  "ps_ratio": 0.1773201065,
  "ev_ebitda": 5.8251436736,
  "ebitda": 45817895760.0,
  "dividend_per_share": 0.0,
  "eps": 4344.891467669629,
  "eps_ttm": 4344.891467669629,
  "earnings_per_share": 4344.891467669629,
  "bvps": 24101.6766817541,
  "book_value_per_share": 24101.6766817541,
  "market_cap": 245740508000.0,
  "debt_to_equity": 0.8833289122,
  "current_ratio": 1.3290161093,
  "quick_ratio": 0.9151555874,
  "cash_ratio": 0.1378397485,
  "interest_coverage": -10.472772280293082,
  "asset_turnover": 3.6980551341,
  "inventory_turnover": 17.496650908,
  "fixed_asset_turnover": 24.6188387624,
  "current_price": 34000.0,
  "working_capital": 49731826721.0
}