{
  "symbol": "PNC",
  "data_source": "VCI",
  "data_period": "year",
  "last_updated": "2025-11-17T16:53:13.152634",
  "name": "Công ty Cổ phần Văn hóa Phương Nam",
  "exchange": "HSX",
  "sector": "Truyền thông",
  "shares_outstanding": 11040241.0,
  "charter_capital": 110402410000.0,
  "revenue": 621107189719.0,
  "revenue_ttm": 621107189719.0,
  "net_income": 10213532598.0,
  "net_income_ttm": 10213532598.0,
  "total_assets": 570849360405.0,
  "total_equity": 187057582769.0,
  "total_liabilities": 383791777636.0,
  "total_debt": 383791777636.0,
  "current_assets": 518254932814.0,
  "current_liabilities": 382548777636.0,
  "cash": 119000939764.0,
  "accounts_receivable": 49001723412.0,
  "fixed_assets": 29928993906.0,
  "ppe": 29928993906.0,
  "depreciation": 11050688814.0,
  "roe": 5.53127344,
  "roa": 1.85942095,
  "roic": -2.5457469,
  "net_profit_margin": 1.66215083990926,
  "net_margin": 1.66215083990926,
  "gross_profit_margin": 40.520025173493714,
  "gross_margin": 40.520025173493714,
  "ebit_margin": -0.7780483975604514,
  "pe_ratio": 26.5911843913,
  "pb_ratio": 1.4519054752,
  "ps_ratio": 0.4419855947,
  "ev_ebitda": 24.4557936623,
  "ebitda": 6269761307.0,
  "dividend_per_share": 0.0,
  "eps": 925.118627211127,
  "eps_ttm": 925.118627211127,
  "earnings_per_share": 925.118627211127,
  "bvps": 16943.2517613519,
  "book_value_per_share": 16943.2517613519,
  "market_cap": 271589928600.0,
  "debt_to_equity": 2.0517306594,
  "current_ratio": 1.3547420959,
  "quick_ratio": 0.4391666449,
  "cash_ratio": 0.3110738989,
  "interest_coverage": 109.72629717682648,
  "asset_turnover": 1.1186836406,
  "inventory_turnover": 1.1979120892,
  "fixed_asset_turnover": 28.1992087636,
  "current_price": 24600.0,
  "working_capital": 135706155178.0
}