{
  "symbol": "PNJ",
  "data_source": "VCI",
  "data_period": "year",
  "last_updated": "2025-11-17T16:53:21.641292",
  "name": "Công ty Cổ phần Vàng bạc Đá quý Phú Nhuận",
  "exchange": "HSX",
  "sector": "Hàng cá nhân & Gia dụng",
  "shares_outstanding": 341318666.0,
  "charter_capital": 3413186660000.0,
  "revenue": 38232401184050.0,
  "revenue_ttm": 38232401184050.0,
  "net_income": 2112916282946.0,
  "net_income_ttm": 2112916282946.0,
  "total_assets": 17207730777685.0,
  "total_equity": 11255306630522.0,
  "total_liabilities": 5952424147163.0,
  "total_debt": 5952424147163.0,
  "current_assets": 15692597267632.0,
  "current_liabilities": 5941881733413.0,
  "cash": 1122712392130.0,
  "accounts_receivable": 401134922152.0,
  "fixed_assets": 857118818527.0,
  "ppe": 857118818527.0,
  "depreciation": 80821846271.0,
  "roe": 20.06426473,
  "roa": 13.357970569999999,
  "roic": 18.29284291,
  "net_profit_margin": 5.5863505780167495,
  "net_margin": 5.5863505780167495,
  "gross_profit_margin": 17.644109060228992,
  "gross_margin": 17.644109060228992,
  "ebit_margin": 7.059699358344627,
  "pe_ratio": 15.1582624914,
  "pb_ratio": 2.7033230492,
  "ps_ratio": 0.8044539256,
  "ev_ebitda": 11.8667954383,
  "ebitda": 2751000439367.0,
  "dividend_per_share": 0.0,
  "eps": 6249.84894745889,
  "eps_ttm": 6249.84894745889,
  "earnings_per_share": 6249.84894745889,
  "bvps": 33292.3584648681,
  "book_value_per_share": 33292.3584648681,
  "market_cap": 30426729840000.0,
  "debt_to_equity": 0.5288549075,
  "current_ratio": 2.6410147444,
  "quick_ratio": 0.2564587083,
  "cash_ratio": 0.1889489631,
  "interest_coverage": -57.0852193432486,
  "asset_turnover": 2.3911801418,
  "inventory_turnover": 2.5936882365,
  "fixed_asset_turnover": 43.4786752426,
  "current_price": 89800.0,
  "working_capital": 9750715534219.0
}