{
  "symbol": "POT",
  "data_source": "VCI",
  "data_period": "year",
  "last_updated": "2025-11-17T14:34:46.811649",
  "name": "Công ty Cổ phần Thiết bị Bưu điện",
  "exchange": "HNX",
  "sector": "Công nghệ Thông tin",
  "shares_outstanding": 19430006.0,
  "charter_capital": 194400000000.0,
  "revenue": 1618372119969.0,
  "revenue_ttm": 1618372119969.0,
  "net_income": 3359281176.0,
  "net_income_ttm": 3359281176.0,
  "total_assets": 2539858692859.0,
  "total_equity": 306790385156.0,
  "total_liabilities": 2233068307703.0,
  "total_debt": 2233068307703.0,
  "current_assets": 1371007217058.0,
  "current_liabilities": 1231915037626.0,
  "cash": 106217672636.0,
  "accounts_receivable": 870835882277.0,
  "fixed_assets": 248776070316.0,
  "ppe": 248776070316.0,
  "depreciation": 33320588054.0,
  "roe": 1.08771576,
  "roa": 0.1393481,
  "roic": 4.19698626,
  "net_profit_margin": 0.20757161684571948,
  "net_margin": 0.20757161684571948,
  "gross_profit_margin": 6.51755783330106,
  "gross_margin": 6.51755783330106,
  "ebit_margin": 2.738155246201895,
  "pe_ratio": 143.8764348358,
  "pb_ratio": 1.2603299781,
  "ps_ratio": 0.2389173137,
  "ev_ebitda": 13.2608044024,
  "ebitda": 77634129160.0,
  "dividend_per_share": 0.0,
  "eps": 172.89141217969774,
  "eps_ttm": 172.89141217969774,
  "earnings_per_share": 172.89141217969774,
  "bvps": 15789.5157189349,
  "book_value_per_share": 15789.5157189349,
  "market_cap": 386657119400.0,
  "debt_to_equity": 7.2788079932,
  "current_ratio": 1.1129072827,
  "quick_ratio": 0.7931768223,
  "cash_ratio": 0.0862807656,
  "interest_coverage": -1.1537295643892682,
  "asset_turnover": 0.6713254072,
  "inventory_turnover": 3.8229139824,
  "fixed_asset_turnover": 5.8404956975,
  "current_price": 20000.0,
  "working_capital": 139092179432.0
}