{
  "symbol": "POW",
  "data_source": "VCI",
  "data_period": "year",
  "last_updated": "2025-11-17T16:53:29.720704",
  "name": "Tổng Công ty Điện lực Dầu khí Việt Nam - CTCP",
  "exchange": "HSX",
  "sector": "Điện, nước & xăng dầu khí đốt",
  "shares_outstanding": 2341871600.0,
  "charter_capital": 23418716000000.0,
  "revenue": 30305634268649.0,
  "revenue_ttm": 30305634268649.0,
  "net_income": 1211341955166.0,
  "net_income_ttm": 1211341955166.0,
  "total_assets": 79915032729562.0,
  "total_equity": 34680634910666.0,
  "total_liabilities": 45234397818896.0,
  "total_debt": 45234397818896.0,
  "current_assets": 29980558720344.0,
  "current_liabilities": 33457348745405.0,
  "cash": 11564348565017.0,
  "accounts_receivable": 11873163177188.0,
  "fixed_assets": 24321200716711.0,
  "ppe": 24321200716711.0,
  "depreciation": 2818161656247.0,
  "roe": 3.50525618,
  "roa": 1.47938456,
  "roic": 1.95304881,
  "net_profit_margin": 3.667926132534146,
  "net_margin": 3.667926132534146,
  "gross_profit_margin": 6.591743500401104,
  "gross_margin": 6.591743500401104,
  "ebit_margin": 3.69528293470666,
  "pe_ratio": 36.9460311265,
  "pb_ratio": 1.0901201447,
  "ps_ratio": 1.151399325,
  "ev_ebitda": 11.6781278727,
  "ebitda": 3938040587631.0,
  "dividend_per_share": 0.0,
  "eps": 474.65808072910573,
  "eps_ttm": 474.65808072910573,
  "earnings_per_share": 474.65808072910573,
  "bvps": 13668.2181987872,
  "book_value_per_share": 13668.2181987872,
  "market_cap": 34893886840000.0,
  "debt_to_equity": 1.3043128517,
  "current_ratio": 0.8960829188,
  "quick_ratio": 0.7005190973,
  "cash_ratio": 0.3456444996,
  "interest_coverage": -2.9343346049007337,
  "asset_turnover": 0.4033299767,
  "inventory_turnover": 14.2878965456,
  "fixed_asset_turnover": 1.1949493006,
  "current_price": 15300.0,
  "working_capital": -3476790025061.0
}