{
  "symbol": "PPC",
  "data_source": "VCI",
  "data_period": "year",
  "last_updated": "2025-11-17T16:53:37.782722",
  "name": "Công ty Cổ phần Nhiệt điện Phả Lại",
  "exchange": "HSX",
  "sector": "Điện, nước & xăng dầu khí đốt",
  "shares_outstanding": 326235000.0,
  "charter_capital": 3262350000000.0,
  "revenue": 7681064352700.0,
  "revenue_ttm": 7681064352700.0,
  "net_income": 427065519869.0,
  "net_income_ttm": 427065519869.0,
  "total_assets": 5533688169131.0,
  "total_equity": 4524331964197.0,
  "total_liabilities": 1009356204934.0,
  "total_debt": 1009356204934.0,
  "current_assets": 2730492704426.0,
  "current_liabilities": 1009356204934.0,
  "cash": 25465520493.0,
  "accounts_receivable": 1837988295371.0,
  "fixed_assets": 219362891872.0,
  "ppe": 219362891872.0,
  "depreciation": 57802059385.0,
  "roe": 8.95770995,
  "roa": 7.5509262999999995,
  "roic": 1.94021723,
  "net_profit_margin": 5.559978412612578,
  "net_margin": 5.559978412612578,
  "gross_profit_margin": 2.9680891608968434,
  "gross_margin": 2.9680891608968434,
  "ebit_margin": 1.1428346913555472,
  "pe_ratio": 9.4607679061,
  "pb_ratio": 0.7679371844,
  "ps_ratio": 0.4523335036,
  "ev_ebitda": 23.6903708354,
  "ebitda": 145583927473.0,
  "dividend_per_share": 0.0,
  "eps": 1309.0732749980841,
  "eps_ttm": 1309.0732749980841,
  "earnings_per_share": 1309.0732749980841,
  "bvps": 13868.3218054378,
  "book_value_per_share": 13868.3218054378,
  "market_cap": 3474402750000.0,
  "debt_to_equity": 0.2230950808,
  "current_ratio": 2.7051824629,
  "quick_ratio": 1.8461805721,
  "cash_ratio": 0.0252294684,
  "interest_coverage": -182.8316058832309,
  "asset_turnover": 1.3580855426,
  "inventory_turnover": 9.7696511289,
  "fixed_asset_turnover": 31.196015064,
  "current_price": 10650.0,
  "working_capital": 1721136499492.0
}