{
  "symbol": "PPE",
  "data_source": "VCI",
  "data_period": "year",
  "last_updated": "2025-11-17T14:36:14.156413",
  "name": "Công ty Cổ phần Tư vấn Đầu tư PP Enterprise",
  "exchange": "HNX",
  "sector": "Hàng & Dịch vụ Công nghiệp",
  "shares_outstanding": 2000000.0,
  "charter_capital": 36000000000.0,
  "revenue": 5833760977.0,
  "revenue_ttm": 5833760977.0,
  "net_income": 3069036505.0,
  "net_income_ttm": 3069036505.0,
  "total_assets": 16776644682.0,
  "total_equity": 14227907575.0,
  "total_liabilities": 2548737107.0,
  "total_debt": 2548737107.0,
  "current_assets": 11526644682.0,
  "current_liabilities": 2548737107.0,
  "cash": 3584764211.0,
  "accounts_receivable": 620348251.0,
  "fixed_assets": 0.0,
  "ppe": 0.0,
  "depreciation": 0.0,
  "roe": 24.17822716,
  "roa": 18.665388280000002,
  "roic": -4.00759776,
  "net_profit_margin": 62.22874135793401,
  "net_margin": 62.22874135793401,
  "gross_profit_margin": 1.0567582273883416,
  "gross_margin": 1.0567582273883416,
  "ebit_margin": -11.561498391442566,
  "pe_ratio": 8.3413800906,
  "pb_ratio": 1.7992807351,
  "ps_ratio": 5.1907358422,
  "ev_ebitda": -38.6098559147,
  "ebitda": -570197305.0,
  "dividend_per_share": 0.0,
  "eps": 1534.5182525,
  "eps_ttm": 1534.5182525,
  "earnings_per_share": 1534.5182525,
  "bvps": 7113.9537875,
  "book_value_per_share": 7113.9537875,
  "market_cap": 25600000000.0,
  "debt_to_equity": 0.1791364678,
  "current_ratio": 4.5224925907,
  "quick_ratio": 2.5588444458,
  "cash_ratio": 2.3154500803,
  "interest_coverage": 8.871682992823969,
  "asset_turnover": 0.2999480283,
  "inventory_turnover": 0.0,
  "fixed_asset_turnover": 0.0,
  "current_price": 12800.0,
  "working_capital": 8977907575.0
}