{
  "symbol": "PPP",
  "data_source": "VCI",
  "data_period": "year",
  "last_updated": "2025-11-17T14:36:24.517326",
  "name": "Công ty Cổ phần Dược phẩm Phong Phú",
  "exchange": "HNX",
  "sector": "Y tế",
  "shares_outstanding": 8799991.0,
  "charter_capital": 87999910000.0,
  "revenue": 138083181031.0,
  "revenue_ttm": 138083181031.0,
  "net_income": 17359146633.0,
  "net_income_ttm": 17359146633.0,
  "total_assets": 167142294804.0,
  "total_equity": 135358117743.0,
  "total_liabilities": 31784177061.0,
  "total_debt": 31784177061.0,
  "current_assets": 91227655896.0,
  "current_liabilities": 31567177061.0,
  "cash": 8876231902.0,
  "accounts_receivable": 13936937385.0,
  "fixed_assets": 74287414969.0,
  "ppe": 74287414969.0,
  "depreciation": 4212501914.0,
  "roe": 13.06531662,
  "roa": 10.61188221,
  "roic": 14.9643656,
  "net_profit_margin": 12.620440850784167,
  "net_margin": 12.620440850784167,
  "gross_profit_margin": 33.736783095060744,
  "gross_margin": 33.736783095060744,
  "ebit_margin": 14.726134773305787,
  "pe_ratio": 11.8295078031,
  "pb_ratio": 1.3587645497,
  "ps_ratio": 1.3371331877,
  "ev_ebitda": 7.1539841231,
  "ebitda": 24467985529.0,
  "dividend_per_share": 0.0,
  "eps": 1972.6323166694149,
  "eps_ttm": 1972.6323166694149,
  "earnings_per_share": 1972.6323166694149,
  "bvps": 15381.6200201796,
  "book_value_per_share": 15381.6200201796,
  "market_cap": 183919811900.0,
  "debt_to_equity": 0.234815448,
  "current_ratio": 2.8899529318,
  "quick_ratio": 0.7226863917,
  "cash_ratio": 0.2811854821,
  "interest_coverage": 0.0,
  "asset_turnover": 0.8408487731,
  "inventory_turnover": 2.5918905233,
  "fixed_asset_turnover": 1.8062842136,
  "current_price": 19000.0,
  "working_capital": 59660478835.0
}