{
  "symbol": "PPS",
  "data_source": "VCI",
  "data_period": "year",
  "last_updated": "2025-11-17T14:36:32.487343",
  "name": "Công ty Cổ phần Dịch vụ Kỹ thuật Điện lực Dầu khí Việt Nam",
  "exchange": "HNX",
  "sector": "Hàng & Dịch vụ Công nghiệp",
  "shares_outstanding": 15000000.0,
  "charter_capital": 150000000000.0,
  "revenue": 372622978479.0,
  "revenue_ttm": 372622978479.0,
  "net_income": 18601248084.0,
  "net_income_ttm": 18601248084.0,
  "total_assets": 292024718188.0,
  "total_equity": 189409484678.0,
  "total_liabilities": 102615233510.0,
  "total_debt": 102615233510.0,
  "current_assets": 247269513603.0,
  "current_liabilities": 102615233510.0,
  "cash": 33909703026.0,
  "accounts_receivable": 162630648834.0,
  "fixed_assets": 14812550993.0,
  "ppe": 14812550993.0,
  "depreciation": 3816643049.0,
  "roe": 9.845685490000001,
  "roa": 6.66762516,
  "roic": 10.92731316,
  "net_profit_margin": 4.991975578083764,
  "net_margin": 4.991975578083764,
  "gross_profit_margin": 16.775712746475964,
  "gross_margin": 16.775712746475964,
  "ebit_margin": 5.554506495676687,
  "pe_ratio": 10.5839672209,
  "pb_ratio": 0.8315317486,
  "ps_ratio": 0.4226792471,
  "ev_ebitda": 5.0416188124,
  "ebitda": 24514010593.0,
  "dividend_per_share": 0.0,
  "eps": 1240.0832056,
  "eps_ttm": 1240.0832056,
  "earnings_per_share": 1240.0832056,
  "bvps": 12627.2989785333,
  "book_value_per_share": 12627.2989785333,
  "market_cap": 157500000000.0,
  "debt_to_equity": 0.5417639654,
  "current_ratio": 2.4096764695,
  "quick_ratio": 1.9153135956,
  "cash_ratio": 0.3304548639,
  "interest_coverage": -620.8784899346546,
  "asset_turnover": 1.3356686265,
  "inventory_turnover": 14.7593193622,
  "fixed_asset_turnover": 26.5261611454,
  "current_price": 10500.0,
  "working_capital": 144654280093.0
}