{
  "symbol": "PPT",
  "data_source": "VCI",
  "data_period": "year",
  "last_updated": "2025-11-17T14:36:40.508484",
  "name": "Công ty cổ phần Petro Times",
  "exchange": "HNX",
  "sector": "Điện, nước & xăng dầu khí đốt",
  "shares_outstanding": 19644923.0,
  "charter_capital": 196449230000.0,
  "revenue": 4047883406643.0,
  "revenue_ttm": 4047883406643.0,
  "net_income": 9056356210.0,
  "net_income_ttm": 9056356210.0,
  "total_assets": 496212843140.0,
  "total_equity": 197254168113.0,
  "total_liabilities": 298958675027.0,
  "total_debt": 298958675027.0,
  "current_assets": 329075863016.0,
  "current_liabilities": 298958675027.0,
  "cash": 52351155988.0,
  "accounts_receivable": 88163882854.0,
  "fixed_assets": 64915821433.0,
  "ppe": 64915821433.0,
  "depreciation": 1689744581.0,
  "roe": 4.80695787,
  "roa": 1.84413782,
  "roic": 3.34851458,
  "net_profit_margin": 0.22414982170993716,
  "net_margin": 0.22414982170993716,
  "gross_profit_margin": 0.8748673100557677,
  "gross_margin": 0.8748673100557677,
  "ebit_margin": 0.3714728269866827,
  "pe_ratio": 30.5296977271,
  "pb_ratio": 1.4016830176,
  "ps_ratio": 0.068432263,
  "ev_ebitda": 28.4518768445,
  "ebitda": 16698412524.0,
  "dividend_per_share": 0.0,
  "eps": 497.87587600387644,
  "eps_ttm": 497.87587600387644,
  "earnings_per_share": 497.87587600387644,
  "bvps": 10844.1065553754,
  "book_value_per_share": 10844.1065553754,
  "market_cap": 276487817600.0,
  "debt_to_equity": 1.5156013071,
  "current_ratio": 1.1007403046,
  "quick_ratio": 0.4700149237,
  "cash_ratio": 0.1751116805,
  "interest_coverage": -1.1095612588053787,
  "asset_turnover": 8.2272553697,
  "inventory_turnover": 30.647099511,
  "fixed_asset_turnover": 61.5131351941,
  "current_price": 15100.0,
  "working_capital": 30117187989.0
}