{
  "symbol": "PPY",
  "data_source": "VCI",
  "data_period": "year",
  "last_updated": "2025-11-17T14:36:48.552515",
  "name": "Công ty Cổ phần Xăng dầu dầu khí Phú Yên",
  "exchange": "HNX",
  "sector": "Điện, nước & xăng dầu khí đốt",
  "shares_outstanding": 9343974.0,
  "charter_capital": 93439740000.0,
  "revenue": 4459752853829.0,
  "revenue_ttm": 4459752853829.0,
  "net_income": 11503685014.0,
  "net_income_ttm": 11503685014.0,
  "total_assets": 352115591688.0,
  "total_equity": 157995847710.0,
  "total_liabilities": 194119743978.0,
  "total_debt": 194119743978.0,
  "current_assets": 171724195378.0,
  "current_liabilities": 160295228426.0,
  "cash": 4284486018.0,
  "accounts_receivable": 89099915844.0,
  "fixed_assets": 130820209264.0,
  "ppe": 130820209264.0,
  "depreciation": 12025323477.0,
  "roe": 7.334529689999999,
  "roa": 3.0717636600000002,
  "roic": -3.6103905800000002,
  "net_profit_margin": 0.2579444509828231,
  "net_margin": 0.2579444509828231,
  "gross_profit_margin": 4.036480917780974,
  "gross_margin": 4.036480917780974,
  "ebit_margin": -0.16084653257951695,
  "pe_ratio": 9.3402340043,
  "pb_ratio": 0.5322656717,
  "ps_ratio": 0.0188565978,
  "ev_ebitda": 24.8356887811,
  "ebitda": 4851965650.0,
  "dividend_per_share": 0.0,
  "eps": 1231.1340992601222,
  "eps_ttm": 1231.1340992601222,
  "earnings_per_share": 1231.1340992601222,
  "bvps": 16908.8492444435,
  "book_value_per_share": 16908.8492444435,
  "market_cap": 84095766000.0,
  "debt_to_equity": 1.2286382635,
  "current_ratio": 1.0712994832,
  "quick_ratio": 0.5825775526,
  "cash_ratio": 0.0267287184,
  "interest_coverage": 2.2230830435582116,
  "asset_turnover": 11.908624693,
  "inventory_turnover": 44.970475981,
  "fixed_asset_turnover": 39.7105215577,
  "current_price": 9000.0,
  "working_capital": 11428966952.0
}