{
  "symbol": "PRC",
  "data_source": "VCI",
  "data_period": "year",
  "last_updated": "2025-11-17T14:38:14.157397",
  "name": "Công ty Cổ phần Logistics Portserco",
  "exchange": "HNX",
  "sector": "Hàng & Dịch vụ Công nghiệp",
  "shares_outstanding": 3099849.0,
  "charter_capital": 30998490000.0,
  "revenue": 130366771058.0,
  "revenue_ttm": 130366771058.0,
  "net_income": 1975244349.0,
  "net_income_ttm": 1975244349.0,
  "total_assets": 52816481556.0,
  "total_equity": 35689270232.0,
  "total_liabilities": 17127211324.0,
  "total_debt": 17127211324.0,
  "current_assets": 26470278811.0,
  "current_liabilities": 14856391670.0,
  "cash": 4260018339.0,
  "accounts_receivable": 20006933947.0,
  "fixed_assets": 13555908957.0,
  "ppe": 13555908957.0,
  "depreciation": 0.0,
  "roe": 5.59533183,
  "roa": 3.6007836500000003,
  "roic": 6.0528865000000005,
  "net_profit_margin": 1.5153923860169591,
  "net_margin": 1.5153923860169591,
  "gross_profit_margin": 8.320326472934802,
  "gross_margin": 8.320326472934802,
  "ebit_margin": 1.952624246425046,
  "pe_ratio": 8.2015169456,
  "pb_ratio": 0.4539179393,
  "ps_ratio": 0.1242851633,
  "ev_ebitda": 4.1537804342,
  "ebitda": 4405467280.0,
  "dividend_per_share": 0.0,
  "eps": 1646.0369575,
  "eps_ttm": 1646.0369575,
  "earnings_per_share": 1646.0369575,
  "bvps": 29741.0585266667,
  "book_value_per_share": 29741.0585266667,
  "market_cap": 16200000000.0,
  "debt_to_equity": 0.4798980537,
  "current_ratio": 1.7817434677,
  "quick_ratio": 1.6334351453,
  "cash_ratio": 0.2867465017,
  "interest_coverage": -4.329844392973585,
  "asset_turnover": 2.3761394597,
  "inventory_turnover": 43.5545957023,
  "fixed_asset_turnover": 11.0568201237,
  "current_price": 13800.0,
  "working_capital": 11613887141.0
}