{
  "symbol": "PRE",
  "data_source": "VCI",
  "data_period": "year",
  "last_updated": "2025-11-17T14:38:23.371646",
  "name": "Tổng Công ty Cổ phần Tái bảo hiểm Hà Nội",
  "exchange": "HNX",
  "sector": "Bảo hiểm",
  "shares_outstanding": 104400000.0,
  "charter_capital": 1044000000000.0,
  "revenue": 2431835154282.0,
  "revenue_ttm": 2431835154282.0,
  "net_income": 190524685128.0,
  "net_income_ttm": 190524685128.0,
  "total_assets": 6700999105381.0,
  "total_equity": 1609992472537.0,
  "total_liabilities": 5091006632844.0,
  "total_debt": 5091006632844.0,
  "current_assets": 5400394046451.0,
  "current_liabilities": 5091006632844.0,
  "cash": 8678819224.0,
  "accounts_receivable": 668022058279.0,
  "fixed_assets": 2500088629.0,
  "ppe": 2500088629.0,
  "roe": 11.89450102,
  "roa": 3.02791911,
  "roic": -2.8983200399999998,
  "net_profit_margin": 17.284407569676937,
  "net_margin": 17.284407569676937,
  "ebit_margin": -4.233245263847963,
  "pe_ratio": 12.7194974064,
  "pb_ratio": 1.4525285303,
  "ev_ebitda": -51.2512490441,
  "ebitda": -45459988278.0,
  "dividend_per_share": 0.0,
  "eps": 1824.9490912643678,
  "eps_ttm": 1824.9490912643678,
  "earnings_per_share": 1824.9490912643678,
  "bvps": 15421.3838365613,
  "book_value_per_share": 15421.3838365613,
  "market_cap": 2338560000000.0,
  "debt_to_equity": 3.1621307054,
  "current_ratio": 1.0607713633,
  "quick_ratio": 0.1329208399,
  "cash_ratio": 0.0017047354,
  "asset_turnover": 0.216387205,
  "current_price": 22400.0,
  "working_capital": 309387413607.0
}