{
  "symbol": "PSC",
  "data_source": "VCI",
  "data_period": "year",
  "last_updated": "2025-11-17T14:38:32.593916",
  "name": "Công ty Cổ phần Vận tải và Dịch vụ Petrolimex Sài Gòn",
  "exchange": "HNX",
  "sector": "Hàng & Dịch vụ Công nghiệp",
  "shares_outstanding": 7200000.0,
  "charter_capital": 72000000000.0,
  "revenue": 718691821370.0,
  "revenue_ttm": 718691821370.0,
  "net_income": 990639063.0,
  "net_income_ttm": 990639063.0,
  "total_assets": 221479698226.0,
  "total_equity": 113667979671.0,
  "total_liabilities": 107811718555.0,
  "total_debt": 107811718555.0,
  "current_assets": 34125067805.0,
  "current_liabilities": 60998004294.0,
  "cash": 6251593524.0,
  "accounts_receivable": 18589480410.0,
  "fixed_assets": 141817683448.0,
  "ppe": 141817683448.0,
  "depreciation": 27588279489.0,
  "roe": 0.84605963,
  "roa": 0.43299806,
  "roic": 11.64354938,
  "net_profit_margin": 0.1378392008290289,
  "net_margin": 0.1378392008290289,
  "gross_profit_margin": 10.666857938060858,
  "gross_margin": 10.666857938060858,
  "ebit_margin": 2.329142979822804,
  "pe_ratio": 80.6751954218,
  "pb_ratio": 0.7031003826,
  "ps_ratio": 0.1112020446,
  "ev_ebitda": 2.3408763713,
  "ebitda": 44327639593.0,
  "dividend_per_share": 0.0,
  "eps": 137.58875875,
  "eps_ttm": 137.58875875,
  "earnings_per_share": 137.58875875,
  "bvps": 15787.21939875,
  "book_value_per_share": 15787.21939875,
  "market_cap": 79920000000.0,
  "debt_to_equity": 0.9484792363,
  "current_ratio": 0.5594456442,
  "quick_ratio": 0.4072440438,
  "cash_ratio": 0.1024884928,
  "interest_coverage": -6.759908929513198,
  "asset_turnover": 3.1413274136,
  "inventory_turnover": 112.8986536965,
  "fixed_asset_turnover": 5.1043749478,
  "current_price": 11100.0,
  "working_capital": -26872936489.0
}