{
  "symbol": "PSD",
  "data_source": "VCI",
  "data_period": "year",
  "last_updated": "2025-11-17T14:38:41.282828",
  "name": "Công ty Cổ phần Dịch vụ Phân phối Tổng hợp Dầu khí",
  "exchange": "HNX",
  "sector": "Bán lẻ",
  "shares_outstanding": 51827894.0,
  "charter_capital": 518278940000.0,
  "revenue": 5896934190147.0,
  "revenue_ttm": 5896934190147.0,
  "net_income": 82571530158.0,
  "net_income_ttm": 82571530158.0,
  "total_assets": 2790463776522.0,
  "total_equity": 576230260150.0,
  "total_liabilities": 2214233516372.0,
  "total_debt": 2214233516372.0,
  "current_assets": 2724937039326.0,
  "current_liabilities": 2211949304173.0,
  "cash": 104184219922.0,
  "accounts_receivable": 723054734073.0,
  "fixed_assets": 65484277196.0,
  "ppe": 65484277196.0,
  "depreciation": 10658496792.0,
  "roe": 14.70659074,
  "roa": 2.79686535,
  "roic": 3.5465787,
  "net_profit_margin": 1.4490942066852106,
  "net_margin": 1.4490942066852106,
  "gross_profit_margin": 5.629426651456878,
  "gross_margin": 5.629426651456878,
  "ebit_margin": 1.3151855204295808,
  "pe_ratio": 10.5173475306,
  "pb_ratio": 1.4750953448,
  "ps_ratio": 0.1490969814,
  "ev_ebitda": 26.6668379777,
  "ebitda": 85635068419.0,
  "dividend_per_share": 0.0,
  "eps": 1593.9387084684552,
  "eps_ttm": 1593.9387084684552,
  "earnings_per_share": 1593.9387084684552,
  "bvps": 11117.9253988981,
  "book_value_per_share": 11117.9253988981,
  "market_cap": 849977461600.0,
  "debt_to_equity": 3.8426192956,
  "current_ratio": 1.2319165879,
  "quick_ratio": 0.3739863985,
  "cash_ratio": 0.0471006364,
  "interest_coverage": -1.543391815156912,
  "asset_turnover": 1.9300783429,
  "inventory_turnover": 7.6379856963,
  "fixed_asset_turnover": 82.2901187949,
  "current_price": 16400.0,
  "working_capital": 512987735153.0
}