{
  "symbol": "PSE",
  "data_source": "VCI",
  "data_period": "year",
  "last_updated": "2025-11-17T14:38:50.248704",
  "name": "Công ty Cổ phần Phân bón và hóa chất dầu khí Đông Nam Bộ",
  "exchange": "HNX",
  "sector": "Hóa chất",
  "shares_outstanding": 12500000.0,
  "charter_capital": 125000000000.0,
  "revenue": 3187749529913.0,
  "revenue_ttm": 3187749529913.0,
  "net_income": 18935521837.0,
  "net_income_ttm": 18935521837.0,
  "total_assets": 243861417635.0,
  "total_equity": 171311734555.0,
  "total_liabilities": 72549683080.0,
  "total_debt": 72549683080.0,
  "current_assets": 222645862465.0,
  "current_liabilities": 72407083080.0,
  "cash": 18627788865.0,
  "accounts_receivable": 87169661927.0,
  "fixed_assets": 18076317799.0,
  "ppe": 18076317799.0,
  "depreciation": 1322220775.0,
  "roe": 8.414677130000001,
  "roa": 5.41002254,
  "roic": 14.18910995,
  "net_profit_margin": 0.45152038191918703,
  "net_margin": 0.45152038191918703,
  "gross_profit_margin": 2.5837845450643675,
  "gross_margin": 2.5837845450643675,
  "ebit_margin": 0.7728248607280662,
  "pe_ratio": 9.2418894765,
  "pb_ratio": 0.7661471664,
  "ps_ratio": 0.0417290147,
  "ev_ebitda": 4.39418467,
  "ebitda": 25629831150.0,
  "dividend_per_share": 0.0,
  "eps": 1136.13131024,
  "eps_ttm": 1136.13131024,
  "earnings_per_share": 1136.13131024,
  "bvps": 13704.9387644,
  "book_value_per_share": 13704.9387644,
  "market_cap": 131250000000.0,
  "debt_to_equity": 0.4234951171,
  "current_ratio": 3.0749182676,
  "quick_ratio": 1.4611478089,
  "cash_ratio": 0.2572647326,
  "interest_coverage": -57.90520682089199,
  "asset_turnover": 11.9817903243,
  "inventory_turnover": 40.7410708576,
  "fixed_asset_turnover": 170.435338607,
  "current_price": 11100.0,
  "working_capital": 150238779385.0
}