{
  "symbol": "PSI",
  "data_source": "VCI",
  "data_period": "year",
  "last_updated": "2025-11-17T14:40:13.232918",
  "name": "Công ty Cổ phần Chứng khoán Dầu khí",
  "exchange": "HNX",
  "sector": "Dịch vụ tài chính",
  "shares_outstanding": 59841300.0,
  "charter_capital": 598413000000.0,
  "revenue": 343536435590.0,
  "revenue_ttm": 343536435590.0,
  "net_income": 25904262913.0,
  "net_income_ttm": 25904262913.0,
  "total_assets": 2598633694730.0,
  "total_equity": 707656905252.0,
  "total_liabilities": 1890976789478.0,
  "total_debt": 1890976789478.0,
  "current_assets": 2554954970038.0,
  "current_liabilities": 1820976870905.0,
  "cash": 476646044128.0,
  "accounts_receivable": 91359814080.0,
  "fixed_assets": 11318566503.0,
  "ppe": 11318566503.0,
  "depreciation": 6894957430.0,
  "roe": 3.7261342099999997,
  "roa": 1.06760528,
  "roic": 5.5130732600000005,
  "net_profit_margin": 7.540470305139897,
  "net_margin": 7.540470305139897,
  "gross_profit_margin": 51.07545877765624,
  "gross_margin": 51.07545877765624,
  "ebit_margin": 36.49550741413397,
  "pe_ratio": 18.9825441392,
  "pb_ratio": 0.6680444527,
  "ps_ratio": 1.3761168279,
  "ev_ebitda": 11.8136089738,
  "ebitda": 132270322751.0,
  "dividend_per_share": 0.0,
  "eps": 432.8826899315356,
  "eps_ttm": 432.8826899315356,
  "earnings_per_share": 432.8826899315356,
  "bvps": 11825.5603613558,
  "book_value_per_share": 11825.5603613558,
  "market_cap": 472746270000.0,
  "debt_to_equity": 2.6721660955,
  "current_ratio": 1.4030683261,
  "quick_ratio": 0.4118246789,
  "cash_ratio": 0.3616539076,
  "interest_coverage": -1.3382694625885838,
  "asset_turnover": 0.1415833811,
  "inventory_turnover": 0.0,
  "fixed_asset_turnover": 34.3214056051,
  "current_price": 8100.0,
  "working_capital": 733978099133.0
}