{
  "symbol": "PSW",
  "data_source": "VCI",
  "data_period": "year",
  "last_updated": "2025-11-17T14:40:23.342717",
  "name": "Công ty Cổ phần Phân bón và hóa chất dầu khí Tây Nam Bộ",
  "exchange": "HNX",
  "sector": "Hóa chất",
  "shares_outstanding": 17000000.0,
  "charter_capital": 170000000000.0,
  "revenue": 2718477790943.0,
  "revenue_ttm": 2718477790943.0,
  "net_income": 9454163264.0,
  "net_income_ttm": 9454163264.0,
  "total_assets": 251191730090.0,
  "total_equity": 201023644168.0,
  "total_liabilities": 50168085922.0,
  "total_debt": 50168085922.0,
  "current_assets": 233458146350.0,
  "current_liabilities": 50168085922.0,
  "cash": 95399926105.0,
  "accounts_receivable": 115023551109.0,
  "fixed_assets": 17391844781.0,
  "ppe": 17391844781.0,
  "depreciation": 1502296630.0,
  "roe": 4.69207922,
  "roa": 3.52802236,
  "roic": 5.2687224,
  "net_profit_margin": 0.349060349442585,
  "net_margin": 0.349060349442585,
  "gross_profit_margin": 2.1876495451977744,
  "gross_margin": 2.1876495451977744,
  "ebit_margin": 0.4219680992645435,
  "pe_ratio": 17.3071900109,
  "pb_ratio": 0.6511671826,
  "ps_ratio": 0.0483300303,
  "ev_ebitda": 3.9745206164,
  "ebitda": 12931137829.0,
  "dividend_per_share": 0.0,
  "eps": 556.1272508235294,
  "eps_ttm": 556.1272508235294,
  "earnings_per_share": 556.1272508235294,
  "bvps": 11824.9202451765,
  "book_value_per_share": 11824.9202451765,
  "market_cap": 130900000000.0,
  "debt_to_equity": 0.2495631105,
  "current_ratio": 4.653519106,
  "quick_ratio": 4.1943692558,
  "cash_ratio": 1.9016058586,
  "interest_coverage": -19.415962121111193,
  "asset_turnover": 10.1071988322,
  "inventory_turnover": 50.4774735399,
  "fixed_asset_turnover": 151.0509857898,
  "current_price": 7700.0,
  "working_capital": 183290060428.0
}