{
  "symbol": "PTC",
  "data_source": "VCI",
  "data_period": "year",
  "last_updated": "2025-11-17T16:55:13.650207",
  "name": "Công ty Cổ phần Đầu tư ICAPITAL",
  "exchange": "HSX",
  "sector": "Xây dựng và Vật liệu",
  "shares_outstanding": 32307324.0,
  "charter_capital": 323073240000.0,
  "revenue": 50000000.0,
  "revenue_ttm": 50000000.0,
  "net_income": 19358133621.0,
  "net_income_ttm": 19358133621.0,
  "total_assets": 405203327651.0,
  "total_equity": 378166368226.0,
  "total_liabilities": 27036959425.0,
  "total_debt": 27036959425.0,
  "current_assets": 230848343602.0,
  "current_liabilities": 27036959425.0,
  "cash": 3065942977.0,
  "accounts_receivable": 7566632938.0,
  "fixed_assets": 2625473232.0,
  "ppe": 2625473232.0,
  "depreciation": 772949352.0,
  "roe": 5.37749183,
  "roa": 2.47956866,
  "roic": -1.07495791,
  "net_profit_margin": 496.5847559126283,
  "net_margin": 496.5847559126283,
  "gross_profit_margin": 1.0,
  "gross_margin": 1.0,
  "ebit_margin": -105.31952538132651,
  "pe_ratio": 12.4668893709,
  "pb_ratio": 0.6381733823,
  "ps_ratio": 6190.8672152354,
  "ev_ebitda": -72.6254000688,
  "ebitda": -3332672943.0,
  "dividend_per_share": 0.0,
  "eps": 599.1871570978766,
  "eps_ttm": 599.1871570978766,
  "earnings_per_share": 599.1871570978766,
  "bvps": 11705.282932935,
  "book_value_per_share": 11705.282932935,
  "market_cap": 241335710280.0,
  "debt_to_equity": 0.0714948808,
  "current_ratio": 8.5382509169,
  "quick_ratio": 8.7786557824,
  "cash_ratio": 8.4987932129,
  "interest_coverage": 23.259945429504747,
  "asset_turnover": 4.99324e-05,
  "inventory_turnover": 0.0,
  "fixed_asset_turnover": 0.0001005304,
  "current_price": 7480.0,
  "working_capital": 203811384177.0
}