{
  "symbol": "PTD",
  "data_source": "VCI",
  "data_period": "year",
  "last_updated": "2025-11-17T14:40:32.092845",
  "name": "Công ty Cổ phần Thiết kế - Xây dựng - Thương mại Phúc Thịnh",
  "exchange": "HNX",
  "sector": "Xây dựng và Vật liệu",
  "shares_outstanding": 4999933.0,
  "charter_capital": 49999330000.0,
  "revenue": 250104305668.0,
  "revenue_ttm": 250104305668.0,
  "net_income": -33662087867.0,
  "net_income_ttm": -33662087867.0,
  "total_assets": 203567404197.0,
  "total_equity": 20600445611.0,
  "total_liabilities": 182966958586.0,
  "total_debt": 182966958586.0,
  "current_assets": 156623564652.0,
  "current_liabilities": 166544296103.0,
  "cash": 25121030506.0,
  "accounts_receivable": 69863358325.0,
  "fixed_assets": 756108023.0,
  "ppe": 756108023.0,
  "depreciation": 2307725895.0,
  "roe": -89.01261082,
  "roa": -15.174202949999998,
  "roic": -22.26726546,
  "net_profit_margin": -13.459219655212419,
  "net_margin": -13.459219655212419,
  "gross_profit_margin": 6.581924491876596,
  "gross_margin": 6.581924491876596,
  "ebit_margin": -11.495409384180997,
  "pe_ratio": -0.8317851498,
  "pb_ratio": 1.3616710718,
  "ps_ratio": 0.1119517904,
  "ev_ebitda": -4.2126326051,
  "ebitda": -26442787929.0,
  "dividend_per_share": 0.0,
  "eps": -6732.507789004373,
  "eps_ttm": -6732.507789004373,
  "earnings_per_share": -6732.507789004373,
  "bvps": 4112.5937945568,
  "book_value_per_share": 4112.5937945568,
  "market_cap": 27999624800.0,
  "debt_to_equity": 8.8816990681,
  "current_ratio": 0.940431875,
  "quick_ratio": 0.570325079,
  "cash_ratio": 0.150836931,
  "interest_coverage": 3.302503592429931,
  "asset_turnover": 1.1274207076,
  "inventory_turnover": 4.4201786761,
  "fixed_asset_turnover": 273.2316863097,
  "current_price": 5600.0,
  "working_capital": -9920731451.0
}