{
  "symbol": "PTI",
  "data_source": "VCI",
  "data_period": "year",
  "last_updated": "2025-11-17T14:40:40.967643",
  "name": "Tổng Công ty Cổ phần Bảo hiểm Bưu điện",
  "exchange": "HNX",
  "sector": "Bảo hiểm",
  "shares_outstanding": 120592129.0,
  "charter_capital": 1205921290000.0,
  "revenue": 4725346643382.0,
  "revenue_ttm": 4725346643382.0,
  "net_income": 321752289834.0,
  "net_income_ttm": 321752289834.0,
  "total_assets": 8424304411890.0,
  "total_equity": 2385953251880.0,
  "total_liabilities": 6038351160010.0,
  "total_debt": 6038351160010.0,
  "current_assets": 6756021842951.0,
  "current_liabilities": 6029068165104.0,
  "cash": 30380550719.0,
  "accounts_receivable": 1053587782485.0,
  "fixed_assets": 440008988797.0,
  "ppe": 440008988797.0,
  "depreciation": 27615857047.0,
  "roe": 14.482836639999999,
  "roa": 3.86553627,
  "roic": -7.42963866,
  "net_profit_margin": 9.673038527987659,
  "net_margin": 9.673038527987659,
  "ebit_margin": -6.004590662390122,
  "pe_ratio": 10.5612147522,
  "pb_ratio": 1.3838869267,
  "ev_ebitda": -20.7335748192,
  "ebitda": -172064055642.0,
  "dividend_per_share": 0.0,
  "eps": 4001.114866739965,
  "eps_ttm": 4001.114866739965,
  "earnings_per_share": 4001.114866739965,
  "bvps": 29626.6979677112,
  "book_value_per_share": 29626.6979677112,
  "market_cap": 3296224069000.0,
  "debt_to_equity": 2.5307918985,
  "current_ratio": 1.1205747983,
  "quick_ratio": 0.1797903596,
  "cash_ratio": 0.0050390126,
  "asset_turnover": 0.4676149996,
  "current_price": 38700.0,
  "working_capital": 726953677847.0
}