{
  "symbol": "PTL",
  "data_source": "VCI",
  "data_period": "year",
  "last_updated": "2025-11-17T16:55:24.193672",
  "name": "Công ty Cổ phần Victory Group",
  "exchange": "HSX",
  "sector": "Bất động sản",
  "shares_outstanding": 100000000.0,
  "charter_capital": 1000000000000.0,
  "revenue": 279274237552.0,
  "revenue_ttm": 279274237552.0,
  "net_income": -41738490902.0,
  "net_income_ttm": -41738490902.0,
  "total_assets": 1118590517425.0,
  "total_equity": 486735594086.0,
  "total_liabilities": 631854923339.0,
  "total_debt": 631854923339.0,
  "current_assets": 695263849921.0,
  "current_liabilities": 597128848166.0,
  "cash": 15445880683.0,
  "accounts_receivable": 440416446143.0,
  "fixed_assets": 79783260312.0,
  "ppe": 79783260312.0,
  "depreciation": 21215818718.0,
  "roe": -10.62233757,
  "roa": -5.4629113799999995,
  "roic": 1.1354406,
  "net_profit_margin": -17.956519395521546,
  "net_margin": -17.956519395521546,
  "gross_profit_margin": 18.781157516733906,
  "gross_margin": 18.781157516733906,
  "ebit_margin": 2.598394869582472,
  "pe_ratio": -6.2904767306,
  "pb_ratio": 0.7059089777,
  "ps_ratio": 1.1295506742,
  "ev_ebitda": 14.71264954,
  "ebitda": 28185967676.0,
  "dividend_per_share": 0.0,
  "eps": -481.68050368,
  "eps_ttm": -481.68050368,
  "earnings_per_share": -481.68050368,
  "bvps": 4292.33809965,
  "book_value_per_share": 4292.33809965,
  "market_cap": 303000000000.0,
  "debt_to_equity": 1.2981481753,
  "current_ratio": 1.1643447676,
  "quick_ratio": 0.7634237204,
  "cash_ratio": 0.0258669142,
  "interest_coverage": -2.759590356490323,
  "asset_turnover": 0.3042299715,
  "inventory_turnover": 1.4927642041,
  "fixed_asset_turnover": 3.4959613571,
  "current_price": 3080.0,
  "working_capital": 98135001755.0
}