{
  "symbol": "PTS",
  "data_source": "VCI",
  "data_period": "year",
  "last_updated": "2025-11-17T14:40:49.565740",
  "name": "Công ty Cổ phần Vận tải và Dịch vụ Petrolimex Hải Phòng",
  "exchange": "HNX",
  "sector": "Hàng & Dịch vụ Công nghiệp",
  "shares_outstanding": 5568000.0,
  "charter_capital": 55680000000.0,
  "revenue": 381961444967.0,
  "revenue_ttm": 381961444967.0,
  "net_income": 3821309111.0,
  "net_income_ttm": 3821309111.0,
  "total_assets": 225423613501.0,
  "total_equity": 97493134824.0,
  "total_liabilities": 127930478677.0,
  "total_debt": 127930478677.0,
  "current_assets": 44773330824.0,
  "current_liabilities": 83630994757.0,
  "cash": 3809921091.0,
  "accounts_receivable": 16047168513.0,
  "fixed_assets": 156772225228.0,
  "ppe": 156772225228.0,
  "depreciation": 25379349378.0,
  "roe": 3.96277028,
  "roa": 1.5812696599999998,
  "roic": 7.60717857,
  "net_profit_margin": 1.0004436734001114,
  "net_margin": 1.0004436734001114,
  "gross_profit_margin": 11.354225265523041,
  "gross_margin": 11.354225265523041,
  "ebit_margin": 3.2490093622072704,
  "pe_ratio": 20.9196503034,
  "pb_ratio": 0.6053841648,
  "ps_ratio": 0.1545203077,
  "ev_ebitda": 3.1980640962,
  "ebitda": 37789312485.0,
  "dividend_per_share": 0.0,
  "eps": 686.2983317169541,
  "eps_ttm": 686.2983317169541,
  "earnings_per_share": 686.2983317169541,
  "bvps": 17509.5428922414,
  "book_value_per_share": 17509.5428922414,
  "market_cap": 59020800000.0,
  "debt_to_equity": 1.3121998683,
  "current_ratio": 0.5353676703,
  "quick_ratio": 0.2374369653,
  "cash_ratio": 0.0455563288,
  "interest_coverage": -2.732775683378042,
  "asset_turnover": 1.5805684004,
  "inventory_turnover": 16.5415719102,
  "fixed_asset_turnover": 2.4320376548,
  "current_price": 10500.0,
  "working_capital": -38857663933.0
}