{
  "symbol": "PTX",
  "data_source": "VCI",
  "data_period": "year",
  "last_updated": "2025-11-17T14:42:13.965186",
  "name": "Công ty Cổ phần Vận tải và Dịch vụ Petrolimex Nghệ Tĩnh",
  "exchange": "HNX",
  "sector": "Điện, nước & xăng dầu khí đốt",
  "shares_outstanding": 6432453.0,
  "charter_capital": 64324530000.0,
  "revenue": 1903827510315.0,
  "revenue_ttm": 1903827510315.0,
  "net_income": 19606364046.0,
  "net_income_ttm": 19606364046.0,
  "total_assets": 194411554376.0,
  "total_equity": 102374006241.0,
  "total_liabilities": 92037548135.0,
  "total_debt": 92037548135.0,
  "current_assets": 46386663856.0,
  "current_liabilities": 89482548135.0,
  "cash": 11615270760.0,
  "accounts_receivable": 13915329470.0,
  "fixed_assets": 137851775741.0,
  "ppe": 137851775741.0,
  "depreciation": 20699000935.0,
  "roe": 19.9335345,
  "roa": 9.50006831,
  "roic": 16.12783073,
  "net_profit_margin": 1.0298393073832621,
  "net_margin": 1.0298393073832621,
  "gross_profit_margin": 8.558215485710763,
  "gross_margin": 8.558215485710763,
  "ebit_margin": 1.2277322748704607,
  "pe_ratio": 9.357148097,
  "pb_ratio": 1.614804853,
  "ps_ratio": 0.0868324684,
  "ev_ebitda": 4.4529347012,
  "ebitda": 44072905737.0,
  "dividend_per_share": 0.0,
  "eps": 3048.0384459863135,
  "eps_ttm": 3048.0384459863135,
  "earnings_per_share": 3048.0384459863135,
  "bvps": 15915.2357958931,
  "book_value_per_share": 15915.2357958931,
  "market_cap": 165314042100.0,
  "debt_to_equity": 0.8990323962,
  "current_ratio": 0.5183878289,
  "quick_ratio": 0.2853137373,
  "cash_ratio": 0.1298048726,
  "interest_coverage": -15.370060785221334,
  "asset_turnover": 9.2248064701,
  "inventory_turnover": 97.6945304661,
  "fixed_asset_turnover": 14.28540041,
  "current_price": 28000.0,
  "working_capital": -43095884279.0
}