{
  "symbol": "PV2",
  "data_source": "VCI",
  "data_period": "year",
  "last_updated": "2025-11-17T14:42:24.148839",
  "name": "Công ty Cổ phần Đầu tư PV2",
  "exchange": "HNX",
  "sector": "Bất động sản",
  "shares_outstanding": 37350000.0,
  "charter_capital": 373500000000.0,
  "revenue": 150000000000.0,
  "revenue_ttm": 150000000000.0,
  "net_income": -14209750154.0,
  "net_income_ttm": -14209750154.0,
  "total_assets": 258802788744.0,
  "total_equity": 230577592476.0,
  "total_liabilities": 28225196268.0,
  "total_debt": 28225196268.0,
  "current_assets": 117878446951.0,
  "current_liabilities": 28225196268.0,
  "cash": 55885496160.0,
  "accounts_receivable": 3774047052.0,
  "fixed_assets": 157819165.0,
  "ppe": 157819165.0,
  "depreciation": 493078392.0,
  "roe": -5.97845954,
  "roa": -4.31136505,
  "roic": -10.88801658,
  "net_profit_margin": -9.473166769333332,
  "net_margin": -9.473166769333332,
  "gross_profit_margin": -11.808562408666665,
  "gross_margin": -11.808562408666665,
  "ebit_margin": -16.736884330666665,
  "pe_ratio": -7.0968876234,
  "pb_ratio": 0.4373581965,
  "ps_ratio": 0.6723,
  "ev_ebitda": -1.8267126046,
  "ebitda": -24612248104.0,
  "dividend_per_share": 0.0,
  "eps": -380.44846463186076,
  "eps_ttm": -380.44846463186076,
  "earnings_per_share": -380.44846463186076,
  "bvps": 6173.4295174297,
  "book_value_per_share": 6173.4295174297,
  "market_cap": 100845000000.0,
  "debt_to_equity": 0.1224108378,
  "current_ratio": 4.1763552619,
  "quick_ratio": 2.747525973,
  "cash_ratio": 2.6138139869,
  "interest_coverage": 0.0,
  "asset_turnover": 0.4551133905,
  "inventory_turnover": 6.4090407224,
  "fixed_asset_turnover": 370.9580769618,
  "current_price": 2800.0,
  "working_capital": 89653250683.0
}