{
  "symbol": "PVB",
  "data_source": "VCI",
  "data_period": "year",
  "last_updated": "2025-11-17T14:42:34.308793",
  "name": "Công ty Cổ phần Bọc ống Dầu khí Việt Nam",
  "exchange": "HNX",
  "sector": "Dầu khí",
  "shares_outstanding": 21599998.0,
  "charter_capital": 215999980000.0,
  "revenue": 265172268736.0,
  "revenue_ttm": 265172268736.0,
  "net_income": 14526612284.0,
  "net_income_ttm": 14526612284.0,
  "total_assets": 453967117840.0,
  "total_equity": 381783647886.0,
  "total_liabilities": 72183469954.0,
  "total_debt": 72183469954.0,
  "current_assets": 414523887957.0,
  "current_liabilities": 68784804743.0,
  "cash": 11703240641.0,
  "accounts_receivable": 78386998011.0,
  "fixed_assets": 27711149601.0,
  "ppe": 27711149601.0,
  "depreciation": 0.0,
  "roe": 3.8676231399999996,
  "roa": 3.05192477,
  "roic": 2.14068525,
  "net_profit_margin": 5.478179280678249,
  "net_margin": 5.478179280678249,
  "gross_profit_margin": 12.719748433264769,
  "gross_margin": 12.719748433264769,
  "ebit_margin": 3.0820667175935563,
  "pe_ratio": 61.1478719871,
  "pb_ratio": 1.6859809056,
  "ps_ratio": 2.4274029236,
  "ev_ebitda": 44.3840346178,
  "ebitda": 14238829462.0,
  "dividend_per_share": 0.0,
  "eps": 672.5284087526304,
  "eps_ttm": 672.5284087526304,
  "earnings_per_share": 672.5284087526304,
  "bvps": 17675.170520201,
  "book_value_per_share": 17675.170520201,
  "market_cap": 643679940400.0,
  "debt_to_equity": 0.1890690457,
  "current_ratio": 6.0263875067,
  "quick_ratio": 1.3097404142,
  "cash_ratio": 0.1701428198,
  "interest_coverage": -6.585069910487278,
  "asset_turnover": 0.5571056757,
  "inventory_turnover": 1.8575327307,
  "fixed_asset_turnover": 9.2921932393,
  "current_price": 29900.0,
  "working_capital": 345739083214.0
}