{
  "symbol": "PVC",
  "data_source": "VCI",
  "data_period": "year",
  "last_updated": "2025-11-17T14:42:44.187895",
  "name": "Tổng Công ty Hóa chất và Dịch vụ Dầu khí - Công ty Cổ phần",
  "exchange": "HNX",
  "sector": "Dầu khí",
  "shares_outstanding": 81194463.0,
  "charter_capital": 811944630000.0,
  "revenue": 2957527782915.0,
  "revenue_ttm": 2957527782915.0,
  "net_income": 15493195671.0,
  "net_income_ttm": 15493195671.0,
  "total_assets": 2065496107000.0,
  "total_equity": 1038083996444.0,
  "total_liabilities": 1027412110556.0,
  "total_debt": 1027412110556.0,
  "current_assets": 1900892719749.0,
  "current_liabilities": 1010908353432.0,
  "cash": 420927811897.0,
  "accounts_receivable": 843659719994.0,
  "fixed_assets": 69763493570.0,
  "ppe": 69763493570.0,
  "depreciation": 21653077545.0,
  "roe": 0.35187307,
  "roa": 0.1454203,
  "roic": 0.06732679999999999,
  "net_profit_margin": 0.11156386460131432,
  "net_margin": 0.11156386460131432,
  "gross_profit_margin": 6.675217988076196,
  "gross_margin": 6.675217988076196,
  "ebit_margin": 0.03305157070390791,
  "pe_ratio": 399.0421140558,
  "pb_ratio": 0.9829180432,
  "ps_ratio": 0.3102510293,
  "ev_ebitda": 40.2222037868,
  "ebitda": 22630503190.0,
  "dividend_per_share": 0.0,
  "eps": 40.633923855127904,
  "eps_ttm": 40.633923855127904,
  "earnings_per_share": 40.633923855127904,
  "bvps": 11496.3806784583,
  "book_value_per_share": 11496.3806784583,
  "market_cap": 917497431900.0,
  "debt_to_equity": 0.9897196316,
  "current_ratio": 1.8803808607,
  "quick_ratio": 1.2509418164,
  "cash_ratio": 0.4163857292,
  "interest_coverage": -0.3171458523046947,
  "asset_turnover": 1.3034713186,
  "inventory_turnover": 6.4175801857,
  "fixed_asset_turnover": 29.6003450213,
  "current_price": 11300.0,
  "working_capital": 889984366317.0
}