{
  "symbol": "PVD",
  "data_source": "VCI",
  "data_period": "year",
  "last_updated": "2025-11-17T16:55:34.063031",
  "name": "Tổng Công ty Cổ phần Khoan và Dịch vụ khoan Dầu khí",
  "exchange": "HSX",
  "sector": "Dầu khí",
  "shares_outstanding": 556296006.0,
  "charter_capital": 5562960060000.0,
  "revenue": 9289871699307.0,
  "revenue_ttm": 9289871699307.0,
  "net_income": 697970710425.0,
  "net_income_ttm": 697970710425.0,
  "total_assets": 23614557761223.0,
  "total_equity": 16052342324403.0,
  "total_liabilities": 7562215436820.0,
  "total_debt": 7562215436820.0,
  "current_assets": 7782381355167.0,
  "current_liabilities": 4124097177363.0,
  "cash": 2203268278194.0,
  "accounts_receivable": 3469317637527.0,
  "fixed_assets": 12860927344986.0,
  "ppe": 12860927344986.0,
  "depreciation": 883531324989.0,
  "roe": 4.58160591,
  "roa": 3.08460474,
  "roic": 5.85810105,
  "net_profit_margin": 7.513429779739203,
  "net_margin": 7.513429779739203,
  "gross_profit_margin": 18.88636514709628,
  "gross_margin": 18.88636514709628,
  "ebit_margin": 12.047271380006293,
  "pe_ratio": 21.2840363281,
  "pb_ratio": 0.9399309639,
  "ps_ratio": 1.5991611238,
  "ev_ebitda": 7.8395055882,
  "ebitda": 2002489035705.0,
  "dividend_per_share": 0.0,
  "eps": 1254.4613055751474,
  "eps_ttm": 1254.4613055751474,
  "earnings_per_share": 1254.4613055751474,
  "bvps": 28406.3415551953,
  "book_value_per_share": 28406.3415551953,
  "market_cap": 14853103360200.0,
  "debt_to_equity": 0.4710973193,
  "current_ratio": 1.8870509157,
  "quick_ratio": 1.3754733877,
  "cash_ratio": 0.5342425708,
  "interest_coverage": -4.704678258044568,
  "asset_turnover": 0.4105454935,
  "inventory_turnover": 6.0531243917,
  "fixed_asset_turnover": 0.7151185328,
  "current_price": 26700.0,
  "working_capital": 3658284177804.0
}