{
  "symbol": "PVG",
  "data_source": "VCI",
  "data_period": "year",
  "last_updated": "2025-11-17T14:42:56.070441",
  "name": "Công ty Cổ phần Kinh doanh LPG Việt Nam",
  "exchange": "HNX",
  "sector": "Điện, nước & xăng dầu khí đốt",
  "shares_outstanding": 39998522.0,
  "charter_capital": 399985220000.0,
  "revenue": 5248084168978.0,
  "revenue_ttm": 5248084168978.0,
  "net_income": 12790831954.0,
  "net_income_ttm": 12790831954.0,
  "total_assets": 1655134277775.0,
  "total_equity": 496144597582.0,
  "total_liabilities": 1158989680193.0,
  "total_debt": 1158989680193.0,
  "current_assets": 1151410826050.0,
  "current_liabilities": 1000712301936.0,
  "cash": 116629249711.0,
  "accounts_receivable": 395710162796.0,
  "fixed_assets": 240807016411.0,
  "ppe": 240807016411.0,
  "depreciation": 38652590682.0,
  "roe": 2.61171074,
  "roa": 0.74045532,
  "roic": -0.90833956,
  "net_profit_margin": 0.24615317465878692,
  "net_margin": 0.24615317465878692,
  "gross_profit_margin": 8.488902236140436,
  "gross_margin": 8.488902236140436,
  "ebit_margin": -0.09136455232127748,
  "pe_ratio": 31.8311109602,
  "pb_ratio": 0.4998358092,
  "ps_ratio": 0.0477245983,
  "ev_ebitda": 4.656575733,
  "ebitda": 33905023900.0,
  "dividend_per_share": 0.0,
  "eps": 319.7826148176175,
  "eps_ttm": 319.7826148176175,
  "earnings_per_share": 319.7826148176175,
  "bvps": 12404.0732700573,
  "book_value_per_share": 12404.0732700573,
  "market_cap": 247990836400.0,
  "debt_to_equity": 2.3359917368,
  "current_ratio": 1.1505912577,
  "quick_ratio": 0.5119747319,
  "cash_ratio": 0.1165462336,
  "interest_coverage": 2.1661893806041275,
  "asset_turnover": 3.008107954,
  "inventory_turnover": 124.1601149473,
  "fixed_asset_turnover": 20.0760832245,
  "current_price": 6200.0,
  "working_capital": 150698524114.0
}