{
  "symbol": "PVP",
  "data_source": "VCI",
  "data_period": "year",
  "last_updated": "2025-11-17T16:55:43.696863",
  "name": "Công ty Cổ phần Vận tải Dầu khí Thái Bình Dương",
  "exchange": "HSX",
  "sector": "Hàng & Dịch vụ Công nghiệp",
  "shares_outstanding": 103702452.0,
  "charter_capital": 1037024520000.0,
  "revenue": 1794466662341.0,
  "revenue_ttm": 1794466662341.0,
  "net_income": 207100337610.0,
  "net_income_ttm": 207100337610.0,
  "total_assets": 3186333016347.0,
  "total_equity": 1852044145286.0,
  "total_liabilities": 1334288871061.0,
  "total_debt": 1334288871061.0,
  "current_assets": 1321371233522.0,
  "current_liabilities": 583086043563.0,
  "cash": 280519536988.0,
  "accounts_receivable": 300150143115.0,
  "fixed_assets": 1823490132726.0,
  "ppe": 1823490132726.0,
  "depreciation": 315462054380.0,
  "roe": 11.557929699999999,
  "roa": 7.019783309999999,
  "roic": 10.3397129,
  "net_profit_margin": 11.541052389339123,
  "net_margin": 11.541052389339123,
  "gross_profit_margin": 18.82978422018689,
  "gross_margin": 18.82978422018689,
  "ebit_margin": 15.987179426768517,
  "pe_ratio": 7.5376645248,
  "pb_ratio": 0.7923081637,
  "ps_ratio": 0.817730263,
  "ev_ebitda": 3.5019961343,
  "ebitda": 602346659442.0,
  "dividend_per_share": 0.0,
  "eps": 1997.0630743620218,
  "eps_ttm": 1997.0630743620218,
  "earnings_per_share": 1997.0630743620218,
  "bvps": 17859.2126759549,
  "book_value_per_share": 17859.2126759549,
  "market_cap": 1467389695800.0,
  "debt_to_equity": 0.7204411809,
  "current_ratio": 2.2661685151,
  "quick_ratio": 0.9958559059,
  "cash_ratio": 0.481094583,
  "interest_coverage": -6.854516861503166,
  "asset_turnover": 0.6082446443,
  "inventory_turnover": 98.1248997986,
  "fixed_asset_turnover": 1.0960952692,
  "current_price": 14200.0,
  "working_capital": 738285189959.0
}