{
  "symbol": "QHD",
  "data_source": "VCI",
  "data_period": "year",
  "last_updated": "2025-11-17T14:44:33.962822",
  "name": "Công ty Cổ phần Que hàn điện Việt Đức",
  "exchange": "HNX",
  "sector": "Hàng & Dịch vụ Công nghiệp",
  "shares_outstanding": 6629489.0,
  "charter_capital": 66294890000.0,
  "revenue": 358808909405.0,
  "revenue_ttm": 358808909405.0,
  "net_income": 13482260500.0,
  "net_income_ttm": 13482260500.0,
  "total_assets": 168510223693.0,
  "total_equity": 114637421148.0,
  "total_liabilities": 53872802545.0,
  "total_debt": 53872802545.0,
  "current_assets": 136795413351.0,
  "current_liabilities": 50386982545.0,
  "cash": 24412914593.0,
  "accounts_receivable": 56145394020.0,
  "fixed_assets": 28810069708.0,
  "ppe": 28810069708.0,
  "depreciation": 0.0,
  "roe": 11.78567121,
  "roa": 8.10386213,
  "roic": 13.32470507,
  "net_profit_margin": 3.795998102778899,
  "net_margin": 3.795998102778899,
  "gross_profit_margin": 14.096524279143482,
  "gross_margin": 14.096524279143482,
  "ebit_margin": 5.112906558675835,
  "pe_ratio": 16.0285945896,
  "pb_ratio": 1.8361515593,
  "ps_ratio": 0.5926498872,
  "ev_ebitda": 8.2119626438,
  "ebitda": 25295537000.0,
  "dividend_per_share": 0.0,
  "eps": 2440.353585596074,
  "eps_ttm": 2440.353585596074,
  "earnings_per_share": 2440.353585596074,
  "bvps": 20749.921108705,
  "book_value_per_share": 20749.921108705,
  "market_cap": 210491679600.0,
  "debt_to_equity": 0.46994081,
  "current_ratio": 2.7148959204,
  "quick_ratio": 1.5987920797,
  "cash_ratio": 0.4845083662,
  "interest_coverage": -16.593967744790543,
  "asset_turnover": 2.1348435664,
  "inventory_turnover": 5.4964356801,
  "fixed_asset_turnover": 11.6720156741,
  "current_price": 38100.0,
  "working_capital": 86408430806.0
}