{
  "symbol": "QNP",
  "data_source": "VCI",
  "data_period": "year",
  "last_updated": "2025-11-17T16:57:23.258026",
  "name": "Công ty Cổ phần Cảng Quy Nhơn",
  "exchange": "HSX",
  "sector": "Hàng & Dịch vụ Công nghiệp",
  "shares_outstanding": 40409950.0,
  "charter_capital": 404099500000.0,
  "revenue": 1165259415905.0,
  "revenue_ttm": 1165259415905.0,
  "net_income": 128187658057.0,
  "net_income_ttm": 128187658057.0,
  "total_assets": 1324179968538.0,
  "total_equity": 880195486786.0,
  "total_liabilities": 443984481752.0,
  "total_debt": 443984481752.0,
  "current_assets": 643918961269.0,
  "current_liabilities": 209363084640.0,
  "cash": 93717709684.0,
  "accounts_receivable": 241993853004.0,
  "fixed_assets": 604575139157.0,
  "ppe": 604575139157.0,
  "depreciation": 49656057668.0,
  "roe": 14.991365409999998,
  "roa": 9.89361438,
  "roic": 14.15631225,
  "net_profit_margin": 11.073487654039905,
  "net_margin": 11.073487654039905,
  "gross_profit_margin": 23.520881584087938,
  "gross_margin": 23.520881584087938,
  "ebit_margin": 13.99988188814898,
  "pe_ratio": 12.3922099068,
  "pb_ratio": 1.3818969914,
  "ps_ratio": 1.0507345703,
  "ev_ebitda": 6.5522566104,
  "ebitda": 211719910393.0,
  "dividend_per_share": 0.0,
  "eps": 3172.1805658507374,
  "eps_ttm": 3172.1805658507374,
  "earnings_per_share": 3172.1805658507374,
  "bvps": 21781.6524590107,
  "book_value_per_share": 21781.6524590107,
  "market_cap": 1216339495000.0,
  "debt_to_equity": 0.5044157672,
  "current_ratio": 3.0756088753,
  "quick_ratio": 1.6034897617,
  "cash_ratio": 0.447632446,
  "interest_coverage": -8.875607086197245,
  "asset_turnover": 0.8934506172,
  "inventory_turnover": 39.9999959292,
  "fixed_asset_turnover": 2.035057596,
  "current_price": 31000.0,
  "working_capital": 434555876629.0
}