{
  "symbol": "QST",
  "data_source": "VCI",
  "data_period": "year",
  "last_updated": "2025-11-17T14:44:43.448101",
  "name": "Công ty Cổ phần Sách và Thiết bị trường học Quảng Ninh",
  "exchange": "HNX",
  "sector": "Truyền thông",
  "shares_outstanding": 3240000.0,
  "charter_capital": 32400000000.0,
  "revenue": 202083050932.0,
  "revenue_ttm": 202083050932.0,
  "net_income": 10105517371.0,
  "net_income_ttm": 10105517371.0,
  "total_assets": 111774391765.0,
  "total_equity": 49708468046.0,
  "total_liabilities": 62065923719.0,
  "total_debt": 62065923719.0,
  "current_assets": 38333062599.0,
  "current_liabilities": 59769909981.0,
  "cash": 14280610441.0,
  "accounts_receivable": 17146555730.0,
  "fixed_assets": 61002891252.0,
  "ppe": 61002891252.0,
  "depreciation": 0.0,
  "roe": 20.885091720000002,
  "roa": 9.826405789999999,
  "roic": 15.930971920000001,
  "net_profit_margin": 5.000675377966488,
  "net_margin": 5.000675377966488,
  "gross_profit_margin": 16.63794694356322,
  "gross_margin": 16.63794694356322,
  "ebit_margin": 6.709236595285906,
  "pe_ratio": 9.8830699413,
  "pb_ratio": 1.90977521,
  "ps_ratio": 0.4697672544,
  "ev_ebitda": 6.7927768332,
  "ebitda": 17084180939.0,
  "dividend_per_share": 0.0,
  "eps": 3118.9868429012345,
  "eps_ttm": 3118.9868429012345,
  "earnings_per_share": 3118.9868429012345,
  "bvps": 15342.119767284,
  "book_value_per_share": 15342.119767284,
  "market_cap": 94932000000.0,
  "debt_to_equity": 1.2485986022,
  "current_ratio": 0.6413438235,
  "quick_ratio": 0.5258024678,
  "cash_ratio": 0.2389264171,
  "interest_coverage": -5.157225104858733,
  "asset_turnover": 1.965015733,
  "inventory_turnover": 20.0994125639,
  "fixed_asset_turnover": 3.276822772,
  "current_price": 29700.0,
  "working_capital": -21436847382.0
}