{
  "symbol": "QTC",
  "data_source": "VCI",
  "data_period": "year",
  "last_updated": "2025-11-17T14:44:52.891220",
  "shares_outstanding": 2700000.0,
  "charter_capital": 27000000000.0,
  "name": "QTC",
  "exchange": "Unknown",
  "sector": "Unknown",
  "revenue": 74110410430.0,
  "revenue_ttm": 74110410430.0,
  "net_income": 2248925972.0,
  "net_income_ttm": 2248925972.0,
  "total_assets": 63679541027.0,
  "total_equity": 40596349849.0,
  "total_liabilities": 23083191178.0,
  "total_debt": 23083191178.0,
  "current_assets": 49859890003.0,
  "current_liabilities": 22067772178.0,
  "cash": 7648492919.0,
  "accounts_receivable": 21268584531.0,
  "fixed_assets": 10258087230.0,
  "ppe": 10258087230.0,
  "depreciation": 1940047361.0,
  "roe": 5.56875424,
  "roa": 3.88474137,
  "roic": 5.3822969800000005,
  "net_profit_margin": 3.040453319554241,
  "net_margin": 3.040453319554241,
  "gross_profit_margin": 10.158805421241416,
  "gross_margin": 10.158805421241416,
  "ebit_margin": 3.2315209788168437,
  "pe_ratio": 37.5621508729,
  "pb_ratio": 1.6257727646,
  "ps_ratio": 0.8833693166,
  "ev_ebitda": 14.2033309957,
  "ebitda": 4330299963.0,
  "dividend_per_share": 0.0,
  "eps": 832.9355451851852,
  "eps_ttm": 832.9355451851852,
  "earnings_per_share": 832.9355451851852,
  "bvps": 14885.2290592593,
  "book_value_per_share": 14885.2290592593,
  "market_cap": 65340000000.0,
  "debt_to_equity": 0.5686026272,
  "current_ratio": 2.2593984386,
  "quick_ratio": 1.3103759282,
  "cash_ratio": 0.3465910767,
  "interest_coverage": -134.35199616974273,
  "asset_turnover": 1.2776849242,
  "inventory_turnover": 8.3800599359,
  "fixed_asset_turnover": 7.8391624495,
  "current_price": 23500.0,
  "working_capital": 27792117825.0
}