{
  "symbol": "RAL",
  "data_source": "VCI",
  "data_period": "year",
  "last_updated": "2025-11-17T16:57:32.136205",
  "name": "Công ty Cổ phần Bóng đèn Phích nước Rạng Đông",
  "exchange": "HSX",
  "sector": "Hàng cá nhân & Gia dụng",
  "shares_outstanding": 23547419.0,
  "charter_capital": 235474190000.0,
  "revenue": 8413912097362.0,
  "revenue_ttm": 8413912097362.0,
  "net_income": 593086599028.0,
  "net_income_ttm": 593086599028.0,
  "total_assets": 8308862347606.0,
  "total_equity": 3303554061670.0,
  "total_liabilities": 5005308285936.0,
  "total_debt": 5005308285936.0,
  "current_assets": 7842099023673.0,
  "current_liabilities": 5004470799542.0,
  "cash": 1572970195920.0,
  "accounts_receivable": 4363922063460.0,
  "fixed_assets": 315690951523.0,
  "ppe": 315690951523.0,
  "depreciation": 98882985221.0,
  "roe": 18.8946476,
  "roa": 7.38563221,
  "roic": 10.58256229,
  "net_profit_margin": 7.0972250570068995,
  "net_margin": 7.0972250570068995,
  "gross_profit_margin": 22.858684910221573,
  "gross_margin": 22.858684910221573,
  "ebit_margin": 8.679420667094856,
  "pe_ratio": 4.8967244942,
  "pb_ratio": 0.6593311981,
  "ps_ratio": 0.2606486683,
  "ev_ebitda": 5.0417915026,
  "ebitda": 824187318060.0,
  "dividend_per_share": 0.0,
  "eps": 25186.904731597122,
  "eps_ttm": 25186.904731597122,
  "earnings_per_share": 25186.904731597122,
  "bvps": 140293.6798156095,
  "book_value_per_share": 140293.6798156095,
  "market_cap": 2178136257500.0,
  "debt_to_equity": 1.5151283111,
  "current_ratio": 1.5670186395,
  "quick_ratio": 1.1863176942,
  "cash_ratio": 0.3143129931,
  "interest_coverage": -8.670514777915349,
  "asset_turnover": 1.0406366087,
  "inventory_turnover": 4.2413740426,
  "fixed_asset_turnover": 26.7265147614,
  "current_price": 92500.0,
  "working_capital": 2837628224131.0
}