{
  "symbol": "RCL",
  "data_source": "VCI",
  "data_period": "year",
  "last_updated": "2025-11-17T14:46:13.476745",
  "name": "Công ty Cổ phần Địa ốc Chợ Lớn",
  "exchange": "HNX",
  "sector": "Bất động sản",
  "shares_outstanding": 14135751.0,
  "charter_capital": 141357510000.0,
  "revenue": 14946403677.0,
  "revenue_ttm": 14946403677.0,
  "net_income": 1507070311.0,
  "net_income_ttm": 1507070311.0,
  "total_assets": 492854498996.0,
  "total_equity": 287232291974.0,
  "total_liabilities": 205622207022.0,
  "total_debt": 205622207022.0,
  "current_assets": 326420758881.0,
  "current_liabilities": 192320123689.0,
  "cash": 5585903564.0,
  "accounts_receivable": 207943051965.0,
  "fixed_assets": 8141581627.0,
  "ppe": 8141581627.0,
  "depreciation": 0.0,
  "roe": 0.52454574,
  "roa": 0.31271184,
  "roic": -0.03399143,
  "net_profit_margin": 10.083163438969118,
  "net_margin": 10.083163438969118,
  "gross_profit_margin": 49.896419501074874,
  "gross_margin": 49.896419501074874,
  "ebit_margin": -0.6870294702264518,
  "pe_ratio": 206.1198964576,
  "pb_ratio": 0.6272389527,
  "ps_ratio": 12.0539553122,
  "ev_ebitda": 82.2157767206,
  "ebitda": 2304174081.0,
  "dividend_per_share": 0.0,
  "eps": 108.74532160776245,
  "eps_ttm": 108.74532160776245,
  "earnings_per_share": 108.74532160776245,
  "bvps": 20725.7536286556,
  "book_value_per_share": 20725.7536286556,
  "market_cap": 180163282000.0,
  "debt_to_equity": 0.7158742689,
  "current_ratio": 1.6972782287,
  "quick_ratio": 1.1102787968,
  "cash_ratio": 0.029044821,
  "interest_coverage": 0.366726536838666,
  "asset_turnover": 0.0310132669,
  "inventory_turnover": 0.0757016789,
  "fixed_asset_turnover": 1.7907380323,
  "current_price": 11800.0,
  "working_capital": 134100635192.0
}