{
  "symbol": "RYG",
  "data_source": "VCI",
  "data_period": "year",
  "last_updated": "2025-11-17T16:57:50.228112",
  "name": "Công ty Cổ phần Sản xuất và Đầu tư Hoàng Gia",
  "exchange": "HSX",
  "sector": "Xây dựng và Vật liệu",
  "shares_outstanding": 45000000.0,
  "charter_capital": 450000000000.0,
  "revenue": 1692068298858.0,
  "revenue_ttm": 1692068298858.0,
  "net_income": 67532124160.0,
  "net_income_ttm": 67532124160.0,
  "total_assets": 2471211782392.0,
  "total_equity": 747718164266.0,
  "total_liabilities": 1723493618126.0,
  "total_debt": 1723493618126.0,
  "current_assets": 1526027552999.0,
  "current_liabilities": 1338284164221.0,
  "cash": 42242862847.0,
  "accounts_receivable": 598536744324.0,
  "fixed_assets": 293145285013.0,
  "ppe": 293145285013.0,
  "depreciation": 37722458641.0,
  "roe": 9.513267760000002,
  "roa": 3.25092763,
  "roic": 6.410242139999999,
  "net_profit_margin": 3.9893844652591297,
  "net_margin": 3.9893844652591297,
  "gross_profit_margin": 15.728642353914099,
  "gross_margin": 15.728642353914099,
  "ebit_margin": 7.331292385872287,
  "pe_ratio": 8.2179412322,
  "pb_ratio": 0.7090817718,
  "ps_ratio": 0.2978603171,
  "ev_ebitda": 10.1947257237,
  "ebitda": 161772932982.0,
  "dividend_per_share": 0.0,
  "eps": 1500.0691077111112,
  "eps_ttm": 1500.0691077111112,
  "earnings_per_share": 1500.0691077111112,
  "bvps": 15795.0753283111,
  "book_value_per_share": 15795.0753283111,
  "market_cap": 504000000000.0,
  "debt_to_equity": 2.3050043459,
  "current_ratio": 1.14028664,
  "quick_ratio": 0.4788068366,
  "cash_ratio": 0.0315649426,
  "interest_coverage": -2.190929605558223,
  "asset_turnover": 0.814894543,
  "inventory_turnover": 2.6577884396,
  "fixed_asset_turnover": 5.4206489679,
  "current_price": 11200.0,
  "working_capital": 187743388778.0
}