{
  "symbol": "S4A",
  "data_source": "VCI",
  "data_period": "year",
  "last_updated": "2025-11-17T16:59:13.492450",
  "name": "Công ty Cổ phần Thủy điện Sê San 4A",
  "exchange": "HSX",
  "sector": "Điện, nước & xăng dầu khí đốt",
  "shares_outstanding": 42200000.0,
  "charter_capital": 422000000000.0,
  "revenue": 247706529200.0,
  "revenue_ttm": 247706529200.0,
  "net_income": 88101984864.0,
  "net_income_ttm": 88101984864.0,
  "total_assets": 1040319389502.0,
  "total_equity": 553967420842.0,
  "total_liabilities": 486351968660.0,
  "total_debt": 486351968660.0,
  "current_assets": 272807608125.0,
  "current_liabilities": 199402879860.0,
  "cash": 167623331472.0,
  "accounts_receivable": 46132862362.0,
  "fixed_assets": 741866522454.0,
  "ppe": 741866522454.0,
  "depreciation": 0.0,
  "roe": 15.39688834,
  "roa": 8.63414297,
  "roic": 13.49268965,
  "net_profit_margin": 35.56708220349971,
  "net_margin": 35.56708220349971,
  "gross_profit_margin": 54.93875781535111,
  "gross_margin": 54.93875781535111,
  "ebit_margin": 52.06092880372892,
  "pe_ratio": 17.0,
  "pb_ratio": 2.5900440098,
  "ps_ratio": 5.7923382344,
  "ev_ebitda": 9.3893159691,
  "ebitda": 177752417770.0,
  "dividend_per_share": 0.0,
  "eps": 2087.7247598104263,
  "eps_ttm": 2087.7247598104263,
  "earnings_per_share": 2087.7247598104263,
  "bvps": 13127.190067346,
  "book_value_per_share": 13127.190067346,
  "market_cap": 1434800000000.0,
  "debt_to_equity": 0.8779432695,
  "current_ratio": 1.3681227087,
  "quick_ratio": 1.0719814778,
  "cash_ratio": 0.8406264322,
  "interest_coverage": -3.9519508417738245,
  "asset_turnover": 0.2427565726,
  "inventory_turnover": 58.0422489841,
  "fixed_asset_turnover": 0.3234126218,
  "current_price": 34000.0,
  "working_capital": 73404728265.0
}