{
  "symbol": "S55",
  "data_source": "VCI",
  "data_period": "year",
  "last_updated": "2025-11-17T14:46:23.965283",
  "name": "Công ty Cổ phần Sông Đà 505",
  "exchange": "HNX",
  "sector": "Xây dựng và Vật liệu",
  "shares_outstanding": 10000000.0,
  "charter_capital": 100000000000.0,
  "revenue": 583807146427.0,
  "revenue_ttm": 583807146427.0,
  "net_income": 139396614239.0,
  "net_income_ttm": 139396614239.0,
  "total_assets": 2084402115371.0,
  "total_equity": 944961032469.0,
  "total_liabilities": 1139441082902.0,
  "total_debt": 1139441082902.0,
  "current_assets": 291359319444.0,
  "current_liabilities": 284036528067.0,
  "cash": 24894117408.0,
  "accounts_receivable": 102896886646.0,
  "fixed_assets": 1501199759115.0,
  "ppe": 1501199759115.0,
  "depreciation": 40593012208.0,
  "roe": 16.03596807,
  "roa": 4.9862787200000005,
  "roic": 7.95602379,
  "net_profit_margin": 18.433547960423347,
  "net_margin": 18.433547960423347,
  "gross_profit_margin": 29.254125613612285,
  "gross_margin": 29.254125613612285,
  "ebit_margin": 26.220158709917524,
  "pe_ratio": 5.203669277,
  "pb_ratio": 0.7805945551,
  "ps_ratio": 0.9592208719,
  "ev_ebitda": 7.8183250241,
  "ebitda": 193668172561.0,
  "dividend_per_share": 0.0,
  "eps": 10761.6370333,
  "eps_ttm": 10761.6370333,
  "earnings_per_share": 10761.6370333,
  "bvps": 71740.1878287,
  "book_value_per_share": 71740.1878287,
  "market_cap": 560000000000.0,
  "debt_to_equity": 1.2058074817,
  "current_ratio": 1.0257811607,
  "quick_ratio": 0.4505909908,
  "cash_ratio": 0.0883246043,
  "interest_coverage": -2.2488803231283723,
  "asset_turnover": 0.2705002167,
  "inventory_turnover": 4.1092610659,
  "fixed_asset_turnover": 0.4320374499,
  "current_price": 56000.0,
  "working_capital": 7322791377.0
}