{
  "symbol": "SAF",
  "data_source": "VCI",
  "data_period": "year",
  "last_updated": "2025-11-17T14:46:41.790160",
  "name": "Công ty Cổ phần Lương thực Thực phẩm SAFOCO",
  "exchange": "HNX",
  "sector": "Thực phẩm và đồ uống",
  "shares_outstanding": 12046590.0,
  "charter_capital": 120465900000.0,
  "revenue": 729564394525.0,
  "revenue_ttm": 729564394525.0,
  "net_income": 47599878423.0,
  "net_income_ttm": 47599878423.0,
  "total_assets": 259095145238.0,
  "total_equity": 178881482222.0,
  "total_liabilities": 80213663016.0,
  "total_debt": 80213663016.0,
  "current_assets": 234801148291.0,
  "current_liabilities": 80213663016.0,
  "cash": 64762103989.0,
  "accounts_receivable": 43041400462.0,
  "fixed_assets": 24085896947.0,
  "ppe": 24085896947.0,
  "depreciation": 0.0,
  "roe": 26.75418196,
  "roa": 18.412060190000002,
  "roic": 29.8989428,
  "net_profit_margin": 6.576583927474077,
  "net_margin": 6.576583927474077,
  "gross_profit_margin": 19.050839585499656,
  "gross_margin": 19.050839585499656,
  "ebit_margin": 7.389511688399872,
  "pe_ratio": 16.5767575706,
  "pb_ratio": 3.5288242705,
  "ps_ratio": 0.8721474993,
  "ev_ebitda": 9.7606250628,
  "ebitda": 58037185976.0,
  "dividend_per_share": 0.0,
  "eps": 3951.315552616965,
  "eps_ttm": 3951.315552616965,
  "earnings_per_share": 3951.315552616965,
  "bvps": 14849.1384053081,
  "book_value_per_share": 14849.1384053081,
  "market_cap": 631241316000.0,
  "debt_to_equity": 0.4484179246,
  "current_ratio": 2.9271964334,
  "quick_ratio": 1.3439811922,
  "cash_ratio": 0.8073967894,
  "asset_turnover": 2.7996388998,
  "inventory_turnover": 7.6165805919,
  "fixed_asset_turnover": 28.7743532206,
  "current_price": 52300.0,
  "working_capital": 154587485275.0
}