{
  "symbol": "SAM",
  "data_source": "VCI",
  "data_period": "year",
  "last_updated": "2025-11-17T16:59:34.659300",
  "name": "Công ty Cổ phần SAM Holdings",
  "exchange": "HSX",
  "sector": "Công nghệ Thông tin",
  "shares_outstanding": 379960971.0,
  "charter_capital": 3799609710000.0,
  "revenue": 4049207198655.0,
  "revenue_ttm": 4049207198655.0,
  "net_income": 95295842453.0,
  "net_income_ttm": 95295842453.0,
  "total_assets": 6375567402549.0,
  "total_equity": 4680665279500.0,
  "total_liabilities": 1694902123049.0,
  "total_debt": 1694902123049.0,
  "current_assets": 2203990476359.0,
  "current_liabilities": 1320348118855.0,
  "cash": 547305862333.0,
  "accounts_receivable": 1075587900879.0,
  "fixed_assets": 612721326189.0,
  "ppe": 612721326189.0,
  "depreciation": 41328450865.0,
  "roe": 2.12126794,
  "roa": 1.30079919,
  "roic": 1.03221794,
  "net_profit_margin": 2.0885456398895683,
  "net_margin": 2.0885456398895683,
  "gross_profit_margin": 5.043786059989831,
  "gross_margin": 5.043786059989831,
  "ebit_margin": 1.5087473849743727,
  "pe_ratio": 36.3592922702,
  "pb_ratio": 0.7545532941,
  "ps_ratio": 0.7517866093,
  "ev_ebitda": 36.2859079308,
  "ebitda": 102255158835.0,
  "dividend_per_share": 0.0,
  "eps": 221.97096166490215,
  "eps_ttm": 221.97096166490215,
  "earnings_per_share": 221.97096166490215,
  "bvps": 10589.0466088897,
  "book_value_per_share": 10589.0466088897,
  "market_cap": 3035888158290.0,
  "debt_to_equity": 0.3621070984,
  "current_ratio": 1.6692495296,
  "quick_ratio": 1.251568295,
  "cash_ratio": 0.4369438142,
  "interest_coverage": -0.9731583529414511,
  "asset_turnover": 0.62282536,
  "inventory_turnover": 7.6678040913,
  "fixed_asset_turnover": 6.3217873414,
  "current_price": 8100.0,
  "working_capital": 883642357504.0
}