{
  "symbol": "SAV",
  "data_source": "VCI",
  "data_period": "year",
  "last_updated": "2025-11-17T16:59:44.911230",
  "name": "Công ty Cổ phần Hợp tác Kinh tế và Xuất nhập khẩu Savimex",
  "exchange": "HSX",
  "sector": "Tài nguyên Cơ bản",
  "shares_outstanding": 26429240.0,
  "charter_capital": 264292400000.0,
  "revenue": 1069161287226.0,
  "revenue_ttm": 1069161287226.0,
  "net_income": 54106249718.0,
  "net_income_ttm": 54106249718.0,
  "total_assets": 748906806155.0,
  "total_equity": 377073232897.0,
  "total_liabilities": 371833573258.0,
  "total_debt": 371833573258.0,
  "current_assets": 454512430554.0,
  "current_liabilities": 366455218976.0,
  "cash": 93082953859.0,
  "accounts_receivable": 65142982655.0,
  "fixed_assets": 92785402684.0,
  "ppe": 92785402684.0,
  "depreciation": 16674234587.0,
  "roe": 15.22360391,
  "roa": 7.933934870000001,
  "roic": 10.948941719999999,
  "net_profit_margin": 5.061800461299646,
  "net_margin": 5.061800461299646,
  "gross_profit_margin": 15.225901246429196,
  "gross_margin": 15.225901246429196,
  "ebit_margin": 4.739198937943337,
  "pe_ratio": 8.0309926953,
  "pb_ratio": 0.9218939099,
  "ps_ratio": 0.3252102602,
  "ev_ebitda": 5.0516644415,
  "ebitda": 67332154266.0,
  "dividend_per_share": 0.0,
  "eps": 2147.9287374158716,
  "eps_ttm": 2147.9287374158716,
  "earnings_per_share": 2147.9287374158716,
  "bvps": 14969.1844707605,
  "book_value_per_share": 14969.1844707605,
  "market_cap": 347621517000.0,
  "debt_to_equity": 0.9861043978,
  "current_ratio": 1.2402946036,
  "quick_ratio": 0.4317742751,
  "cash_ratio": 0.2540090823,
  "interest_coverage": -19.884008744151352,
  "asset_turnover": 1.5674135968,
  "inventory_turnover": 6.7134873491,
  "fixed_asset_turnover": 11.8845136078,
  "current_price": 13700.0,
  "working_capital": 88057211578.0
}