{
  "symbol": "SBA",
  "data_source": "VCI",
  "data_period": "year",
  "last_updated": "2025-11-17T16:59:55.181105",
  "name": "Công ty Cổ phần Sông Ba",
  "exchange": "HSX",
  "sector": "Điện, nước & xăng dầu khí đốt",
  "shares_outstanding": 60488261.0,
  "charter_capital": 604882610000.0,
  "revenue": 264112987330.0,
  "revenue_ttm": 264112987330.0,
  "net_income": 113538523202.0,
  "net_income_ttm": 113538523202.0,
  "total_assets": 1097711200897.0,
  "total_equity": 978590799793.0,
  "total_liabilities": 119120401104.0,
  "total_debt": 119120401104.0,
  "current_assets": 90315474582.0,
  "current_liabilities": 77168401106.0,
  "cash": 14396756870.0,
  "accounts_receivable": 72369139521.0,
  "fixed_assets": 981519913120.0,
  "ppe": 981519913120.0,
  "depreciation": 0.0,
  "roe": 11.43691385,
  "roa": 9.7425876,
  "roic": 13.15436468,
  "net_profit_margin": 42.988617996334106,
  "net_margin": 42.988617996334106,
  "gross_profit_margin": 59.15234177363542,
  "gross_margin": 59.15234177363542,
  "ebit_margin": 52.78260435970814,
  "pe_ratio": 15.8754864428,
  "pb_ratio": 1.7616305394,
  "ps_ratio": 6.5271892001,
  "ev_ebitda": 9.9442385149,
  "ebitda": 180073679682.0,
  "dividend_per_share": 0.0,
  "eps": 1877.0340116407049,
  "eps_ttm": 1877.0340116407049,
  "earnings_per_share": 1877.0340116407049,
  "bvps": 16178.1936464168,
  "book_value_per_share": 16178.1936464168,
  "market_cap": 1723915438500.0,
  "debt_to_equity": 0.1217264674,
  "current_ratio": 1.1703686132,
  "quick_ratio": 1.1243707936,
  "cash_ratio": 0.1865628504,
  "interest_coverage": -12.614044504945188,
  "asset_turnover": 0.2266317935,
  "inventory_turnover": 67.3051427064,
  "fixed_asset_turnover": 0.2645971319,
  "current_price": 28550.0,
  "working_capital": 13147073476.0
}