{
  "symbol": "SBG",
  "data_source": "VCI",
  "data_period": "year",
  "last_updated": "2025-11-17T17:01:13.506361",
  "name": "Công ty Cổ Phần Tập Đoàn Cơ Khí Công Nghệ Cao Siba",
  "exchange": "HSX",
  "sector": "Hàng & Dịch vụ Công nghiệp",
  "shares_outstanding": 49999963.0,
  "charter_capital": 499999630000.0,
  "revenue": 3146730983280.0,
  "revenue_ttm": 3146730983280.0,
  "net_income": 43671660323.0,
  "net_income_ttm": 43671660323.0,
  "total_assets": 1022361617955.0,
  "total_equity": 576672387299.0,
  "total_liabilities": 445689230656.0,
  "total_debt": 445689230656.0,
  "current_assets": 742685590805.0,
  "current_liabilities": 396200837982.0,
  "cash": 38578300533.0,
  "accounts_receivable": 484425502513.0,
  "fixed_assets": 184587693265.0,
  "ppe": 184587693265.0,
  "depreciation": 13646603460.0,
  "roe": 8.74433316,
  "roa": 3.9200423300000002,
  "roic": 6.4744261,
  "net_profit_margin": 1.3825668455030056,
  "net_margin": 1.3825668455030056,
  "gross_profit_margin": 2.9346526254285457,
  "gross_margin": 2.9346526254285457,
  "ebit_margin": 1.5228944895393968,
  "pe_ratio": 17.0667325271,
  "pb_ratio": 1.2875602103,
  "ps_ratio": 0.2359589855,
  "ev_ebitda": 14.0887011021,
  "ebitda": 61567996205.0,
  "dividend_per_share": 0.0,
  "eps": 870.113829724234,
  "eps_ttm": 870.113829724234,
  "earnings_per_share": 870.113829724234,
  "bvps": 11533.4412181865,
  "book_value_per_share": 11533.4412181865,
  "market_cap": 742499450550.0,
  "debt_to_equity": 0.7728638313,
  "current_ratio": 1.8745179707,
  "quick_ratio": 1.3200471905,
  "cash_ratio": 0.0973705677,
  "interest_coverage": -3.0554801014602155,
  "asset_turnover": 2.8353365618,
  "inventory_turnover": 13.7079236772,
  "fixed_asset_turnover": 16.7687582495,
  "current_price": 14750.0,
  "working_capital": 346484752823.0
}