{
  "symbol": "SBV",
  "data_source": "VCI",
  "data_period": "year",
  "last_updated": "2025-11-17T17:01:32.367494",
  "name": "Công ty Cổ phần Siam Brothers Việt Nam",
  "exchange": "HSX",
  "sector": "Bán lẻ",
  "shares_outstanding": 27366476.0,
  "charter_capital": 273664760000.0,
  "revenue": 532080134927.0,
  "revenue_ttm": 532080134927.0,
  "net_income": -35369680695.0,
  "net_income_ttm": -35369680695.0,
  "total_assets": 862251994436.0,
  "total_equity": 452739823790.0,
  "total_liabilities": 409512170646.0,
  "total_debt": 409512170646.0,
  "current_assets": 557941930073.0,
  "current_liabilities": 390896171155.0,
  "cash": 13907537440.0,
  "accounts_receivable": 245767216221.0,
  "fixed_assets": 210554066113.0,
  "ppe": 210554066113.0,
  "depreciation": 32295233469.0,
  "roe": -7.420558069999999,
  "roa": -4.18922434,
  "roic": -2.27731196,
  "net_profit_margin": -7.108973905013668,
  "net_margin": -7.108973905013668,
  "gross_profit_margin": 22.88376461064715,
  "gross_margin": 22.88376461064715,
  "ebit_margin": -3.28807285118267,
  "pe_ratio": -6.1898157885,
  "pb_ratio": 0.4835709087,
  "ps_ratio": 0.4400323892,
  "ev_ebitda": 29.5337019441,
  "ebitda": 15935898296.0,
  "dividend_per_share": 0.0,
  "eps": -1292.445570814452,
  "eps_ttm": -1292.445570814452,
  "earnings_per_share": -1292.445570814452,
  "bvps": 16543.5923788653,
  "book_value_per_share": 16543.5923788653,
  "market_cap": 218931808000.0,
  "debt_to_equity": 0.904519879,
  "current_ratio": 1.4273404839,
  "quick_ratio": 0.6643076764,
  "cash_ratio": 0.0355800644,
  "interest_coverage": 1.3659099256843,
  "asset_turnover": 0.5892867804,
  "inventory_turnover": 1.8650557321,
  "fixed_asset_turnover": 2.3954480213,
  "current_price": 8000.0,
  "working_capital": 167045758918.0
}