{
  "symbol": "SC5",
  "data_source": "VCI",
  "data_period": "year",
  "last_updated": "2025-11-17T17:01:41.718057",
  "name": "Công ty Cổ phần Xây dựng số 5",
  "exchange": "HSX",
  "sector": "Xây dựng và Vật liệu",
  "shares_outstanding": 14984550.0,
  "charter_capital": 149845500000.0,
  "revenue": 2756868392556.0,
  "revenue_ttm": 2756868392556.0,
  "net_income": 37033095390.0,
  "net_income_ttm": 37033095390.0,
  "total_assets": 2141399755304.0,
  "total_equity": 384080133041.0,
  "total_liabilities": 1757319622263.0,
  "total_debt": 1757319622263.0,
  "current_assets": 2063321228956.0,
  "current_liabilities": 1729002533460.0,
  "cash": 200623989615.0,
  "accounts_receivable": 862493847175.0,
  "fixed_assets": 10380184495.0,
  "ppe": 10380184495.0,
  "depreciation": 4159396975.0,
  "roe": 10.01892254,
  "roa": 1.58213928,
  "roic": 6.9422489,
  "net_profit_margin": 1.3433029842844684,
  "net_margin": 1.3433029842844684,
  "gross_profit_margin": 4.530517956941715,
  "gross_margin": 4.530517956941715,
  "ebit_margin": 3.4032366232402294,
  "pe_ratio": 6.9425288077,
  "pb_ratio": 0.6359302239,
  "ps_ratio": 0.0885962368,
  "ev_ebitda": 10.3183995483,
  "ebitda": 97982151765.0,
  "dividend_per_share": 0.0,
  "eps": 2471.418587144759,
  "eps_ttm": 2471.418587144759,
  "earnings_per_share": 2471.418587144759,
  "bvps": 25631.7428979182,
  "book_value_per_share": 25631.7428979182,
  "market_cap": 244248165000.0,
  "debt_to_equity": 4.5753983898,
  "current_ratio": 1.1933592861,
  "quick_ratio": 0.6148734986,
  "cash_ratio": 0.1160345261,
  "interest_coverage": -1.8583142078616086,
  "asset_turnover": 1.1777977866,
  "inventory_turnover": 3.0362018708,
  "fixed_asset_turnover": 81.9117789507,
  "current_price": 16300.0,
  "working_capital": 334318695496.0
}