{
  "symbol": "SCG",
  "data_source": "VCI",
  "data_period": "year",
  "last_updated": "2025-11-17T14:46:50.308812",
  "name": "Công ty Cổ phần Tập đoàn Xây dựng SCG",
  "exchange": "HNX",
  "sector": "Xây dựng và Vật liệu",
  "shares_outstanding": 85000000.0,
  "charter_capital": 850000000000.0,
  "revenue": 2705064519164.0,
  "revenue_ttm": 2705064519164.0,
  "net_income": 198322921141.0,
  "net_income_ttm": 198322921141.0,
  "total_assets": 8501549904096.0,
  "total_equity": 1359541783071.0,
  "total_liabilities": 7142008121025.0,
  "total_debt": 7142008121025.0,
  "current_assets": 6988808528333.0,
  "current_liabilities": 6668858121025.0,
  "cash": 78072128418.0,
  "accounts_receivable": 6162443058134.0,
  "fixed_assets": 6351897498.0,
  "ppe": 6351897498.0,
  "depreciation": 2341744627.0,
  "roe": 15.85853961,
  "roa": 2.58579782,
  "roic": 3.5389242000000003,
  "net_profit_margin": 7.312979075417266,
  "net_margin": 7.312979075417266,
  "gross_profit_margin": 9.674005249859057,
  "gross_margin": 9.674005249859057,
  "ebit_margin": 6.795729310804472,
  "pe_ratio": 27.413699358,
  "pb_ratio": 4.028019812,
  "ps_ratio": 2.0047580978,
  "ev_ebitda": 49.3089137308,
  "ebitda": 186170607032.0,
  "dividend_per_share": 0.0,
  "eps": 2327.303556035294,
  "eps_ttm": 2327.303556035294,
  "earnings_per_share": 2327.303556035294,
  "bvps": 15839.0482115412,
  "book_value_per_share": 15839.0482115412,
  "market_cap": 5423000000000.0,
  "debt_to_equity": 5.2532465055,
  "current_ratio": 1.0479767903,
  "quick_ratio": 0.9357696735,
  "cash_ratio": 0.011706971,
  "interest_coverage": -0.5572994214922046,
  "asset_turnover": 0.3535902114,
  "inventory_turnover": 4.6145762462,
  "fixed_asset_turnover": 383.8952654374,
  "current_price": 64700.0,
  "working_capital": 319950407308.0
}