{
  "symbol": "SCI",
  "data_source": "VCI",
  "data_period": "year",
  "last_updated": "2025-11-17T14:48:14.320118",
  "name": "Công ty Cổ phần SCI E&C",
  "exchange": "HNX",
  "sector": "Xây dựng và Vật liệu",
  "shares_outstanding": 30491409.0,
  "charter_capital": 304914090000.0,
  "revenue": 1007950534867.0,
  "revenue_ttm": 1007950534867.0,
  "net_income": 23311352.0,
  "net_income_ttm": 23311352.0,
  "total_assets": 1606167251768.0,
  "total_equity": 497231008882.0,
  "total_liabilities": 1108936242886.0,
  "total_debt": 1108936242886.0,
  "current_assets": 1510510946388.0,
  "current_liabilities": 1080745269590.0,
  "cash": 69154588844.0,
  "accounts_receivable": 744739574288.0,
  "fixed_assets": 90376648843.0,
  "ppe": 90376648843.0,
  "depreciation": 47616732851.0,
  "roe": 0.00468691,
  "roa": 0.0014113399999999999,
  "roic": -5.4753947,
  "net_profit_margin": 0.0023127476194132837,
  "net_margin": 0.0023127476194132837,
  "gross_profit_margin": -0.04565416873961181,
  "gross_margin": -0.04565416873961181,
  "ebit_margin": -5.6456670189186156,
  "pe_ratio": 12295.2647534128,
  "pb_ratio": 0.5764307525,
  "ps_ratio": 0.2843584429,
  "ev_ebitda": -81.7682917626,
  "ebitda": -9288798063.0,
  "dividend_per_share": 0.0,
  "eps": 0.7645219674827096,
  "eps_ttm": 0.7645219674827096,
  "earnings_per_share": 0.7645219674827096,
  "bvps": 16307.249326589,
  "book_value_per_share": 16307.249326589,
  "market_cap": 286619244600.0,
  "debt_to_equity": 2.2302234235,
  "current_ratio": 1.3976567734,
  "quick_ratio": 0.7530861913,
  "cash_ratio": 0.0639880335,
  "interest_coverage": 1.9586230765085961,
  "asset_turnover": 0.6102419939,
  "inventory_turnover": 2.0780239098,
  "fixed_asset_turnover": 10.2136307598,
  "current_price": 9400.0,
  "working_capital": 429765676798.0
}