{
  "symbol": "SCS",
  "data_source": "VCI",
  "data_period": "year",
  "last_updated": "2025-11-17T17:02:13.794349",
  "name": "Công ty Cổ phần Dịch vụ Hàng hóa Sài Gòn",
  "exchange": "HSX",
  "sector": "Du lịch và Giải trí",
  "shares_outstanding": 94886982.0,
  "charter_capital": 1020769820000.0,
  "revenue": 1036882045512.0,
  "revenue_ttm": 1036882045512.0,
  "net_income": 692827863783.0,
  "net_income_ttm": 692827863783.0,
  "total_assets": 1897525111182.0,
  "total_equity": 1405808911040.0,
  "total_liabilities": 491716200142.0,
  "total_debt": 491716200142.0,
  "current_assets": 1388384079763.0,
  "current_liabilities": 487306696369.0,
  "cash": 317288629554.0,
  "accounts_receivable": 111448088987.0,
  "fixed_assets": 374451539371.0,
  "ppe": 374451539371.0,
  "depreciation": 44786421482.0,
  "roe": 50.48671937,
  "roa": 38.48483101,
  "roic": 51.904536590000006,
  "net_profit_margin": 66.81838756701491,
  "net_margin": 66.81838756701491,
  "gross_profit_margin": 77.23340199555341,
  "gross_margin": 77.23340199555341,
  "ebit_margin": 70.37238263670517,
  "pe_ratio": 8.5298532571,
  "pb_ratio": 3.9935968295,
  "ps_ratio": 5.4145348878,
  "ev_ebitda": 6.8394894924,
  "ebitda": 774465022041.0,
  "dividend_per_share": 0.0,
  "eps": 6787.307483120925,
  "eps_ttm": 6787.307483120925,
  "earnings_per_share": 6787.307483120925,
  "bvps": 13772.046190002,
  "book_value_per_share": 13772.046190002,
  "market_cap": 5614234010000.0,
  "debt_to_equity": 0.3497745649,
  "current_ratio": 2.8490970678,
  "quick_ratio": 0.8798087975,
  "cash_ratio": 0.6511066479,
  "interest_coverage": 0.0,
  "asset_turnover": 0.5759616838,
  "inventory_turnover": 0.0,
  "fixed_asset_turnover": 2.8384945916,
  "current_price": 55300.0,
  "working_capital": 901077383394.0
}