{
  "symbol": "SD5",
  "data_source": "VCI",
  "data_period": "year",
  "last_updated": "2025-11-17T14:48:22.617740",
  "name": "Công ty Cổ phần Sông Đà 5",
  "exchange": "HNX",
  "sector": "Xây dựng và Vật liệu",
  "shares_outstanding": 25999848.0,
  "charter_capital": 259998480000.0,
  "revenue": 2337132929483.0,
  "revenue_ttm": 2337132929483.0,
  "net_income": 23645853025.0,
  "net_income_ttm": 23645853025.0,
  "total_assets": 1596792425753.0,
  "total_equity": 480432367051.0,
  "total_liabilities": 1116360058702.0,
  "total_debt": 1116360058702.0,
  "current_assets": 1304746152141.0,
  "current_liabilities": 978246543966.0,
  "cash": 174964451136.0,
  "accounts_receivable": 644559496503.0,
  "fixed_assets": 70956993991.0,
  "ppe": 70956993991.0,
  "depreciation": 30384089457.0,
  "roe": 4.93511004,
  "roa": 1.52951524,
  "roic": 3.59583105,
  "net_profit_margin": 1.0117461752691461,
  "net_margin": 1.0117461752691461,
  "gross_profit_margin": 3.8429237034398342,
  "gross_margin": 3.8429237034398342,
  "ebit_margin": 0.7838687388676947,
  "pe_ratio": 10.5174094782,
  "pb_ratio": 0.487058425,
  "ps_ratio": 0.1001220894,
  "ev_ebitda": 1.8085157983,
  "ebitda": 48704143877.0,
  "dividend_per_share": 0.0,
  "eps": 909.4612024270295,
  "eps_ttm": 909.4612024270295,
  "earnings_per_share": 909.4612024270295,
  "bvps": 18478.2759903443,
  "book_value_per_share": 18478.2759903443,
  "market_cap": 233998632000.0,
  "debt_to_equity": 2.3236570541,
  "current_ratio": 1.3337600426,
  "quick_ratio": 0.8377478589,
  "cash_ratio": 0.1788551692,
  "interest_coverage": -4.3346290812754855,
  "asset_turnover": 1.5117578683,
  "inventory_turnover": 5.8305112067,
  "fixed_asset_turnover": 31.3790679428,
  "current_price": 9000.0,
  "working_capital": 326499608175.0
}