{
  "symbol": "SD9",
  "data_source": "VCI",
  "data_period": "year",
  "last_updated": "2025-11-17T14:48:30.841636",
  "name": "Công ty Cổ phần Sông Đà 9",
  "exchange": "HNX",
  "sector": "Xây dựng và Vật liệu",
  "shares_outstanding": 34234000.0,
  "charter_capital": 342340000000.0,
  "revenue": 426909134428.0,
  "revenue_ttm": 426909134428.0,
  "net_income": 48459255727.0,
  "net_income_ttm": 48459255727.0,
  "total_assets": 1725957851929.0,
  "total_equity": 847716114442.0,
  "total_liabilities": 878241737487.0,
  "total_debt": 878241737487.0,
  "current_assets": 757159177940.0,
  "current_liabilities": 431440770862.0,
  "cash": 71439885723.0,
  "accounts_receivable": 321282870387.0,
  "fixed_assets": 933416945825.0,
  "ppe": 933416945825.0,
  "depreciation": 60457093776.0,
  "roe": 3.7348909100000003,
  "roa": 1.40590282,
  "roic": 8.43378341,
  "net_profit_margin": 5.929452427368758,
  "net_margin": 5.929452427368758,
  "gross_profit_margin": 42.17122760472657,
  "gross_margin": 42.17122760472657,
  "ebit_margin": 28.607342261166185,
  "pe_ratio": 19.5554880198,
  "pb_ratio": 0.5701210349,
  "ps_ratio": 0.9141701794,
  "ev_ebitda": 5.0342994363,
  "ebitda": 182584451006.0,
  "dividend_per_share": 0.0,
  "eps": 739.4220375649938,
  "eps_ttm": 739.4220375649938,
  "earnings_per_share": 739.4220375649938,
  "bvps": 19995.7540629783,
  "book_value_per_share": 19995.7540629783,
  "market_cap": 390267600000.0,
  "debt_to_equity": 1.0360092518,
  "current_ratio": 1.7549550925,
  "quick_ratio": 0.9102587948,
  "cash_ratio": 0.1655844569,
  "interest_coverage": -2.2892374048528246,
  "asset_turnover": 0.2371049999,
  "inventory_turnover": 1.0223037015,
  "fixed_asset_turnover": 0.4447172056,
  "current_price": 11500.0,
  "working_capital": 325718407078.0
}