{
  "symbol": "SDA",
  "data_source": "VCI",
  "data_period": "year",
  "last_updated": "2025-11-17T14:48:39.006370",
  "name": "Công ty Cổ phần SIMCO Sông Đà",
  "exchange": "HNX",
  "sector": "Hàng & Dịch vụ Công nghiệp",
  "shares_outstanding": 26206158.0,
  "charter_capital": 262061580000.0,
  "revenue": 41330743041.0,
  "revenue_ttm": 41330743041.0,
  "net_income": -100142622762.0,
  "net_income_ttm": -100142622762.0,
  "total_assets": 156120770195.0,
  "total_equity": 86379905843.0,
  "total_liabilities": 69740864352.0,
  "total_debt": 69740864352.0,
  "current_assets": 32206533110.0,
  "current_liabilities": 52561958725.0,
  "cash": 268422227.0,
  "accounts_receivable": 26212844102.0,
  "fixed_assets": 14400161420.0,
  "ppe": 14400161420.0,
  "depreciation": 0.0,
  "roe": -73.39078742000001,
  "roa": -48.36089331,
  "roic": -73.65080239000001,
  "net_profit_margin": -2.4229572321663504,
  "net_margin": -2.4229572321663504,
  "gross_profit_margin": 0.8599199260643169,
  "gross_margin": 0.8599199260643169,
  "ebit_margin": -1.7777415405310424,
  "pe_ratio": -0.7065585527,
  "pb_ratio": 0.8191329443,
  "ps_ratio": 1.7119611552,
  "ev_ebitda": -1.1594056694,
  "ebitda": -72338886969.0,
  "dividend_per_share": 0.0,
  "eps": -3821.339349400244,
  "eps_ttm": -3821.339349400244,
  "earnings_per_share": -3821.339349400244,
  "bvps": 3296.1682457612,
  "book_value_per_share": 3296.1682457612,
  "market_cap": 70756626600.0,
  "debt_to_equity": 0.8073737019,
  "current_ratio": 0.6127346448,
  "quick_ratio": 0.5038104928,
  "cash_ratio": 0.0051067775,
  "interest_coverage": 108.23164969606832,
  "asset_turnover": 0.1995944983,
  "inventory_turnover": 855.4998401549,
  "fixed_asset_turnover": 2.574580025,
  "current_price": 2700.0,
  "working_capital": -20355425615.0
}