{
  "symbol": "SDC",
  "data_source": "VCI",
  "data_period": "year",
  "last_updated": "2025-11-17T14:48:47.273342",
  "name": "Công ty Cổ phần Tư vấn Sông Đà",
  "exchange": "HNX",
  "sector": "Hàng & Dịch vụ Công nghiệp",
  "shares_outstanding": 2609710.0,
  "charter_capital": 26097100000.0,
  "revenue": 72983266076.0,
  "revenue_ttm": 72983266076.0,
  "net_income": 1614535948.0,
  "net_income_ttm": 1614535948.0,
  "total_assets": 83876321874.0,
  "total_equity": 52570626270.0,
  "total_liabilities": 31305695604.0,
  "total_debt": 31305695604.0,
  "current_assets": 62724653773.0,
  "current_liabilities": 25301141667.0,
  "cash": 8318581664.0,
  "accounts_receivable": 37969949608.0,
  "fixed_assets": 6841824890.0,
  "ppe": 6841824890.0,
  "depreciation": 1173982402.0,
  "roe": 3.17636267,
  "roa": 1.9165598799999999,
  "roic": 4.5263845300000005,
  "net_profit_margin": 2.2861629311882483,
  "net_margin": 2.2861629311882483,
  "gross_profit_margin": 18.34201733320631,
  "gross_margin": 18.34201733320631,
  "ebit_margin": 3.4930904056078433,
  "pe_ratio": 21.9813103005,
  "pb_ratio": 0.4481385742,
  "ps_ratio": 0.3218188396,
  "ev_ebitda": 5.0816147078,
  "ebitda": 3723353867.0,
  "dividend_per_share": 0.0,
  "eps": 639.349343413636,
  "eps_ttm": 639.349343413636,
  "earnings_per_share": 639.349343413636,
  "bvps": 20083.0736710209,
  "book_value_per_share": 20083.0736710209,
  "market_cap": 23487390000.0,
  "debt_to_equity": 0.5954978631,
  "current_ratio": 2.4791234561,
  "quick_ratio": 1.8295036596,
  "cash_ratio": 0.3287828578,
  "interest_coverage": -5.730207820695129,
  "asset_turnover": 0.8383303985,
  "inventory_turnover": 3.983459267,
  "fixed_asset_turnover": 13.6307365508,
  "current_price": 9000.0,
  "working_capital": 37423512106.0
}