{
  "symbol": "SDG",
  "data_source": "VCI",
  "data_period": "year",
  "last_updated": "2025-11-17T14:50:13.854082",
  "name": "Công ty Cổ phần Sadico Cần Thơ",
  "exchange": "HNX",
  "sector": "Hàng & Dịch vụ Công nghiệp",
  "shares_outstanding": 10139997.0,
  "charter_capital": 101399970000.0,
  "revenue": 1136999015273.0,
  "revenue_ttm": 1136999015273.0,
  "net_income": -52406788367.0,
  "net_income_ttm": -52406788367.0,
  "total_assets": 817042353919.0,
  "total_equity": 321186691750.0,
  "total_liabilities": 495855662169.0,
  "total_debt": 495855662169.0,
  "current_assets": 431232669325.0,
  "current_liabilities": 357400317242.0,
  "cash": 20242553498.0,
  "accounts_receivable": 217089484445.0,
  "fixed_assets": 336703439827.0,
  "ppe": 336703439827.0,
  "depreciation": 0.0,
  "roe": -10.10675474,
  "roa": -2.9967684599999997,
  "roic": -7.86953967,
  "net_profit_margin": -2.4546296917919452,
  "net_margin": -2.4546296917919452,
  "gross_profit_margin": 2.553237764235244,
  "gross_margin": 2.553237764235244,
  "ebit_margin": -4.027665718562385,
  "pe_ratio": -4.4686392218,
  "pb_ratio": 0.5136285051,
  "ps_ratio": 0.1121599581,
  "ev_ebitda": -46.2229239854,
  "ebitda": -7258229105.0,
  "dividend_per_share": 0.0,
  "eps": -2626.209639509755,
  "eps_ttm": -2626.209639509755,
  "earnings_per_share": -2626.209639509755,
  "bvps": 23363.1893126793,
  "book_value_per_share": 23363.1893126793,
  "market_cap": 121679964000.0,
  "debt_to_equity": 1.54382381,
  "current_ratio": 1.2065816635,
  "quick_ratio": 0.6640509997,
  "cash_ratio": 0.0566383199,
  "interest_coverage": 2.2109695256590465,
  "asset_turnover": 1.2208637705,
  "inventory_turnover": 8.9761409583,
  "fixed_asset_turnover": 3.3492563189,
  "current_price": 12000.0,
  "working_capital": 73832352083.0
}