{
  "symbol": "SDN",
  "data_source": "VCI",
  "data_period": "year",
  "last_updated": "2025-11-17T14:50:22.484851",
  "name": "Công ty Cổ phần Sơn Đồng Nai",
  "exchange": "HNX",
  "sector": "Xây dựng và Vật liệu",
  "shares_outstanding": 3036436.0,
  "charter_capital": 30364360000.0,
  "revenue": 124476353785.0,
  "revenue_ttm": 124476353785.0,
  "net_income": 8849948307.0,
  "net_income_ttm": 8849948307.0,
  "total_assets": 109332757705.0,
  "total_equity": 66935567748.0,
  "total_liabilities": 42397189957.0,
  "total_debt": 42397189957.0,
  "current_assets": 53058109947.0,
  "current_liabilities": 42197189957.0,
  "cash": 4588484559.0,
  "accounts_receivable": 27869367682.0,
  "fixed_assets": 1165944996.0,
  "ppe": 1165944996.0,
  "depreciation": 692121772.0,
  "roe": 13.48647482,
  "roa": 8.252046870000001,
  "roic": 15.11289277,
  "net_profit_margin": 7.396655532970183,
  "net_margin": 7.396655532970183,
  "gross_profit_margin": 29.18670151488972,
  "gross_margin": 29.18670151488972,
  "ebit_margin": 10.156735461191923,
  "pe_ratio": 10.8846188862,
  "pb_ratio": 1.2520344029,
  "ps_ratio": 0.7004350556,
  "ev_ebitda": 7.2164958334,
  "ebitda": 12844449726.0,
  "dividend_per_share": 0.0,
  "eps": 2914.584172694567,
  "eps_ttm": 2914.584172694567,
  "earnings_per_share": 2914.584172694567,
  "bvps": 22044.1226977944,
  "book_value_per_share": 22044.1226977944,
  "market_cap": 83805633600.0,
  "debt_to_equity": 0.633403008,
  "current_ratio": 1.2573849112,
  "quick_ratio": 0.7691946377,
  "cash_ratio": 0.1087391024,
  "interest_coverage": -11.523213142911459,
  "asset_turnover": 1.1156456912,
  "inventory_turnover": 4.0069519857,
  "fixed_asset_turnover": 90.735132991,
  "current_price": 27600.0,
  "working_capital": 10860919990.0
}