{
  "symbol": "SDU",
  "data_source": "VCI",
  "data_period": "year",
  "last_updated": "2025-11-17T14:50:30.536516",
  "name": "Công ty Cổ phần Đầu tư Xây dựng và Phát triển Đô thị Sông Đà",
  "exchange": "HNX",
  "sector": "Xây dựng và Vật liệu",
  "shares_outstanding": 20000000.0,
  "charter_capital": 200000000000.0,
  "revenue": 82881861309.0,
  "revenue_ttm": 82881861309.0,
  "net_income": 1259567645.0,
  "net_income_ttm": 1259567645.0,
  "total_assets": 1188416873860.0,
  "total_equity": 353859465517.0,
  "total_liabilities": 834557408343.0,
  "total_debt": 834557408343.0,
  "current_assets": 980489468515.0,
  "current_liabilities": 824925274504.0,
  "cash": 12179172690.0,
  "accounts_receivable": 425667515788.0,
  "fixed_assets": 189677323.0,
  "ppe": 189677323.0,
  "depreciation": 7465641550.0,
  "roe": 0.35658601,
  "roa": 0.10529221,
  "roic": 4.70808022,
  "net_profit_margin": 1.5197144768552944,
  "net_margin": 1.5197144768552944,
  "gross_profit_margin": 52.67101517815408,
  "gross_margin": 52.67101517815408,
  "ebit_margin": 34.05545756479652,
  "pe_ratio": 246.1161980705,
  "pb_ratio": 0.8760539994,
  "ps_ratio": 3.740263492,
  "ev_ebitda": 15.2271684146,
  "ebitda": 35691438657.0,
  "dividend_per_share": 0.0,
  "eps": 62.97838225,
  "eps_ttm": 62.97838225,
  "earnings_per_share": 62.97838225,
  "bvps": 17692.97327585,
  "book_value_per_share": 17692.97327585,
  "market_cap": 310000000000.0,
  "debt_to_equity": 2.3584430817,
  "current_ratio": 1.1885797403,
  "quick_ratio": 0.5307721328,
  "cash_ratio": 0.0147647695,
  "interest_coverage": -1.8670943802459083,
  "asset_turnover": 0.0692842081,
  "inventory_turnover": 0.0722593086,
  "fixed_asset_turnover": 413.0044440508,
  "current_price": 15500.0,
  "working_capital": 155564194011.0
}