{
  "symbol": "SEB",
  "data_source": "VCI",
  "data_period": "year",
  "last_updated": "2025-11-17T14:50:39.531092",
  "name": "Công ty Cổ phần Đầu tư và Phát triển Điện Miền Trung",
  "exchange": "HNX",
  "sector": "Điện, nước & xăng dầu khí đốt",
  "shares_outstanding": 31999969.0,
  "charter_capital": 319999690000.0,
  "revenue": 255792104003.0,
  "revenue_ttm": 255792104003.0,
  "net_income": 133527560056.0,
  "net_income_ttm": 133527560056.0,
  "total_assets": 696969656600.0,
  "total_equity": 657292530385.0,
  "total_liabilities": 39677126215.0,
  "total_debt": 39677126215.0,
  "current_assets": 192682927607.0,
  "current_liabilities": 39677126215.0,
  "cash": 59574987971.0,
  "accounts_receivable": 36153470970.0,
  "fixed_assets": 433425259051.0,
  "ppe": 433425259051.0,
  "depreciation": 36049978095.0,
  "roe": 23.734213670000003,
  "roa": 16.63576328,
  "roic": 22.77081433,
  "net_profit_margin": 45.71583776824812,
  "net_margin": 45.71583776824812,
  "gross_profit_margin": 64.11050430707458,
  "gross_margin": 64.11050430707458,
  "ebit_margin": 58.96159398502432,
  "pe_ratio": 14.0872204951,
  "pb_ratio": 3.1499158205,
  "ps_ratio": 6.1299721784,
  "ev_ebitda": 8.0990717649,
  "ebitda": 186869079903.0,
  "dividend_per_share": 0.0,
  "eps": 3654.300517916127,
  "eps_ttm": 3654.300517916127,
  "earnings_per_share": 3654.300517916127,
  "bvps": 15555.9712681284,
  "book_value_per_share": 15555.9712681284,
  "market_cap": 1567998481000.0,
  "debt_to_equity": 0.0603644867,
  "current_ratio": 4.8562722654,
  "quick_ratio": 2.4126863025,
  "cash_ratio": 1.5014945298,
  "interest_coverage": -330.6969921078831,
  "asset_turnover": 0.3638949672,
  "inventory_turnover": 37.8210766598,
  "fixed_asset_turnover": 0.5675299083,
  "current_price": 49000.0,
  "working_capital": 153005801392.0
}